customerID,gender,SeniorCitizen,tenure,PhoneService,MultipleLines,InternetService,TechSupport,Contract,PaperlessBilling,PaymentMethod,CustomerAge,AnnualIncome,MonthlyCallMinutes,AveragePaymentDelayDays,CustomerSatisfactionScore,Churn
7590-VHVEG,Female,No,1,No,Yes,DSL,No,Month-to-month,No,Electronic check,77,39408,0,11.4,6,No
5575-GNVDE,Male,No,34,Yes,No,DSL,No,One year,Yes,Mailed check,22,102292,375.1,0.5,6.6,No
3668-QPYBK,Male,No,2,Yes,No phone service,DSL,No,Month-to-month,Yes,Mailed check,43,26869,373.6,3.4,6.2,Yes
7795-CFOCW,Male,No,45,No,Yes,DSL,Yes,One year,Yes,,71,90565,0,1.4,6.8,No
9237-HQITU,Female,No,2,Yes,No,Fiber optic,No,Month-to-month,Yes,Electronic check,,83510,221.7,5.8,6.3,Yes
9305-CDSKC,Female,No,8,Yes,Yes,Fiber optic,No,Month-to-month,Yes,Electronic check,36,129218,674.7,17.7,5.6,Yes
1452-KIOVK,Male,No,22,Yes,No phone service,Fiber optic,No,Month-to-month,No,Credit card (automatic),36,38855,575.9,4.4,8.3,No
6713-OKOMC,Female,No,10,No,No,DSL,No,Month-to-month,Yes,Mailed check,60,56594,0,3.1,8.8,No
7892-POOKP,Female,No,28,Yes,Yes,Fiber optic,Yes,Month-to-month,Yes,Electronic check,24,86060,607.2,1.3,5.9,Yes
6388-TABGU,Male,No,62,Yes,No phone service,DSL,No,One year,Yes,Bank transfer (automatic),47,28651,339,1.8,8.1,No
9763-GRSKD,Male,No,13,Yes,No,DSL,No,Month-to-month,No,Mailed check,24,91399,232.7,1.6,7.7,No
7469-LKBCI,Male,No,16,Yes,Yes,No,No internet service,Two year,Yes,Credit card (automatic),28,30480,221.2,0.5,8.5,No
8091-TTVAX,Male,No,58,Yes,No,Fiber optic,No,One year,Yes,Credit card (automatic),34,75011,601.6,3.4,7.6,No
0280-XJGEX,Male,No,49,Yes,No,Fiber optic,No,Month-to-month,Yes,Bank transfer (automatic),33,40336,966,1.2,5.2,Yes
5129-JLPIS,Male,No,25,Yes,Yes,Fiber optic,Yes,Month-to-month,No,Electronic check,32,48848,472.8,3.7,9.1,No
3655-SNQYZ,Female,No,69,Yes,Yes,Fiber optic,Yes,Two year,Yes,Credit card (automatic),27,31420,571.9,1.4,9.6,No
8191-XWSZG,Female,No,52,Yes,Yes,No,No internet service,One year,Yes,Mailed check,32,67201,133.3,0.6,6.7,No
9959-WOFKT,Male,No,71,Yes,Yes,Fiber optic,No,Two year,No,Bank transfer (automatic),49,54750,453.6,1.6,6.9,No
4190-MFLUW,Female,No,10,Yes,Yes,DSL,Yes,Month-to-month,Yes,Credit card (automatic),46,61435,518.4,2.8,6.2,Yes
4183-MYFRB,Female,No,21,Yes,Yes,Fiber optic,No,Month-to-month,No,Electronic check,71,31614,524.3,1.9,5.4,No
8779-QRDMV,Male,Yes,1,No,No,DSL,No,Month-to-month,No,Electronic check,39,118449,0,4.6,5.8,Yes
1680-VDCWW,Male,No,12,Yes,No,No,No internet service,One year,No,Bank transfer (automatic),29,72692,379.9,0.9,6.9,No
1066-JKSGK,Male,No,1,Yes,Yes,No,No internet service,Month-to-month,Yes,Mailed check,26,151643,454.4,2.3,3.6,Yes
3638-WEABW,Female,No,58,Yes,No,DSL,Yes,Two year,Yes,Credit card (automatic),40,92844,755.9,1.7,7.3,No
6322-HRPFA,Male,No,49,Yes,No,DSL,Yes,Month-to-month,No,Credit card (automatic),18,103173,539.7,5.5,8,No
6865-JZNKO,Female,No,30,Yes,Yes,DSL,No,Month-to-month,Yes,Bank transfer (automatic),74,62425,412.7,3.4,7.3,No
6467-CHFZW,Male,No,47,Yes,No,Fiber optic,No,Month-to-month,Yes,Electronic check,45,65759,415.7,2.9,4.8,Yes
8665-UTDHZ,Male,No,,No,Yes,DSL,No,Month-to-month,Yes,Electronic check,39,33904,0,13.6,6.3,Yes
5248-YGIJN,Male,No,72,Yes,Yes,DSL,Yes,Two year,No,Credit card (automatic),52,148725,513.8,0.5,7.2,No
8773-HHUOZ,Female,No,17,Yes,No phone service,DSL,No,Month-to-month,Yes,Mailed check,86,39373,487.2,4.1,4.1,Yes
3841-NFECX,Female,No,71,Yes,Yes,Fiber optic,Yes,Two year,Yes,Credit card (automatic),41,38763,745.4,2.7,6.6,No
4929-XIHVW,Male,No,2,Yes,Yes,Fiber optic,No,Month-to-month,No,Credit card (automatic),29,148478,337.8,1.5,6.6,No
6827-IEAUQ,Female,Yes,27,Yes,Yes,DSL,Yes,One year,Yes,Mailed check,64,75981,310.7,0.6,6.3,No
7310-EGVHZ,Male,No,1,Yes,No,No,No internet service,Month-to-month,No,Bank transfer (automatic),70,65926,548.7,0.8,5.1,No
3413-BMNZE,Male,No,1,Yes,No,DSL,No,Month-to-month,No,Bank transfer (automatic),32,61385,175.2,0.9,9.4,No
6234-RAAPL,Female,No,72,Yes,No,Fiber optic,Yes,Two year,No,Bank transfer (automatic),27,41499,658.8,3.8,9.5,No
6047-YHPVI,Male,No,5,Yes,No,Fiber optic,No,Month-to-month,Yes,Electronic check,24,46777,224.6,9,4,Yes
6572-ADKRS,Female,No,46,Yes,No,Fiber optic,No,Month-to-month,Yes,Credit card (automatic),77,43219,253.5,0.9,7.1,No
5380-WJKOV,Male,No,34,Yes,No,Fiber optic,No,Month-to-month,Yes,,43,75366,541.7,3.6,5.3,Yes
8168-UQWWF,Female,Yes,11,Yes,Yes,Fiber optic,No,Month-to-month,Yes,Bank transfer (automatic),44,58275,586.1,2.5,3.3,Yes
8865-TNMNX,Male,No,10,Yes,No,DSL,No,One year,Yes,Mailed check,52,79648,580.8,2.7,8.2,No
9489-DEDVP,Female,No,70,Yes,Yes,DSL,No,Two year,Yes,Credit card (automatic),76,130584,394.2,5.2,7.2,No
9867-JCZSP,Female,Yes,17,Yes,Yes,No,No internet service,One year,Yes,Mailed check,27,63493,457.3,0.9,8.8,No
4671-VJLCL,Female,No,63,Yes,Yes,DSL,Yes,Two year,No,Credit card (automatic),38,31251,535.9,2.2,6,No
4080-IIARD,Female,No,13,Yes,Yes,DSL,Yes,Month-to-month,Yes,Electronic check,31,29676,504.9,3.9,7.4,No
3714-NTNFO,Female,No,49,Yes,Yes,Fiber optic,No,Month-to-month,No,Electronic check,40,42347,247.8,7.7,,No
5948-UJZLF,Male,No,2,Yes,No,DSL,No,Month-to-month,Yes,Mailed check,64,99193,318,4,6.7,No
7760-OYPDY,Female,No,2,Yes,No,Fiber optic,No,Month-to-month,Yes,Electronic check,42,35582,453.4,5.1,4.6,Yes
7639-LIAYI,Male,No,52,Yes,No,DSL,Yes,Two year,Yes,Credit card (automatic),68,45378,661.7,1.2,8.1,No
2954-PIBKO,Female,No,69,Yes,No,DSL,Yes,Two year,Yes,Credit card (automatic),73,81629,552.3,0,7.2,No
8012-SOUDQ,Female,No,43,Yes,No,Fiber optic,No,Month-to-month,Yes,Electronic check,48,46232,283.9,9.3,6.8,No
9420-LOJKX,Female,No,15,Yes,No,Fiber optic,No,Month-to-month,No,Credit card (automatic),68,105063,556.4,1.9,7.2,Yes
6575-SUVOI,Female,No,25,Yes,No,DSL,Yes,Month-to-month,No,Credit card (automatic),36,68745,803.2,6.7,7.9,No
7495-OOKFY,Female,No,8,Yes,Yes,Fiber optic,No,Month-to-month,Yes,Credit card (automatic),41,60789,650.5,1.7,6.2,Yes
4667-QONEA,Female,No,60,Yes,Yes,DSL,Yes,One year,No,Credit card (automatic),22,65864,360.8,1.4,7.5,No
1658-BYGOY,Male,No,18,Yes,No,Fiber optic,No,Month-to-month,Yes,Electronic check,44,57233,748,,3.7,Yes
8769-KKTPH,Female,No,63,Yes,No phone service,Fiber optic,No,One year,Yes,Credit card (automatic),36,56574,854.5,0.3,7.4,No
5067-XJQFU,Male,Yes,66,Yes,Yes,Fiber optic,Yes,One year,Yes,Electronic check,68,104018,459,0.9,9,No
3957-SQXML,Female,No,34,Yes,No,No,No internet service,Two year,Yes,Credit card (automatic),55,29958,736.5,0,6.9,No
5954-BDFSG,Female,Yes,72,Yes,Yes,Fiber optic,Yes,Two year,No,Credit card (automatic),49,36477,480.1,1.3,7.9,No
0434-CSFON,Female,No,,Yes,Yes,Fiber optic,No,Month-to-month,Yes,Electronic check,83,35238,798.6,3.1,7.3,No
1215-FIGMP,Male,No,60,Yes,No,Fiber optic,No,Month-to-month,No,Bank transfer (automatic),45,140588,421.4,0,6.8,No
0526-SXDJP,Male,No,72,No,No,DSL,No,Two year,No,,41,73600,0,4.1,6.9,No
0557-ASKVU,Female,No,18,Yes,No,DSL,Yes,One year,Yes,Credit card (automatic),85,38274,622.6,0.4,6.9,No
5698-BQJOH,Female,No,9,Yes,No,Fiber optic,No,Month-to-month,No,Electronic check,30,79551,570.9,4.9,4.5,Yes
5122-CYFXA,Female,No,3,Yes,Yes,DSL,Yes,Month-to-month,Yes,Electronic check,60,37418,275.9,3.3,7.1,No
8627-ZYGSZ,Male,No,47,Yes,No,Fiber optic,No,One year,Yes,Electronic check,56,50577,546,3.2,6.8,No
3410-YOQBQ,Female,No,31,Yes,Yes,DSL,Yes,Two year,Yes,Mailed check,87,39141,775.4,1.8,7.9,No
3170-NMYVV,Female,No,50,Yes,Yes,No,No internet service,Two year,Yes,Bank transfer (automatic),18,62968,603.4,0.7,6.6,No
7410-OIEDU,Male,No,10,Yes,No phone service,Fiber optic,No,Month-to-month,No,Mailed check,69,65339,574.1,1.3,8.8,No
2273-QCKXA,Male,No,1,Yes,No,DSL,Yes,Month-to-month,Yes,Mailed check,34,59401,247.2,5.9,8.1,No
0731-EBJQB,Female,No,52,Yes,Yes,No,No internet service,One year,Yes,Electronic check,45,47974,535,5.5,7.7,No
1891-QRQSA,Male,No,64,Yes,No,Fiber optic,Yes,Two year,Yes,Bank transfer (automatic),34,57127,699.8,2.3,8.7,No
8028-PNXHQ,Male,No,62,Yes,Yes,No,No internet service,Two year,No,Bank transfer (automatic),41,24577,803.1,1.3,6.4,No
5630-AHZIL,Female,No,,Yes,No,DSL,Yes,Month-to-month,No,Bank transfer (automatic),36,81925,437.3,3.7,6.9,No
2673-CXQEU,Female,No,56,Yes,Yes,Fiber optic,No,One year,Yes,Electronic check,39,63565,588.6,8.9,6.2,No
6416-JNVRK,Female,No,46,Yes,Yes,DSL,No,One year,No,Credit card (automatic),45,129730,383.2,1,8.7,No
5590-ZSKRV,Female,No,8,Yes,No,DSL,No,Month-to-month,Yes,Mailed check,29,26652,571.4,1.8,6.3,No
0191-ZHSKZ,Male,No,30,Yes,No,DSL,No,Month-to-month,Yes,Electronic check,62,41884,284.8,14,6.1,No
3887-PBQAO,Female,Yes,45,Yes,No phone service,No,No internet service,One year,No,Credit card (automatic),53,28410,733.9,1.8,7.4,No
5919-TMRGD,Female,Yes,,Yes,Yes,Fiber optic,No,Month-to-month,Yes,Electronic check,34,38285,299.1,8.3,6.3,Yes
8108-UXRQN,Female,No,11,No,No,DSL,No,Month-to-month,No,Electronic check,38,57334,0,4.6,,No
9191-MYQKX,Female,No,7,Yes,Yes,Fiber optic,No,Month-to-month,No,Bank transfer (automatic),48,134304,330.5,3.9,5.2,Yes
9919-YLNNG,Female,No,42,Yes,No,Fiber optic,Yes,Month-to-month,Yes,Bank transfer (automatic),35,40440,728.3,5.3,7.5,No
0318-ZOPWS,Female,No,49,Yes,Yes,No,No internet service,Two year,No,Bank transfer (automatic),74,20705,235.7,0,8.8,No
4445-ZJNMU,Male,No,9,Yes,No phone service,Fiber optic,No,Month-to-month,No,Credit card (automatic),44,60993,888.1,1,6.2,No
4808-YNLEU,Female,No,35,Yes,No phone service,DSL,No,One year,Yes,Bank transfer (automatic),79,25159,444.4,1.7,7.6,No
1862-QRWPE,Female,Yes,48,Yes,Yes,No,No internet service,Two year,No,Bank transfer (automatic),,81532,358.1,2.9,8.3,No
2796-NNUFI,Female,No,46,Yes,Yes,No,No internet service,Two year,No,,33,52289,519.2,0,8.4,No
3016-KSVCP,Male,No,29,No,No phone service,DSL,No,Month-to-month,Yes,Mailed check,34,46785,0,2.5,6.1,No
4767-HZZHQ,Male,No,30,Yes,Yes,Fiber optic,No,Month-to-month,No,Bank transfer (automatic),51,88043,555,4.6,7.1,No
2424-WVHPL,Male,No,1,Yes,No,Fiber optic,Yes,Month-to-month,No,,39,41899,423.4,4.5,8.5,No
7233-PAHHL,Male,No,66,Yes,Yes,DSL,Yes,Two year,No,Mailed check,58,24730,773.3,1.6,7.4,No
6067-NGCEU,Female,No,65,Yes,No,Fiber optic,No,Month-to-month,No,Credit card (automatic),52,29338,683.3,0.8,7.4,No
9848-JQJTX,Male,No,72,Yes,Yes,Fiber optic,No,Two year,No,Bank transfer (automatic),38,85208,631.4,3.6,6.7,No
8637-XJIVR,Female,No,12,Yes,Yes,Fiber optic,No,Month-to-month,Yes,Electronic check,59,77772,578.3,9.3,6.1,Yes
9803-FTJCG,Male,No,71,Yes,No,DSL,Yes,One year,Yes,Credit card (automatic),29,70585,519.4,1.4,6.6,No
0278-YXOOG,Male,Yes,5,Yes,No phone service,No,No internet service,Month-to-month,Yes,Mailed check,39,36146,501.7,7.1,6.6,Yes
3212-KXOCR,Male,No,52,Yes,No phone service,No,No internet service,Two year,Yes,Bank transfer (automatic),39,63778,574.7,1.1,6.6,No
4598-XLKNJ,Female,No,25,Yes,No,Fiber optic,No,Month-to-month,Yes,Electronic check,44,56323,531.8,2.3,2.3,Yes
6380-ARCEH,Male,No,1,Yes,Yes,No,No internet service,Month-to-month,No,Mailed check,47,107045,447.1,2.2,6.6,No
3679-XASPY,Female,No,1,Yes,Yes,No,No internet service,Month-to-month,Yes,Electronic check,44,70029,653.8,1.6,7.5,No
7123-WQUHX,Male,No,38,Yes,Yes,Fiber optic,Yes,One year,Yes,Bank transfer (automatic),61,51897,500.8,4.3,8.3,No
5386-THSLQ,Female,No,66,No,Yes,DSL,No,One year,No,Bank transfer (automatic),64,36205,0,1.9,6.5,No
3192-NQECA,Male,No,68,Yes,No,Fiber optic,Yes,Two year,Yes,Bank transfer (automatic),53,90056,662.4,2.3,4.8,Yes
6180-YBIQI,Male,No,5,No,No phone service,DSL,No,Month-to-month,No,Mailed check,70,66969,0,0.5,8.5,No
6728-DKUCO,Female,No,72,Yes,Yes,Fiber optic,No,One year,No,Electronic check,69,52554,543.1,12.8,7.3,No
9750-BOOHV,Female,No,32,No,No,DSL,No,One year,Yes,Mailed check,29,39933,0,0,8.3,No
8597-CWYHH,Male,No,43,Yes,Yes,Fiber optic,No,One year,Yes,Mailed check,52,85791,519.1,1.6,7,No
2848-YXSMW,Male,No,72,Yes,No,No,No internet service,Two year,No,Credit card (automatic),29,66499,525.5,0.8,8.9,No
0486-HECZI,Male,No,55,Yes,No,Fiber optic,No,Month-to-month,No,Electronic check,74,36743,557.5,13.6,6.6,Yes
4549-ZDQYY,Female,No,52,Yes,Yes,DSL,Yes,One year,No,Credit card (automatic),54,38254,420.4,1.2,8.3,No
5712-AHQNN,Female,Yes,43,Yes,Yes,Fiber optic,No,Month-to-month,No,Electronic check,49,88030,441.6,0,7.1,No
4846-WHAFZ,Female,Yes,37,Yes,No,Fiber optic,No,Month-to-month,No,Electronic check,79,37322,364,2.3,5.4,Yes
5256-SKJGO,Female,No,,No,No,DSL,Yes,Two year,No,Electronic check,41,27864,0,3.9,8.6,No
3071-VBYPO,Male,No,3,Yes,Yes,Fiber optic,No,Month-to-month,No,Electronic check,39,58898,464.8,2.2,7.8,No
9560-BBZXK,Female,No,36,No,Yes,DSL,No,Two year,No,Bank transfer (automatic),39,34131,0,1.5,7.4,No
5299-RULOA,Female,No,10,Yes,No,Fiber optic,No,Month-to-month,Yes,Electronic check,34,93370,773.3,7.1,5.8,Yes
8402-OOOHJ,Female,No,41,Yes,Yes,No,No internet service,Two year,Yes,Mailed check,52,69880,398.2,1.2,7.1,No
9445-ZUEQE,Male,No,27,Yes,No,Fiber optic,Yes,Month-to-month,No,Credit card (automatic),28,53326,869.4,5.1,6.2,No
1091-SOZGA,Female,No,56,Yes,Yes,Fiber optic,No,One year,No,Credit card (automatic),88,57382,736,1.9,6.2,No
2928-HLDBA,Female,Yes,6,Yes,Yes,No,No internet service,Month-to-month,No,Mailed check,33,22731,333.1,2.7,8.6,No
0404-SWRVG,Male,No,3,Yes,No,Fiber optic,No,Month-to-month,Yes,Electronic check,44,74464,504.9,6.3,7.8,Yes
6497-TILVL,Female,No,7,Yes,Yes,DSL,No,Month-to-month,Yes,Mailed check,28,87121,667.9,3.4,6.5,No
7219-TLZHO,Female,No,4,Yes,No,No,No internet service,Month-to-month,Yes,Mailed check,43,32022,512.7,5,6.2,No
4622-YNKIJ,Male,No,33,Yes,No,Fiber optic,Yes,Two year,Yes,Electronic check,46,47760,540.7,7.2,9.2,No
4412-YLTKF,Female,No,27,Yes,Yes,Fiber optic,No,Month-to-month,Yes,Electronic check,59,40996,760.5,4,5.3,Yes
6734-PSBAW,Male,No,72,Yes,No phone service,No,No internet service,Two year,Yes,Bank transfer (automatic),71,42192,898,1.9,7.7,No
3930-ZGWVE,Male,Yes,1,Yes,No,No,No internet service,Month-to-month,No,Mailed check,26,29814,426.1,0.6,8.1,No
2639-UGMAZ,Male,Yes,71,No,Yes,DSL,No,One year,No,Electronic check,18,35789,0,1.8,7,No
2876-GZYZC,Female,Yes,13,Yes,No,Fiber optic,No,Month-to-month,No,Electronic check,21,76514,647.2,5.2,5.8,No
6207-WIOLX,Female,No,25,No,Yes,DSL,No,Month-to-month,No,Credit card (automatic),32,31519,0,5.4,8.1,Yes
8587-XYZSF,Male,No,67,Yes,No phone service,DSL,Yes,Two year,Yes,Bank transfer (automatic),63,40778,602.2,1.1,7.3,No
3091-FYHKI,Male,Yes,1,No,No,DSL,No,Month-to-month,Yes,Electronic check,50,22151,0,8.7,7.2,Yes
2372-HWUHI,Male,Yes,2,Yes,No,DSL,No,Month-to-month,Yes,Electronic check,54,77987,548.7,4.8,5.2,Yes
7799-LGRDP,Female,Yes,,Yes,No,No,No internet service,Two year,No,Credit card (automatic),35,37425,285.9,0.7,7.3,No
7850-VWJUU,Female,No,,Yes,Yes,Fiber optic,No,Month-to-month,Yes,Bank transfer (automatic),36,66974,333.7,0.3,6.5,No
3774-VBNXY,Female,No,64,Yes,No,No,No internet service,Two year,No,Mailed check,35,57397,532.8,1.1,7.2,No
6217-KDYWC,Male,No,57,Yes,No,No,No internet service,Two year,Yes,Mailed check,45,,367.5,5.1,6.1,No
0390-DCFDQ,Female,No,1,Yes,Yes,Fiber optic,No,Month-to-month,Yes,Mailed check,48,29419,544.7,1.9,6.1,Yes
3146-MSEGF,Female,No,72,Yes,Yes,DSL,Yes,Two year,Yes,Credit card (automatic),38,105472,749,2.4,9.7,No
4080-OGPJL,Female,No,8,Yes,No,DSL,Yes,Month-to-month,Yes,Electronic check,35,83967,544,3.7,6.3,Yes
1095-WGNGG,Female,Yes,61,Yes,No,Fiber optic,No,Two year,Yes,Bank transfer (automatic),80,35808,715.9,0,7.7,No
2636-SJDOU,Male,No,64,Yes,No,Fiber optic,No,One year,Yes,,66,38408,743.2,1.1,5.9,No
1131-QQZEB,Male,No,,Yes,No,No,No internet service,Two year,Yes,Bank transfer (automatic),45,44907,549.6,1.1,9.5,No
5716-EZXZN,Female,No,65,Yes,No phone service,Fiber optic,Yes,Two year,No,Credit card (automatic),40,38189,687.7,0.1,9.9,No
6837-BJYDQ,Male,No,3,Yes,No,No,No internet service,One year,Yes,Mailed check,31,20612,589.8,0.5,6.7,No
2135-RXIHG,Male,No,1,Yes,No,DSL,No,Month-to-month,Yes,Electronic check,50,71697,425.8,3,4.9,Yes
6440-DKQGE,Male,No,30,Yes,No,DSL,No,One year,Yes,Credit card (automatic),32,64487,423.2,0.7,5.8,No
3466-BYAVD,Male,No,15,Yes,No,DSL,Yes,Month-to-month,No,Mailed check,42,39224,653.3,1.7,8.7,No
3780-YVMFA,Female,No,,Yes,No,DSL,Yes,Month-to-month,Yes,Electronic check,45,52140,644.9,1.3,6.6,No
3874-EQOEP,Male,No,7,Yes,No phone service,Fiber optic,No,Month-to-month,Yes,Mailed check,41,23518,575.1,4.4,5.7,Yes
1679-JRFBR,Female,No,70,Yes,No,Fiber optic,No,One year,Yes,Credit card (automatic),61,77127,575,2.5,6,No
9073-ZZIAY,Male,No,62,Yes,Yes,DSL,Yes,Two year,No,Electronic check,40,46072,417.5,6.3,8.1,No
3077-RSNTJ,Female,No,6,Yes,No phone service,No,No internet service,Month-to-month,No,Mailed check,36,88918,520.6,4.1,7.1,No
6551-GNYDG,Female,No,14,Yes,No,Fiber optic,No,Month-to-month,Yes,Bank transfer (automatic),31,46665,400.7,1.4,4.8,No
9167-APMXZ,Female,No,22,Yes,Yes,Fiber optic,No,Month-to-month,Yes,Bank transfer (automatic),44,96361,589.9,0.6,4,No
2749-CTKAJ,Male,No,22,Yes,No,No,No internet service,One year,No,Mailed check,55,51365,669.5,0.5,8.7,No
6371-NZYEG,Male,No,16,Yes,Yes,DSL,No,Two year,Yes,Mailed check,65,53028,49.6,1.8,9.7,No
7554-NEWDD,Male,No,,Yes,Yes,No,No internet service,Two year,Yes,Bank transfer (automatic),58,35510,708.1,1,6.8,No
8992-VONJD,Female,No,13,Yes,Yes,DSL,No,Month-to-month,No,Electronic check,56,78507,392.8,4,8.4,No
0867-MKZVY,Female,No,20,Yes,No,Fiber optic,No,Month-to-month,Yes,Electronic check,35,73730,427.6,5.5,4.8,Yes
4482-EWFMI,Female,No,2,Yes,Yes,Fiber optic,No,Month-to-month,No,Electronic check,41,48112,707.7,2.1,7.9,No
4648-YPBTM,Male,No,53,Yes,No,DSL,Yes,Two year,Yes,Bank transfer (automatic),45,26522,534.8,0.7,9.5,No
2907-ILJBN,Female,No,11,Yes,Yes,No,No internet service,One year,No,Mailed check,19,44383,614.4,0,7.2,No
6345-FZOQH,Male,No,69,Yes,No phone service,No,No internet service,Two year,No,Mailed check,44,69728,544.5,1.6,8.8,No
3376-BMGFE,Female,Yes,4,Yes,No,Fiber optic,No,Month-to-month,No,Bank transfer (automatic),34,62737,663.7,4,4.1,Yes
5997-OPVFA,Male,No,72,Yes,No,DSL,Yes,Two year,Yes,Bank transfer (automatic),21,46859,471.9,0,6.3,No
3445-HXXGF,Male,No,58,No,No,DSL,No,Month-to-month,No,Electronic check,56,62835,0,8.2,5.3,Yes
1159-WFSGR,Female,No,16,Yes,No,No,No internet service,Month-to-month,No,Electronic check,18,47719,208.3,10.9,8.6,No
7654-YWJUF,Male,No,43,Yes,No,Fiber optic,Yes,One year,No,Bank transfer (automatic),25,40929,492.1,0.5,8.8,No
1875-QIVME,Female,No,2,Yes,Yes,Fiber optic,Yes,Month-to-month,Yes,Electronic check,18,71850,687.1,1.4,7.3,Yes
6727-IOTLZ,Male,No,14,Yes,Yes,DSL,Yes,Two year,Yes,Mailed check,38,38382,780.3,0.5,6.1,No
0691-JVSYA,Female,No,53,Yes,Yes,Fiber optic,No,One year,Yes,Bank transfer (automatic),32,54361,286.7,1.7,6.4,Yes
5918-VUKWP,Female,No,32,Yes,No,No,No internet service,One year,No,Bank transfer (automatic),32,68079,462.3,2,7.6,No
1744-JHKYS,Female,No,34,Yes,No,No,No internet service,Month-to-month,No,Electronic check,60,56193,626.9,3.2,7.7,No
2656-FMOKZ,Female,No,15,Yes,No,Fiber optic,No,Month-to-month,Yes,Mailed check,50,56770,693.3,6.1,5.7,Yes
2070-FNEXE,Female,No,7,Yes,No,Fiber optic,No,Month-to-month,No,Bank transfer (automatic),68,51111,368,3.8,6.7,Yes
5947-SGKCL,Female,No,15,Yes,Yes,Fiber optic,No,Month-to-month,No,Bank transfer (automatic),,104799,570.5,3.2,6.4,No
3712-PKXZA,Male,No,61,Yes,No,No,No internet service,One year,Yes,Credit card (automatic),37,84088,460.2,0.4,6.1,No
6317-YPKDH,Female,No,1,No,Yes,DSL,No,Month-to-month,Yes,Bank transfer (automatic),46,43584,0,5.3,3.6,Yes
6582-OIVSP,Female,No,1,Yes,Yes,DSL,No,Month-to-month,No,Mailed check,34,118902,352.6,6.9,7.3,No
9367-WXLCH,Male,No,8,Yes,No,Fiber optic,No,Month-to-month,No,Bank transfer (automatic),40,43965,668.9,2.6,4.8,Yes
5524-KHNJP,Male,No,33,Yes,Yes,DSL,No,One year,No,Credit card (automatic),37,73835,447.8,0.8,8,No
1918-ZBFQJ,Female,Yes,13,Yes,No phone service,Fiber optic,No,Month-to-month,No,Electronic check,42,94021,441.2,2.7,6.6,Yes
1024-GUALD,Female,No,1,No,No,DSL,No,Month-to-month,No,Electronic check,43,35112,0,3.4,5.9,Yes
4827-USJHP,Male,No,20,Yes,No,DSL,No,Month-to-month,Yes,Mailed check,33,30212,391.9,6.7,6.1,No
8167-GJLRN,Male,No,3,No,No,DSL,Yes,Month-to-month,No,Electronic check,19,39957,0,3.2,6.2,No
0956-SYCWG,Female,No,13,Yes,No,No,No internet service,One year,No,Electronic check,30,26401,347.4,6,7,No
8017-UVSZU,Female,Yes,40,Yes,No,DSL,No,Month-to-month,No,Credit card (automatic),71,99802,636.8,2.8,7.2,No
7100-FQPRV,Male,No,43,Yes,Yes,DSL,Yes,One year,No,Credit card (automatic),32,61055,173.1,1.6,7.5,No
2472-OVKUP,Male,No,6,Yes,No,Fiber optic,No,Month-to-month,No,Electronic check,37,31406,282.5,13.3,5.9,Yes
2984-RGEYA,Female,Yes,69,Yes,No,No,No internet service,Two year,Yes,Bank transfer (automatic),37,30042,735.2,1.9,8.9,No
9680-NIAUV,Female,No,72,Yes,No,Fiber optic,No,Two year,Yes,Credit card (automatic),33,67951,645.2,2.2,6.6,No
2146-EGVDT,Male,No,59,Yes,No phone service,No,No internet service,Two year,No,Credit card (automatic),47,81787,433.4,0.6,7.3,No
2604-IJPDU,Female,No,20,Yes,No,Fiber optic,Yes,Month-to-month,No,Electronic check,59,46659,508.8,8,7.9,No
9178-JHUVJ,Male,No,24,Yes,No,No,No internet service,Two year,No,Bank transfer (automatic),39,49734,593.6,0.9,8.7,No
6168-YBYNP,Male,No,59,Yes,No,Fiber optic,Yes,Month-to-month,Yes,Electronic check,30,18496,532.3,2.8,7.5,No
7255-SSFBC,Male,No,72,Yes,Yes,Fiber optic,Yes,Two year,Yes,Bank transfer (automatic),65,63591,554.7,1.3,5.9,No
3645-DEYGF,Male,Yes,1,Yes,No,No,No internet service,Month-to-month,Yes,Mailed check,41,49597,584.1,10.5,4.6,No
9323-HGFWY,Female,No,27,Yes,No,Fiber optic,Yes,One year,Yes,Credit card (automatic),48,84970,633.7,0.9,6.6,No
8544-GOQSH,Female,No,14,Yes,No,Fiber optic,Yes,Month-to-month,Yes,Credit card (automatic),42,34084,562,2.4,7.4,No
3363-DTIVD,Male,No,71,Yes,No,Fiber optic,No,Two year,Yes,Electronic check,51,52647,745.5,1.7,8.1,No
7018-WBJNK,Male,No,13,Yes,No,Fiber optic,No,Month-to-month,Yes,Credit card (automatic),48,61036,827.3,0.2,7.8,No
9142-KZXOP,Male,No,44,Yes,No,Fiber optic,No,Month-to-month,No,Credit card (automatic),41,247474,221,1.4,4.6,No
7674-YTAFD,Female,No,33,Yes,Yes,Fiber optic,Yes,One year,Yes,Bank transfer (automatic),88,72844,733.3,0.9,8.8,No
6348-SNFUS,Male,No,72,No,No,DSL,Yes,Two year,No,Credit card (automatic),52,93022,0,1.5,7.9,No
1285-OKIPP,Male,No,1,Yes,No,Fiber optic,No,Month-to-month,No,Electronic check,26,61636,509.9,7.5,8,Yes
7825-ECJRF,Female,No,19,Yes,Yes,Fiber optic,Yes,Month-to-month,Yes,Electronic check,43,29717,30.9,9.4,5.6,Yes
1347-KTTTA,Male,No,64,Yes,Yes,Fiber optic,Yes,One year,Yes,Credit card (automatic),39,47923,124,2,6.9,No
7841-TZDMQ,Male,No,2,Yes,No,DSL,No,Month-to-month,No,Credit card (automatic),,82957,357,4.6,4.9,Yes
4195-NZGTA,Female,Yes,1,No,Yes,DSL,No,Month-to-month,Yes,Electronic check,70,48784,0,3.5,5.8,No
7157-SMCFK,Male,No,61,Yes,No,No,No internet service,Two year,Yes,Mailed check,51,24561,520.8,2.9,7.5,No
4709-LKHYG,Female,Yes,29,Yes,Yes,No,No internet service,One year,Yes,Electronic check,31,34106,691.2,12.3,9.1,No
2504-DSHIH,Male,No,23,Yes,No,Fiber optic,No,Month-to-month,Yes,Electronic check,59,98968,765.2,5.6,,No
0699-NDKJM,Female,No,57,No,No,DSL,No,Month-to-month,No,,58,92387,0,4.3,6.4,No
9286-BHDQG,Male,No,72,No,Yes,DSL,Yes,Two year,Yes,Credit card (automatic),19,71663,0,1.6,8.9,No
0230-WEQUW,Male,No,66,No,Yes,DSL,Yes,Two year,Yes,Bank transfer (automatic),52,53997,0,1.6,9.3,No
2040-LDIWQ,Male,No,65,Yes,No,DSL,Yes,Two year,Yes,Bank transfer (automatic),42,89049,561,1,6.6,No
6496-JDSSB,Female,No,8,Yes,No,Fiber optic,No,Month-to-month,Yes,Bank transfer (automatic),40,71887,449.8,6,5.6,No
9408-SSNVZ,Female,No,4,Yes,No,Fiber optic,No,Month-to-month,No,Electronic check,30,125490,606.5,3.6,6,Yes
4443-EMBNA,Female,No,71,Yes,Yes,No,No internet service,Two year,Yes,Bank transfer (automatic),40,110727,810.6,3.3,10,No
6469-MRVET,Male,No,1,Yes,Yes,No,No internet service,One year,No,Electronic check,43,59501,273.3,0,9,No
0742-MOABM,Male,No,4,Yes,Yes,DSL,Yes,Month-to-month,Yes,Mailed check,52,85135,329,3.4,5.7,Yes
5961-VUSRV,Female,No,12,Yes,No,No,No internet service,One year,No,Bank transfer (automatic),49,45225,342.8,1.9,9.7,No
6778-JFCMK,Male,No,24,No,No,DSL,No,One year,Yes,Mailed check,55,39660,0,3.9,6.7,No
6341-JVQGF,Female,No,31,Yes,Yes,DSL,Yes,One year,Yes,Mailed check,45,118952,342,3.7,8.8,No
2232-DMLXU,Female,No,1,Yes,Yes,DSL,No,Month-to-month,Yes,Mailed check,35,92996,390.9,4.8,4.4,Yes
4811-JBUVU,Male,No,30,Yes,Yes,Fiber optic,Yes,Month-to-month,Yes,Credit card (automatic),34,60387,580,0,6.9,No
0945-TSONX,Female,No,47,Yes,Yes,DSL,Yes,Two year,No,Credit card (automatic),53,92928,549.6,0.6,7.2,No
2651-ZCBXV,Male,Yes,54,Yes,No,Fiber optic,Yes,Two year,Yes,Credit card (automatic),45,79054,646.9,1.9,7.7,No
3316-UWXUY,Male,No,50,Yes,Yes,Fiber optic,Yes,Month-to-month,Yes,Credit card (automatic),76,32113,435.4,4.8,9.5,No
8937-RDTHP,Male,No,1,Yes,No,Fiber optic,No,Month-to-month,Yes,Mailed check,,61386,542,5,7.1,Yes
7083-MIOPC,Female,No,72,Yes,No,No,No internet service,Two year,Yes,Credit card (automatic),23,38370,442.1,1.8,7.3,No
1984-GPTEH,Female,No,29,Yes,No,No,No internet service,Month-to-month,Yes,Electronic check,40,71087,632,1.1,5.8,No
1251-KRREG,Male,No,2,Yes,No,DSL,No,Month-to-month,No,Mailed check,90,40939,558.5,3.9,3.5,Yes
0621-JFHOL,Female,No,10,No,Yes,DSL,Yes,Two year,Yes,Mailed check,69,102322,0,4,6.2,No
9903-LYSAB,Male,No,18,Yes,Yes,Fiber optic,No,Month-to-month,Yes,Electronic check,27,54682,562.2,0.3,4.8,No
0094-OIFMO,Female,No,11,Yes,No,Fiber optic,No,Month-to-month,Yes,Electronic check,45,25973,603.6,2.8,5.5,Yes
9227-UAQFT,Male,No,16,Yes,No,No,No internet service,Two year,Yes,Mailed check,75,82925,400.6,1.4,9.9,No
7301-ABVAD,Female,No,72,Yes,Yes,DSL,Yes,Two year,No,Bank transfer (automatic),70,65124,879.2,0,7.6,No
6614-FHDBO,Male,No,72,Yes,Yes,Fiber optic,Yes,Two year,Yes,Bank transfer (automatic),35,19640,513.1,0.3,8.4,No
7576-ASEJU,Female,No,41,Yes,Yes,DSL,Yes,One year,Yes,Credit card (automatic),82,38757,357.7,1.8,6.9,No
9058-HRZSV,Female,Yes,,Yes,No,Fiber optic,No,Month-to-month,Yes,Electronic check,40,26106,722.5,10.3,4.7,No
4522-AKYLR,Female,No,13,Yes,No,DSL,No,Month-to-month,Yes,Electronic check,27,47744,577.1,6,7.9,No
0221-WMXNQ,Male,No,4,Yes,Yes,Fiber optic,No,Month-to-month,No,Electronic check,44,32662,314.3,0,6.7,No
0303-UNCIP,Male,No,41,Yes,No,DSL,No,One year,Yes,Mailed check,25,57739,834.6,1,5.5,No
9947-OTFQU,Male,Yes,15,Yes,Yes,Fiber optic,No,Month-to-month,Yes,Electronic check,34,67032,377,8.6,6.2,Yes
0322-YINQP,Male,No,1,Yes,No phone service,DSL,No,Month-to-month,Yes,Mailed check,82,129983,300.6,4,6.1,Yes
0959-WHOKV,Male,No,42,Yes,Yes,Fiber optic,No,One year,No,Electronic check,34,72790,599.8,3.4,6.5,No
4075-JFPGR,Female,No,51,Yes,Yes,Fiber optic,No,One year,No,Electronic check,59,40155,497.6,8.7,9.1,No
4629-NRXKX,Female,No,2,Yes,Yes,Fiber optic,No,Month-to-month,Yes,Electronic check,73,55118,630.8,5.2,5.3,Yes
9514-JDSKI,Male,No,1,No,Yes,DSL,No,Month-to-month,Yes,Electronic check,27,24387,0,5.8,6.6,Yes
3282-ZISZV,Male,No,32,Yes,No,DSL,Yes,One year,Yes,Credit card (automatic),64,32333,712.5,2.1,8.3,No
3675-YDUPJ,Male,Yes,,Yes,Yes,No,No internet service,Month-to-month,No,Mailed check,38,51209,722.2,2.4,8.1,No
4111-BNXIF,Female,Yes,67,No,No,DSL,Yes,Two year,Yes,Electronic check,39,63711,0,1.2,7.7,No
7017-VFHAY,Female,No,61,Yes,No,Fiber optic,Yes,Two year,Yes,Credit card (automatic),78,53155,736,0.2,7.2,No
6655-LHBYW,Male,No,50,Yes,Yes,Fiber optic,Yes,One year,Yes,Credit card (automatic),79,59670,449.1,1.2,4.7,No
4959-JOSRX,Female,No,,Yes,Yes,DSL,No,Month-to-month,No,Credit card (automatic),47,61257,505,5.3,,Yes
5046-NUHWD,Female,Yes,29,No,Yes,DSL,No,Month-to-month,Yes,Electronic check,23,36984,0,11.2,7.3,No
7273-TEFQD,Male,No,3,No,No,DSL,No,Month-to-month,Yes,Electronic check,31,120319,0,3.9,6.6,Yes
3606-TWKGI,Male,No,13,Yes,Yes,Fiber optic,No,Month-to-month,Yes,Electronic check,34,33449,250.8,3.3,6.2,Yes
7529-ZDFXI,Male,No,57,Yes,Yes,Fiber optic,No,Month-to-month,No,Electronic check,67,72570,815.5,4.3,7.3,No
7605-BDWDC,Female,No,31,No,No,DSL,Yes,Two year,No,Bank transfer (automatic),25,74580,0,0.7,8.8,No
1950-KSVVJ,Female,No,45,Yes,Yes,Fiber optic,Yes,One year,Yes,Mailed check,43,56821,583.1,5,5.5,No
0123-CRBRT,Female,No,,Yes,No,DSL,Yes,Two year,Yes,Mailed check,54,53825,734.7,4.6,4.6,No
6292-TOSSS,Male,No,50,Yes,No,No,No internet service,Two year,No,Bank transfer (automatic),42,89243,654.6,1.9,6.8,No
3197-ARFOY,Female,Yes,,Yes,No,Fiber optic,Yes,Month-to-month,Yes,Mailed check,29,24713,561.7,1,5.9,No
6323-AYBRX,Male,No,59,Yes,No,No,No internet service,Two year,No,Mailed check,35,35039,389.6,4.4,4.1,Yes
7014-ZZXAW,Female,No,71,Yes,No,No,No internet service,Two year,No,Credit card (automatic),30,91646,233.6,2.6,7.2,No
4385-GZQXV,Female,No,16,Yes,No phone service,Fiber optic,Yes,Month-to-month,Yes,Electronic check,83,113658,611.2,2.4,4.7,Yes
7633-MVPUY,Male,Yes,57,Yes,Yes,DSL,Yes,Two year,Yes,Electronic check,32,54598,363.3,1,9,No
6366-ZGQGL,Male,No,1,No,Yes,DSL,No,Month-to-month,Yes,Bank transfer (automatic),65,59869,0,4.7,7.9,Yes
4716-HHKQH,Male,Yes,20,Yes,Yes,Fiber optic,Yes,Month-to-month,Yes,Electronic check,48,142164,683.2,3.5,4.4,No
5940-AHUHD,Male,Yes,1,Yes,No,Fiber optic,No,Month-to-month,No,Mailed check,39,66715,495.7,1.5,7.3,Yes
6432-TWQLB,Male,No,5,Yes,No phone service,Fiber optic,Yes,Month-to-month,Yes,,36,47779,564.2,7.9,7.3,Yes
4484-GLZOU,Female,No,52,Yes,No,Fiber optic,No,Month-to-month,Yes,Electronic check,22,29722,393.6,11.5,3.5,Yes
3179-GBRWV,Male,No,21,Yes,No,DSL,No,Month-to-month,Yes,Bank transfer (automatic),70,56765,593.3,4,7.3,No
8645-KWHJO,Male,No,14,No,No phone service,DSL,Yes,Month-to-month,Yes,Electronic check,36,61363,0,11,7.8,No
4130-MZLCC,Female,Yes,5,Yes,No,DSL,No,Month-to-month,Yes,Bank transfer (automatic),29,73813,503.3,1.6,6,No
0314-TKOSI,Female,No,6,Yes,No,DSL,No,Month-to-month,No,Mailed check,43,35718,452.8,2.6,6.2,No
8229-MYEJZ,Female,No,10,Yes,No,DSL,No,Month-to-month,No,Electronic check,45,204792,611.5,7.4,7.3,No
2080-SRCDE,Female,No,1,Yes,Yes,No,No internet service,Month-to-month,Yes,Mailed check,75,60244,551.5,0.7,6,No
9577-WJVCQ,Female,No,68,Yes,No phone service,DSL,No,Month-to-month,Yes,Mailed check,18,60027,287.9,0.8,7.9,No
9512-UIBFX,Male,No,18,Yes,No,Fiber optic,No,Month-to-month,Yes,,46,175053,437.4,3.1,6.9,Yes
6202-DYYFX,Female,No,22,Yes,No,Fiber optic,No,One year,Yes,Credit card (automatic),18,51998,784.2,0.2,7.2,No
3808-HFKDE,Female,No,20,Yes,No,DSL,No,Month-to-month,No,Electronic check,57,30858,422.5,1.3,9,No
5583-SXDAG,Male,No,1,Yes,No,Fiber optic,No,Month-to-month,Yes,Electronic check,73,25337,727,8.8,6,Yes
3488-PGMQJ,Male,No,8,Yes,Yes,Fiber optic,No,Month-to-month,No,Electronic check,81,47826,122.2,3.3,5,Yes
3580-REOAC,Male,No,10,Yes,No,DSL,No,Month-to-month,No,Credit card (automatic),84,24025,463.2,3.3,5.2,Yes
7534-BFESC,Male,No,24,Yes,Yes,Fiber optic,No,Month-to-month,No,Electronic check,31,33944,623.5,4.9,6.2,Yes
3727-OWVYD,Male,Yes,35,Yes,No,DSL,No,One year,Yes,Mailed check,49,70984,380.1,0.7,7.3,No
2294-SALNE,Male,No,23,Yes,No,Fiber optic,Yes,One year,No,Mailed check,59,43591,604.3,1.5,5.4,No
4847-TAJYI,Female,No,6,Yes,Yes,Fiber optic,No,Month-to-month,Yes,Electronic check,35,24110,304.8,2.8,5.7,No
1563-IWQEX,Female,Yes,12,Yes,Yes,No,No internet service,Month-to-month,No,Mailed check,75,127813,476.2,0.9,6.3,No
8203-XJZRC,Male,No,,Yes,Yes,No,No internet service,Month-to-month,No,Mailed check,49,41247,623,2.9,6.9,No
6556-DBKZF,Female,No,71,Yes,No,Fiber optic,No,Two year,Yes,Electronic check,34,48859,161.5,1,8.1,No
6851-WEFYX,Male,No,35,Yes,Yes,Fiber optic,No,Month-to-month,Yes,Electronic check,72,44344,882.4,9.6,6.3,No
2985-JUUBZ,Male,No,40,Yes,Yes,DSL,No,Month-to-month,Yes,Electronic check,27,45523,373.4,2.5,8.2,No
6390-DSAZX,Female,No,1,Yes,No,Fiber optic,No,Month-to-month,Yes,Mailed check,64,54658,626.3,4.6,4.9,Yes
0895-LMRSF,Male,Yes,23,Yes,Yes,DSL,No,One year,No,,74,34975,413.5,3,7,No
8098-LLAZX,Female,No,4,Yes,Yes,Fiber optic,No,Month-to-month,Yes,Electronic check,64,39954,771.6,2.1,4.9,Yes
8266-VBFQL,Male,No,4,Yes,No,Fiber optic,Yes,Month-to-month,Yes,Electronic check,43,44668,311.5,1.7,5.3,No
8181-YHCMF,Female,No,68,No,Yes,DSL,Yes,Two year,Yes,Credit card (automatic),77,57135,0,1.2,8.8,No
2240-HSJQD,Male,No,38,Yes,No phone service,Fiber optic,No,Month-to-month,Yes,Mailed check,54,43565,609.1,3,6.2,No
1248-DYXUB,Male,No,52,Yes,No phone service,No,No internet service,Two year,No,Mailed check,20,39673,813.6,2.9,8,No
0265-EDXBD,Male,No,32,Yes,No,Fiber optic,No,Month-to-month,No,Electronic check,39,56084,682.9,8.7,3.8,Yes
4115-BNPJY,Male,Yes,29,Yes,Yes,DSL,Yes,Two year,No,Mailed check,24,34787,697.9,1.2,8.4,No
3167-SNQPL,Male,No,38,Yes,No phone service,Fiber optic,No,Month-to-month,No,Electronic check,49,102845,653.8,1.9,6.7,No
4091-TVOCN,Male,No,48,Yes,Yes,DSL,No,One year,Yes,Credit card (automatic),27,50185,122.5,0.8,,No
1098-TDVUQ,Female,No,,Yes,No,No,No internet service,Month-to-month,Yes,Bank transfer (automatic),65,31880,475.1,0.3,7,No
7277-OZCGZ,Female,No,22,Yes,Yes,Fiber optic,Yes,Month-to-month,No,Electronic check,59,101587,305.7,2.1,8.9,No
1557-EMYVT,Female,No,43,Yes,Yes,Fiber optic,Yes,Two year,No,Credit card (automatic),50,124946,531.5,0,7.8,No
2799-ARNLO,Female,Yes,5,Yes,Yes,Fiber optic,No,Month-to-month,Yes,Electronic check,39,48130,658.8,0.9,7.8,No
7563-BIUPC,Male,No,5,Yes,Yes,Fiber optic,No,Month-to-month,Yes,Electronic check,47,40318,535.5,6.5,5.3,Yes
5027-YOCXN,Male,No,51,Yes,No,Fiber optic,Yes,One year,Yes,Credit card (automatic),22,90136,571.5,1.6,7.9,No
3973-SKMLN,Male,No,71,Yes,No,No,No internet service,Two year,Yes,Credit card (automatic),41,89461,673.7,0.1,7.5,No
2321-OMBXY,Female,No,38,Yes,No,DSL,Yes,One year,No,Credit card (automatic),54,110456,743.9,4.1,7,Yes
2840-XANRC,Male,Yes,24,Yes,No phone service,Fiber optic,No,Month-to-month,Yes,Electronic check,50,61017,582.8,11.5,9,Yes
6745-JEFZB,Male,No,35,Yes,Yes,Fiber optic,Yes,Month-to-month,Yes,Credit card (automatic),50,23488,607.2,3.2,6.4,No
5020-ZSTTY,Female,No,54,Yes,No,DSL,Yes,One year,No,Bank transfer (automatic),43,109043,631,1.9,6.3,Yes
9880-TDQAC,Female,No,72,No,No phone service,DSL,Yes,Two year,Yes,,57,46903,0,0.8,7.5,No
8705-WZCYL,Male,No,1,Yes,No,DSL,No,Month-to-month,Yes,Electronic check,30,31243,331.9,11.7,8,No
7102-JJVTX,Female,No,9,Yes,No,DSL,No,One year,No,Mailed check,79,32608,461.6,0.7,7.9,No
8626-PTQGE,Male,No,69,No,Yes,DSL,Yes,Two year,No,Bank transfer (automatic),37,90266,0,1.6,7.1,No
4983-CLMLV,Female,No,52,Yes,No,Fiber optic,Yes,Month-to-month,No,Credit card (automatic),30,146514,463.3,5,5.9,No
5701-YVSVF,Female,Yes,11,Yes,No,Fiber optic,Yes,Month-to-month,No,Electronic check,53,107836,253,1.6,6.3,No
5804-LEPIM,Female,No,,Yes,No,Fiber optic,No,Month-to-month,Yes,Electronic check,40,107481,327.6,4.5,4.6,Yes
5697-GOMBF,Female,No,28,No,No,DSL,No,Month-to-month,Yes,Electronic check,74,72279,0,1.2,5.9,No
2739-CACDQ,Female,No,17,Yes,Yes,Fiber optic,No,Month-to-month,No,Credit card (automatic),75,35792,735.8,2.9,,No
9385-EHGDO,Female,No,35,Yes,No phone service,No,No internet service,Two year,No,Mailed check,64,85642,533.2,2.7,7.8,No
9498-FIMXL,Female,No,8,Yes,No,No,No internet service,One year,Yes,Mailed check,42,44911,243.6,1.8,7.7,No
2379-GYFLQ,Male,No,46,Yes,Yes,Fiber optic,No,One year,Yes,Credit card (automatic),56,85796,309.2,2.7,6.2,No
0122-OAHPZ,Female,No,,Yes,Yes,Fiber optic,No,Month-to-month,Yes,Electronic check,55,33900,215.6,4.2,7.5,Yes
2868-SNELZ,Female,No,2,Yes,No phone service,Fiber optic,No,Month-to-month,No,Mailed check,74,132848,454.7,3.2,5.5,Yes
4322-RCYMT,Male,No,68,Yes,Yes,DSL,Yes,One year,Yes,Bank transfer (automatic),32,41193,563,2.2,7.1,Yes
6680-NENYN,Female,No,43,Yes,No,Fiber optic,No,Two year,Yes,Electronic check,20,38154,502.3,5.5,5.8,Yes
2088-IEBAU,Female,No,68,Yes,No,DSL,Yes,Two year,Yes,Electronic check,48,39500,,1.8,9,No
7982-VCELR,Female,No,36,Yes,No,Fiber optic,No,Month-to-month,Yes,Credit card (automatic),44,19410,401.3,5.6,5.8,No
1343-EHPYB,Male,No,63,Yes,Yes,Fiber optic,No,Month-to-month,Yes,,90,83112,580.8,10.8,4.5,Yes
6035-BXTTY,Female,No,32,Yes,No,DSL,Yes,Month-to-month,No,Bank transfer (automatic),49,44714,191.5,3,7.4,No
6885-PKOAM,Female,No,71,Yes,No,DSL,Yes,Two year,No,Credit card (automatic),44,34907,296.9,0.2,7.2,No
7520-HQWJU,Female,No,66,Yes,Yes,DSL,No,Month-to-month,Yes,Bank transfer (automatic),40,34550,574.1,0.5,5.8,No
9639-BUJXT,Male,No,63,Yes,Yes,No,No internet service,One year,No,Mailed check,56,53811,535.7,1.3,7.5,No
5924-SNGKP,Female,No,41,Yes,No,No,No internet service,One year,No,Credit card (automatic),59,79018,459.5,1.7,8,No
0021-IKXGC,Female,Yes,1,Yes,No,Fiber optic,No,Month-to-month,Yes,Electronic check,27,62523,592.1,5.8,7.3,No
2034-GDRCN,Female,No,2,Yes,No,Fiber optic,No,Month-to-month,Yes,,32,22707,659.5,1.8,5.7,Yes
8966-SNIZF,Female,No,70,Yes,No,No,No internet service,Two year,No,Bank transfer (automatic),27,34659,382.8,1.3,6.5,No
6243-OZGFH,Female,No,23,No,No,DSL,No,Month-to-month,Yes,Electronic check,55,38651,0,5.6,8.1,No
4654-DLAMQ,Female,No,64,Yes,Yes,Fiber optic,No,One year,Yes,Bank transfer (automatic),61,41233,479.8,3.1,5.4,No
0513-RBGPE,Male,No,37,Yes,No phone service,DSL,Yes,Two year,Yes,Credit card (automatic),75,71329,601.6,0.6,9.3,No
5160-UXJED,Male,No,17,Yes,No,DSL,No,One year,Yes,Mailed check,43,100031,208,0.7,4.3,No
4115-NZRKS,Female,No,7,Yes,No,Fiber optic,No,Month-to-month,Yes,Electronic check,18,24376,156.1,1.9,7.5,No
0219-YTZUE,Male,Yes,4,Yes,No,Fiber optic,No,Month-to-month,Yes,Bank transfer (automatic),23,20201,553,,4.4,Yes
0623-IIHUG,Female,Yes,21,No,No,DSL,No,Month-to-month,Yes,Electronic check,64,59926,0,1.9,3.2,Yes
4572-DVCGN,Female,No,10,Yes,No,Fiber optic,No,Month-to-month,No,Bank transfer (automatic),27,36420,450.2,7.1,6.3,Yes
3351-NGXYI,Female,No,16,Yes,Yes,DSL,No,Month-to-month,Yes,Electronic check,20,33972,,4,8.2,No
8984-EYLLL,Male,No,64,Yes,Yes,Fiber optic,Yes,Two year,Yes,Electronic check,88,46990,665.9,1.7,6.1,No
9057-MSWCO,Male,No,27,No,No,DSL,No,Month-to-month,No,Credit card (automatic),30,36338,0,4.9,7.1,Yes
9833-TGFHX,Male,No,42,Yes,No,Fiber optic,No,One year,Yes,Electronic check,56,77294,518.2,0.6,7.6,No
9294-TDIPC,Male,Yes,5,Yes,No,No,No internet service,Month-to-month,No,Mailed check,32,46845,289.7,1.9,5.7,No
5229-DTFYB,Female,No,41,Yes,No,Fiber optic,Yes,Two year,No,Bank transfer (automatic),40,130169,425.5,1.2,7.2,No
0104-PPXDV,Male,No,,Yes,Yes,DSL,No,One year,Yes,Credit card (automatic),90,88966,326.2,1.3,6.2,No
5176-LMJXE,Female,No,47,Yes,No,No,No internet service,Two year,Yes,,38,74176,637.6,1.1,9.7,No
3583-KRKMD,Male,No,18,Yes,No,Fiber optic,Yes,Month-to-month,No,Bank transfer (automatic),45,124176,246.2,4.6,5.5,No
1010-DIAUQ,Male,No,5,Yes,No,Fiber optic,No,Month-to-month,No,Bank transfer (automatic),44,104235,148.1,2.9,6.4,Yes
9069-LGEUL,Male,Yes,23,Yes,Yes,DSL,No,Month-to-month,No,Bank transfer (automatic),52,62513,588.1,0.5,8.4,No
7302-ZHMHP,Female,No,1,Yes,No,No,No internet service,Month-to-month,Yes,Mailed check,81,51544,415.6,1.7,8.3,No
9571-EDEBV,Male,Yes,71,Yes,Yes,Fiber optic,No,One year,No,Credit card (automatic),77,71391,656.1,2.2,5.4,No
3520-FJGCV,Male,No,72,Yes,Yes,Fiber optic,Yes,Two year,No,Credit card (automatic),59,35345,474.6,0.5,7.5,No
6563-VRERX,Male,No,33,Yes,No,No,No internet service,One year,Yes,Mailed check,44,54061,143.8,1.5,6.8,No
0259-GBZSH,Male,No,2,Yes,Yes,Fiber optic,No,Month-to-month,Yes,Electronic check,45,40126,543.6,2.7,8.2,Yes
6122-EFVKN,Male,No,24,No,No,DSL,Yes,Two year,No,Mailed check,55,69787,0,0,8.5,No
2805-EDJPQ,Female,No,56,Yes,No phone service,Fiber optic,Yes,One year,No,Credit card (automatic),40,83117,553.7,1.8,7.8,No
6862-CQUMB,Male,No,37,Yes,No,Fiber optic,No,Month-to-month,Yes,Credit card (automatic),51,70230,612.2,1.5,4.1,No
7156-MXBJE,Female,Yes,43,Yes,Yes,DSL,Yes,One year,Yes,Credit card (automatic),64,30644,493.6,0,7.9,No
6158-HDPXZ,Male,No,1,No,No phone service,DSL,No,Month-to-month,Yes,Mailed check,54,43581,0,2.1,5.6,No
9601-BRXPO,Female,No,25,Yes,No,Fiber optic,Yes,Month-to-month,Yes,Bank transfer (automatic),24,63068,720.9,2.7,6.9,Yes
2863-IMQDR,Female,No,61,Yes,No,DSL,Yes,Two year,Yes,Electronic check,49,46417,491.3,6.7,8,No
5686-CMAWK,Male,No,17,Yes,No,Fiber optic,Yes,One year,Yes,Electronic check,45,67572,422.5,1.5,6.9,No
5651-CRHKQ,Female,No,41,Yes,Yes,Fiber optic,Yes,One year,Yes,Bank transfer (automatic),58,34880,509.9,1.3,7.3,No
6905-NIQIN,Male,No,1,Yes,No,DSL,No,Month-to-month,Yes,Mailed check,56,43273,422,5.1,3.4,Yes
8204-YJCLA,Male,No,72,No,Yes,DSL,Yes,Two year,Yes,Bank transfer (automatic),40,86238,0,0.5,7,No
5167-ZFFMM,Male,No,1,Yes,Yes,Fiber optic,No,Month-to-month,Yes,Credit card (automatic),18,46030,332.5,5.3,6.2,Yes
6583-SZVGP,Male,No,,Yes,Yes,Fiber optic,No,Two year,No,Bank transfer (automatic),26,63061,436,2.5,8.2,No
4895-TMWIR,Male,No,11,Yes,Yes,No,No internet service,Month-to-month,Yes,Mailed check,49,75218,415.8,2.6,6.6,Yes
0533-BNWKF,Female,No,55,Yes,No,Fiber optic,No,Month-to-month,Yes,Electronic check,34,45215,622.1,3.9,5.5,Yes
1708-PBBOA,Female,No,42,No,No phone service,DSL,Yes,One year,No,Electronic check,52,61885,0,2.4,6.5,No
8782-LKFPK,Male,No,44,Yes,Yes,Fiber optic,No,Month-to-month,Yes,Mailed check,43,37364,500.1,0.3,4.2,No
5522-JBWMO,Male,No,1,Yes,No phone service,DSL,No,Month-to-month,No,Electronic check,44,35726,461.7,11.6,5.4,No
3597-MVHJT,Female,No,27,Yes,No,Fiber optic,No,Month-to-month,Yes,Bank transfer (automatic),50,81204,468.7,1.1,5.3,No
9774-NRNAU,Male,No,27,Yes,Yes,DSL,Yes,Month-to-month,Yes,Bank transfer (automatic),18,50623,935.6,0.9,6.1,No
0224-RLWWD,Female,No,2,Yes,No,DSL,No,Month-to-month,No,Electronic check,52,46488,533.6,1.2,5.6,No
9967-ATRFS,Female,No,19,Yes,No,No,No internet service,Month-to-month,No,Mailed check,27,48042,468.6,2.1,7.2,No
3951-NJCVI,Female,No,42,Yes,No,Fiber optic,No,Month-to-month,Yes,Electronic check,39,100391,470,9.5,6.6,No
2977-CEBSX,Female,Yes,66,Yes,No,DSL,Yes,Two year,Yes,Credit card (automatic),38,26679,841.2,4.3,8.9,No
0177-PXBAT,Male,No,33,Yes,Yes,Fiber optic,Yes,Month-to-month,No,Bank transfer (automatic),28,61201,414.3,0.4,8,No
6599-CEBNN,Female,No,34,Yes,No,Fiber optic,No,Month-to-month,No,Credit card (automatic),42,108667,551.2,8.3,4.9,Yes
2519-ERQOJ,Male,No,,No,No,DSL,Yes,Month-to-month,Yes,Electronic check,35,71602,0,0.2,8.5,No
5876-QMYLD,Female,No,23,Yes,Yes,No,No internet service,One year,No,Mailed check,77,35556,416.7,0.3,7.7,No
2277-AXSDC,Female,Yes,32,Yes,No,No,No internet service,One year,No,Bank transfer (automatic),56,79579,576.7,1.4,7.5,No
9442-JTWDL,Female,No,11,Yes,No,No,No internet service,One year,No,Credit card (automatic),43,57808,568.9,0,7.1,No
0979-PHULV,Male,No,69,Yes,Yes,Fiber optic,No,Month-to-month,Yes,Credit card (automatic),40,80125,290,3.6,5.4,Yes
3067-SVMTC,Female,No,68,Yes,No,DSL,Yes,One year,No,,32,30249,244,3.1,6.4,No
5495-GPSRW,Male,No,20,Yes,No,No,No internet service,Two year,Yes,Mailed check,39,32426,760.2,1.1,6.7,No
7606-BPHHN,Male,No,72,Yes,No,No,No internet service,Two year,No,Credit card (automatic),46,65376,379.1,1.3,6.1,No
4742-DRORA,Male,No,60,Yes,Yes,Fiber optic,No,One year,Yes,Bank transfer (automatic),30,54117,728.2,0.2,8.1,No
0111-KLBQG,Male,No,32,Yes,Yes,Fiber optic,No,Month-to-month,No,Mailed check,36,30296,647,7,5.7,No
4800-VHZKI,Female,No,1,Yes,No,No,No internet service,Month-to-month,Yes,Mailed check,22,20694,412.1,6.3,8.5,Yes
7989-CHGTL,Male,Yes,1,Yes,Yes,No,No internet service,Month-to-month,Yes,,22,58467,698.1,2.9,5.7,Yes
0334-GDDSO,Male,No,3,Yes,No,Fiber optic,No,Month-to-month,Yes,Electronic check,28,62250,703.7,4.4,5.5,Yes
4163-NCJAK,Female,No,46,Yes,No,No,No internet service,One year,Yes,Bank transfer (automatic),82,66569,590.2,0,6,No
5233-AOZUF,Female,No,29,Yes,Yes,Fiber optic,No,Month-to-month,Yes,Electronic check,41,112993,765,3.6,6.5,No
5973-EJGDP,Male,No,51,Yes,No,Fiber optic,Yes,Month-to-month,No,Electronic check,52,79633,485.5,3.6,8.4,No
1996-DBMUS,Female,No,48,Yes,No,Fiber optic,No,Month-to-month,No,Bank transfer (automatic),39,51421,610.8,1.1,5,No
7916-VCCPB,Female,No,16,Yes,No,Fiber optic,No,Month-to-month,Yes,Bank transfer (automatic),49,37072,554.9,2.1,9.5,No
4686-GEFRM,Male,No,70,Yes,No,Fiber optic,Yes,Two year,Yes,Bank transfer (automatic),41,64130,614.2,1.8,8,No
5249-QYHEX,Female,Yes,40,Yes,Yes,No,No internet service,Two year,Yes,Mailed check,21,47491,496.5,0,10,No
0578-SKVMF,Female,No,22,Yes,No,Fiber optic,No,Month-to-month,No,Electronic check,64,37668,563.2,8.4,6.7,Yes
5564-NEMQO,Female,No,1,Yes,No phone service,Fiber optic,No,Month-to-month,No,Bank transfer (automatic),37,34461,566.3,2.7,3.9,Yes
2233-FAGXV,Female,No,5,Yes,No,No,No internet service,Month-to-month,Yes,Mailed check,31,44178,529.3,2.6,7.6,No
5605-IYGFG,Female,No,,Yes,Yes,Fiber optic,No,Month-to-month,Yes,Bank transfer (automatic),40,30278,669.1,0.2,6.2,No
7663-ZTEGJ,Male,No,29,Yes,No phone service,Fiber optic,Yes,One year,Yes,Credit card (automatic),44,33330,395.5,0.4,7.5,No
3935-TBRZZ,Male,No,44,Yes,No,No,No internet service,One year,Yes,Mailed check,27,85676,573.6,4.1,6.3,No
8111-BKVDS,Female,Yes,10,No,No,DSL,No,Month-to-month,No,Bank transfer (automatic),24,108590,0,5.2,7.3,No
2055-SIFSS,Female,No,55,Yes,Yes,DSL,No,Month-to-month,Yes,Bank transfer (automatic),53,47085,530.2,4.4,6,No
2806-MLNTI,Male,No,52,Yes,No,Fiber optic,No,One year,Yes,Bank transfer (automatic),47,82558,866.7,2.3,6.7,No
8734-DKSTZ,Female,No,10,Yes,No,Fiber optic,No,Month-to-month,No,Electronic check,32,59742,634.2,9.9,8.6,No
4360-PNRQB,Male,No,18,Yes,No phone service,Fiber optic,No,Month-to-month,Yes,Bank transfer (automatic),76,52272,450.5,1.6,7.2,No
6152-ONASV,Female,No,68,Yes,Yes,DSL,Yes,One year,No,Bank transfer (automatic),73,57876,774.5,1.9,8.5,No
9063-ZGTUY,Female,Yes,61,Yes,No,No,No internet service,Month-to-month,No,Mailed check,29,67875,785.3,7.2,6.6,Yes
7781-HVGMK,Female,No,,No,Yes,DSL,Yes,Two year,Yes,Credit card (automatic),36,38165,0,0,7.4,No
2181-UAESM,Male,Yes,2,Yes,Yes,DSL,No,Month-to-month,No,Electronic check,79,153573,719.8,6.1,4.7,No
2957-LOLHO,Male,No,12,Yes,Yes,DSL,No,Month-to-month,No,Bank transfer (automatic),52,44152,307.3,1.8,5.9,Yes
6048-NJXHX,Male,No,41,Yes,Yes,No,No internet service,Two year,Yes,Electronic check,43,80826,542.4,1.3,6.4,No
2320-SLKMB,Female,No,26,No,No,DSL,Yes,Month-to-month,No,Credit card (automatic),80,30591,0,2.5,6.8,No
4980-URKXC,Male,No,36,Yes,No,No,No internet service,One year,Yes,Bank transfer (automatic),48,60526,777.2,1.7,8.3,No
4376-KFVRS,Male,No,72,Yes,No,Fiber optic,Yes,Two year,Yes,Credit card (automatic),34,88606,822.4,2.3,6.5,No
5886-VLQVU,Male,No,35,Yes,Yes,Fiber optic,Yes,Month-to-month,No,,18,80886,739.1,8.1,8,No
3577-AMVUX,Male,No,1,Yes,No phone service,DSL,Yes,Month-to-month,Yes,Mailed check,55,38540,811.6,0.6,6.6,No
0771-WLCLA,Female,No,16,Yes,No,Fiber optic,Yes,Month-to-month,Yes,Electronic check,22,37914,360.3,3.1,8,No
5628-RKIFK,Female,No,49,Yes,No,Fiber optic,No,Month-to-month,No,Credit card (automatic),42,95470,329.6,2.9,6.4,No
0206-TBWLC,Female,No,54,Yes,Yes,Fiber optic,Yes,One year,No,Mailed check,55,67207,404.1,0.2,7,No
2937-FTHUR,Female,No,18,Yes,No,DSL,No,Month-to-month,No,Electronic check,29,,653,6.3,7.4,No
1910-FMXJM,Female,No,36,Yes,No,Fiber optic,No,Month-to-month,No,Electronic check,26,65726,515.8,5.8,5.1,No
7752-XUSCI,Female,No,,Yes,Yes,Fiber optic,No,Month-to-month,No,Electronic check,30,40799,500,3.2,4.7,Yes
4110-PFEUZ,Female,Yes,1,Yes,No,Fiber optic,No,Month-to-month,No,Mailed check,58,50390,527.7,3.3,3.7,Yes
0732-OCQOC,Female,No,52,Yes,No phone service,No,No internet service,Two year,Yes,Bank transfer (automatic),74,46292,338.9,0.4,6.1,No
5168-MSWXT,Male,No,8,Yes,Yes,Fiber optic,No,Month-to-month,Yes,Electronic check,41,47631,,7.8,4.8,No
1090-ESELR,Male,No,72,Yes,Yes,Fiber optic,Yes,Two year,Yes,Bank transfer (automatic),76,31916,322.7,1.6,8.4,No
8592-PLTMQ,Female,Yes,64,Yes,Yes,No,No internet service,One year,No,Mailed check,80,112350,494.6,3.4,8.4,No
5760-WRAHC,Female,Yes,22,Yes,No,DSL,Yes,Month-to-month,Yes,Mailed check,61,69970,520.6,3.5,6.6,No
8847-GEOOQ,Male,Yes,60,No,No,DSL,Yes,Month-to-month,Yes,Bank transfer (automatic),64,35670,0,0.4,6.8,No
0256-LTHVJ,Female,No,28,Yes,Yes,Fiber optic,No,Month-to-month,No,Electronic check,39,62496,500.5,5.2,5,Yes
4785-FCIFB,Female,No,61,Yes,No,No,No internet service,Two year,Yes,Mailed check,54,59159,460.8,0.7,8.2,No
8313-NDOIA,Female,No,24,Yes,No phone service,Fiber optic,No,Month-to-month,Yes,Electronic check,82,67782,677.7,0.4,6.5,No
5149-CUZUJ,Male,No,28,Yes,No,Fiber optic,Yes,One year,Yes,Bank transfer (automatic),58,53039,601.9,0.7,7.3,No
0942-KOWSM,Female,No,30,Yes,Yes,DSL,Yes,Two year,Yes,Bank transfer (automatic),22,49384,305.1,3.3,9.5,No
4237-CLSMM,Male,No,2,Yes,No,No,No internet service,Month-to-month,Yes,Mailed check,23,,308.2,0,7.6,No
1452-VOQCH,Male,Yes,1,Yes,Yes,Fiber optic,No,Month-to-month,Yes,Electronic check,73,72025,321.3,2.9,7.1,No
4719-UMSIY,Male,Yes,6,Yes,Yes,No,No internet service,Month-to-month,Yes,Mailed check,18,50777,578.4,4.5,6.8,No
6614-VBEGU,Female,Yes,24,Yes,No,DSL,No,Month-to-month,Yes,Bank transfer (automatic),74,26271,436,0,4.6,No
0880-TKATG,Male,No,,Yes,Yes,Fiber optic,No,Month-to-month,Yes,Electronic check,32,46556,492.5,5.1,6.8,Yes
3811-VBYBZ,Male,Yes,7,Yes,Yes,Fiber optic,No,Month-to-month,No,Electronic check,23,88262,548.3,6.3,5.8,Yes
1480-BKXGA,Male,No,72,Yes,Yes,Fiber optic,Yes,Two year,No,Bank transfer (automatic),40,90116,531.7,0.7,9.9,No
2996-XAUVF,Male,No,70,No,No,DSL,Yes,Two year,Yes,Mailed check,32,26077,0,3,8.6,No
9076-AXYIK,Male,No,64,Yes,Yes,Fiber optic,Yes,Two year,Yes,Electronic check,33,83514,762,7,8.5,No
5968-XQIVE,Male,No,72,Yes,Yes,Fiber optic,No,One year,No,Electronic check,43,106577,487.5,2.4,8,No
8896-RAZCR,Female,No,44,Yes,No phone service,No,No internet service,Two year,Yes,Mailed check,39,49459,588.6,2.4,6.5,No
4640-UHDOS,Female,No,13,Yes,No,DSL,No,Month-to-month,No,Electronic check,46,39761,722.9,5.4,5.7,Yes
4933-IKULF,Female,No,17,Yes,Yes,No,No internet service,One year,Yes,Mailed check,51,134018,255.6,3.5,7.1,No
3583-EKAPL,Male,No,1,Yes,No,DSL,No,Month-to-month,Yes,Electronic check,18,27412,636.9,1.9,6.3,Yes
1304-BCCFO,Male,No,9,Yes,Yes,DSL,No,Month-to-month,Yes,Mailed check,43,55304,307.5,0.1,4.9,No
4104-PVRPS,Male,No,24,Yes,No phone service,DSL,Yes,Month-to-month,Yes,Mailed check,50,37874,376.3,7.4,7.2,No
9399-APLBT,Female,No,1,Yes,No,Fiber optic,No,Month-to-month,No,Electronic check,41,82874,542.8,8.5,6.8,Yes
2359-KMGLI,Male,No,24,Yes,No,Fiber optic,No,Month-to-month,Yes,Electronic check,29,69155,498.9,3.6,8,Yes
3780-DDGSE,Male,No,35,Yes,No,DSL,Yes,Month-to-month,Yes,Electronic check,45,88175,581.6,14.2,5.8,No
4431-EDMIQ,Female,No,,Yes,No,DSL,Yes,Month-to-month,No,Electronic check,58,23689,486.2,6.8,7,No
0306-JAELE,Male,No,5,Yes,No,Fiber optic,Yes,Month-to-month,Yes,Electronic check,31,133973,486.8,6.9,5.5,Yes
6227-HWPWX,Female,No,15,Yes,Yes,Fiber optic,No,Month-to-month,Yes,Bank transfer (automatic),53,60306,411.6,3.8,6,Yes
0486-LGCCH,Male,No,11,Yes,No,No,No internet service,Two year,Yes,Mailed check,39,61831,461.1,3.9,9.8,No
0447-BEMNG,Female,No,48,No,Yes,DSL,No,Month-to-month,No,Bank transfer (automatic),47,38669,0,2.3,4.5,Yes
4612-SSVHJ,Female,No,20,Yes,No,Fiber optic,No,Month-to-month,Yes,Electronic check,43,55789,483.2,2.9,7.6,No
5168-MQQCA,Female,No,72,Yes,No,Fiber optic,Yes,One year,Yes,Bank transfer (automatic),57,72935,644,0,5.5,No
5949-XIKAE,Female,No,8,Yes,No,Fiber optic,No,Month-to-month,Yes,Electronic check,35,112508,344.2,7.5,6.5,Yes
7971-HLVXI,Male,No,72,Yes,No,Fiber optic,No,Two year,Yes,Credit card (automatic),28,64024,669.8,2.6,6.1,No
9094-AZPHK,Female,No,15,Yes,Yes,Fiber optic,No,Month-to-month,Yes,Electronic check,42,68862,503.6,3.3,9.5,No
3649-JPUGY,Male,No,72,Yes,No,DSL,Yes,Two year,Yes,Bank transfer (automatic),69,53806,817.5,1.4,8.4,No
4472-LVYGI,Female,No,0,No,No,DSL,Yes,Two year,Yes,Bank transfer (automatic),50,53113,0,1.7,7.3,No
8372-JUXUI,Male,Yes,1,Yes,Yes,Fiber optic,No,Month-to-month,Yes,Electronic check,37,31805,561.6,4.9,7.5,Yes
3552-CTCYF,Male,No,63,Yes,No,Fiber optic,No,Two year,Yes,Bank transfer (automatic),34,18931,658.2,1,4.5,No
6778-YSNIH,Female,Yes,2,Yes,No phone service,DSL,No,Month-to-month,Yes,Electronic check,40,36201,490.1,7.4,5.3,No
0388-EOPEX,Female,No,2,Yes,No,Fiber optic,No,Month-to-month,No,Electronic check,32,27898,382.4,4.2,6.6,Yes
5756-OZRIO,Male,No,61,Yes,No phone service,DSL,No,One year,Yes,Bank transfer (automatic),48,33072,676.6,2.3,8.3,No
6579-JPICP,Male,Yes,1,Yes,No,No,No internet service,Month-to-month,Yes,Mailed check,30,52541,256,2.6,6.8,No
8205-OTCHB,Male,Yes,22,No,Yes,DSL,No,One year,No,Bank transfer (automatic),55,31201,0,4,5.7,Yes
4134-BSXLX,Male,No,28,Yes,Yes,DSL,Yes,Month-to-month,No,Mailed check,24,96205,615.6,1.2,8.9,No
0505-SPOOW,Female,No,70,Yes,No,No,No internet service,Two year,No,,42,55979,380.6,1.9,5.1,No
6235-VDHOM,Female,No,5,No,Yes,DSL,No,Month-to-month,Yes,Electronic check,26,80928,0,6.7,6,Yes
7783-YKGDV,Female,No,12,Yes,No phone service,Fiber optic,No,Month-to-month,Yes,Bank transfer (automatic),26,25090,,2.1,3.2,Yes
4374-YMUSQ,Male,No,34,Yes,No,Fiber optic,Yes,One year,Yes,Credit card (automatic),43,105616,583.7,2.2,7.7,No
4513-CXYIX,Female,Yes,71,Yes,Yes,Fiber optic,No,Two year,Yes,Credit card (automatic),71,42175,699,1.6,7.8,No
3957-HHLMR,Female,No,70,Yes,No phone service,DSL,No,One year,Yes,Bank transfer (automatic),35,44906,741.1,0,8,No
7803-XOCCZ,Female,No,52,Yes,No,Fiber optic,Yes,Month-to-month,Yes,Bank transfer (automatic),53,72429,472.9,1.1,8.5,No
5736-YEJAX,Male,No,69,Yes,Yes,DSL,Yes,Two year,No,Credit card (automatic),33,37752,365.8,1.6,6.9,No
5609-CEBID,Female,No,,Yes,Yes,Fiber optic,No,Month-to-month,Yes,Electronic check,38,42925,521.5,3.7,5.3,Yes
8981-FJGLA,Male,No,11,Yes,Yes,Fiber optic,No,Month-to-month,Yes,Mailed check,49,60024,412.3,4.9,7.3,No
7218-HKQFK,Male,Yes,2,Yes,No,Fiber optic,Yes,Month-to-month,No,Electronic check,49,47354,435.4,8.7,6.3,Yes
4636-QRJKY,Female,No,6,Yes,Yes,Fiber optic,Yes,Month-to-month,No,Electronic check,30,55548,580.3,5.7,7.6,Yes
1135-LMECX,Female,Yes,1,Yes,Yes,No,No internet service,Month-to-month,Yes,,90,66467,471.7,2.8,5.7,No
4332-MUOEZ,Male,No,20,Yes,Yes,Fiber optic,Yes,One year,Yes,Credit card (automatic),77,57226,350.3,1.4,7.1,No
8535-SFUTN,Male,No,61,Yes,Yes,Fiber optic,No,Month-to-month,No,Electronic check,50,68316,479.7,1.6,5.1,No
5956-VKDTT,Female,No,5,Yes,No,Fiber optic,No,Month-to-month,Yes,Electronic check,22,45135,736.3,3.3,4.6,Yes
8677-HDZEE,Female,No,56,Yes,No,Fiber optic,Yes,Month-to-month,No,Bank transfer (automatic),32,61098,291.9,1.9,8.4,No
2475-MROZF,Male,No,30,Yes,No phone service,Fiber optic,Yes,Month-to-month,Yes,Credit card (automatic),37,38282,598.2,0,6.2,No
9412-GHEEC,Male,Yes,40,Yes,No phone service,Fiber optic,Yes,Month-to-month,No,Bank transfer (automatic),40,101758,645.9,3,6.4,Yes
3482-ABPKK,Female,No,,Yes,No,DSL,Yes,One year,Yes,Mailed check,73,40891,691.4,0.7,7.8,No
6705-LXORM,Female,No,5,Yes,No,Fiber optic,No,Month-to-month,Yes,Electronic check,37,40816,568.9,4.6,7.2,No
0257-ZESQC,Female,No,27,Yes,Yes,Fiber optic,No,Month-to-month,No,Bank transfer (automatic),74,55353,570,6.5,5.2,Yes
7531-GQHME,Male,Yes,12,Yes,Yes,No,No internet service,Month-to-month,Yes,Credit card (automatic),78,77191,432.5,3.6,7.9,No
5174-ITUMV,Male,Yes,67,Yes,No,Fiber optic,No,One year,Yes,Electronic check,46,50205,720.9,3.7,5.4,No
4109-CYRBD,Male,No,29,Yes,No,DSL,No,Month-to-month,No,Electronic check,33,29781,433,0.3,6.5,No
0913-XWSCN,Male,No,55,Yes,Yes,Fiber optic,No,Month-to-month,No,Bank transfer (automatic),56,30740,680.6,1.7,5.7,No
6825-UYPFK,Female,No,23,Yes,No phone service,Fiber optic,No,Month-to-month,Yes,Bank transfer (automatic),48,39716,580.8,4.5,3.6,Yes
8397-MVTAZ,Male,No,34,Yes,Yes,Fiber optic,No,Month-to-month,No,,39,75116,461.9,7.2,4.5,Yes
0750-EBAIU,Male,No,52,Yes,Yes,Fiber optic,No,One year,No,Electronic check,60,79135,329.7,1,8.4,No
8606-CIQUL,Male,No,72,Yes,No,Fiber optic,Yes,Two year,Yes,Credit card (automatic),47,68890,707.1,0.8,8.2,No
3571-DPYUH,Male,No,58,Yes,Yes,Fiber optic,Yes,One year,Yes,Credit card (automatic),55,88689,711.9,0.7,7.1,No
7601-GNDYK,Male,No,35,Yes,No,No,No internet service,Two year,Yes,Mailed check,27,28507,502.9,3,7.9,No
0356-OBMAC,Female,No,56,Yes,Yes,Fiber optic,Yes,Two year,No,Bank transfer (automatic),45,74079,860.7,0.1,6.8,No
8067-NIOYM,Female,Yes,24,Yes,Yes,No,No internet service,Two year,No,Credit card (automatic),43,58851,346.1,2.5,6.6,No
1403-GYAFU,Male,Yes,70,Yes,No,No,No internet service,Two year,Yes,Credit card (automatic),43,27646,818.4,1.9,7.8,No
4234-XTNEA,Male,No,2,Yes,No,Fiber optic,No,Month-to-month,Yes,Electronic check,24,52235,471.6,4.7,6.5,No
1297-VQDRP,Male,No,68,Yes,Yes,Fiber optic,Yes,One year,Yes,Credit card (automatic),52,79455,598.4,1.9,7.4,No
9282-IZGQK,Female,No,1,Yes,Yes,Fiber optic,No,Month-to-month,Yes,Electronic check,77,44635,601.9,5.6,5.1,Yes
5348-CAGXB,Male,No,12,Yes,Yes,Fiber optic,No,Month-to-month,No,Electronic check,21,47210,543.1,10.9,7.8,No
0621-HJWXJ,Female,No,63,Yes,Yes,Fiber optic,No,Month-to-month,No,Bank transfer (automatic),61,62976,987.3,2.6,6.9,No
5844-QVTAT,Female,Yes,33,Yes,No,DSL,No,One year,No,,38,45935,265.3,2.3,6.6,No
8905-IAZPF,Female,No,69,Yes,No,Fiber optic,No,One year,Yes,Credit card (automatic),21,43563,250.1,,6.8,No
5394-MEITZ,Female,No,60,Yes,Yes,DSL,Yes,Two year,No,Bank transfer (automatic),72,82814,433.6,0,7.1,No
6859-QNXIQ,Female,No,72,Yes,Yes,Fiber optic,Yes,Two year,Yes,Bank transfer (automatic),31,76787,589.1,0.5,7.1,No
2782-LFZVW,Female,Yes,11,Yes,Yes,DSL,No,Month-to-month,No,Mailed check,73,45067,632.7,0.2,5.8,No
2866-IKBTM,Female,No,1,Yes,No,No,No internet service,Month-to-month,Yes,Mailed check,62,62599,273.1,0.6,6.6,No
1342-JPNKI,Male,No,10,Yes,Yes,Fiber optic,No,Month-to-month,No,Bank transfer (automatic),52,53569,674.7,4.3,3.4,Yes
2817-NTQDO,Male,No,13,No,No,DSL,Yes,Month-to-month,No,Credit card (automatic),24,106908,0,4.7,7.9,Yes
7129-AZJDE,Male,Yes,34,Yes,No,Fiber optic,No,One year,Yes,Bank transfer (automatic),32,87965,615.4,0.5,5.5,No
6986-IJDHX,Male,No,39,Yes,No,Fiber optic,No,Month-to-month,Yes,,60,112070,332.3,2.3,4.7,Yes
2560-PPCHE,Female,No,65,Yes,Yes,Fiber optic,Yes,One year,No,Bank transfer (automatic),31,48394,755.2,1.8,7.1,No
4676-MQUEA,Male,No,50,Yes,No,Fiber optic,No,One year,Yes,Bank transfer (automatic),40,56103,508.7,1.5,6.2,No
8138-EALND,Male,No,15,Yes,No,No,No internet service,Month-to-month,No,Mailed check,29,18000,571.1,7.1,6.1,No
3580-HYCSP,Male,No,72,Yes,No,Fiber optic,No,Two year,Yes,Bank transfer (automatic),38,81682,741.5,0.9,7.8,No
1352-HNSAW,Female,No,72,Yes,No phone service,Fiber optic,Yes,Two year,No,,48,52378,767.5,2.1,5.8,No
2075-PUEPR,Male,No,55,Yes,No,No,No internet service,Two year,Yes,Bank transfer (automatic),27,32492,516.1,2.1,7.1,No
1982-FEBTD,Female,No,23,Yes,No,No,No internet service,Two year,No,Credit card (automatic),79,65200,909.8,1.3,7.2,No
5301-GAUUY,Male,No,32,Yes,Yes,Fiber optic,No,Month-to-month,No,Bank transfer (automatic),41,44224,621.8,1.9,5.6,Yes
5791-KAJFD,Female,No,56,Yes,No phone service,DSL,No,One year,Yes,Bank transfer (automatic),31,47076,505.5,1.2,7,No
2654-VBVPB,Female,No,1,Yes,Yes,No,No internet service,Month-to-month,No,Bank transfer (automatic),37,88744,485.3,0.6,7.8,No
1154-HYWWO,Male,No,38,Yes,No,DSL,Yes,One year,Yes,Mailed check,32,34837,423.4,1.2,8.5,No
2501-XWWTZ,Male,Yes,,Yes,No,Fiber optic,No,Month-to-month,No,Electronic check,41,40308,287,1.9,7.5,No
3716-UVSPD,Male,No,1,Yes,Yes,DSL,Yes,Month-to-month,No,,54,25725,270.7,3.8,5.5,No
6815-ABQFQ,Male,No,56,Yes,Yes,Fiber optic,Yes,One year,Yes,Electronic check,54,,477.9,4.2,9.2,No
7343-EOBEU,Male,No,,Yes,No,No,No internet service,Month-to-month,No,Mailed check,53,84463,613.9,2.7,7.2,No
3701-SFMUH,Male,No,7,Yes,No phone service,DSL,No,Month-to-month,Yes,Credit card (automatic),42,67980,399.6,3.8,5.7,No
6103-LIANB,Male,No,59,Yes,No,Fiber optic,No,Two year,Yes,Credit card (automatic),30,37491,921,2.6,5.5,No
7319-VENRZ,Male,No,7,Yes,No,DSL,Yes,Month-to-month,Yes,Bank transfer (automatic),37,40023,239.2,0,8.7,No
5846-NEQVZ,Male,Yes,71,Yes,Yes,DSL,Yes,Two year,Yes,Credit card (automatic),38,64912,340.1,1.8,6.6,No
6967-QIQRV,Male,No,15,Yes,No,Fiber optic,Yes,One year,Yes,Electronic check,37,93848,497.7,6.5,7.6,No
5781-RFZRP,Male,No,71,Yes,Yes,DSL,Yes,Two year,No,Credit card (automatic),64,41476,677.1,2.3,7,No
0939-YAPAF,Female,No,35,Yes,No,Fiber optic,No,Month-to-month,Yes,Electronic check,34,85594,638.7,4.6,4.7,Yes
0308-IVGOK,Female,No,11,No,Yes,DSL,Yes,One year,Yes,Credit card (automatic),44,28836,0,0.7,10,No
7293-LSCDV,Female,No,60,Yes,Yes,No,No internet service,Two year,Yes,Credit card (automatic),49,91243,634,2.8,4.9,No
7025-WCBNE,Male,Yes,47,Yes,No,DSL,Yes,Two year,Yes,Bank transfer (automatic),57,60100,,0.5,9.3,No
5756-JYOJT,Female,No,11,Yes,No,DSL,Yes,One year,No,Credit card (automatic),50,46571,417.6,2.1,7.9,No
4710-FDUIZ,Male,No,56,Yes,No phone service,Fiber optic,No,One year,No,Credit card (automatic),18,105338,554.3,3,5.8,Yes
6030-REHUX,Female,No,28,Yes,Yes,Fiber optic,Yes,Month-to-month,Yes,Electronic check,31,75126,432.9,8.5,8.1,No
9548-LIGTA,Male,No,61,Yes,Yes,DSL,Yes,Two year,Yes,Mailed check,18,120023,825.9,1.2,10,No
5150-LJNSR,Male,No,31,Yes,Yes,Fiber optic,No,One year,No,Bank transfer (automatic),41,60271,476.1,2.7,5.9,No
8270-RKSAP,Male,No,9,Yes,No,Fiber optic,No,Month-to-month,No,Electronic check,43,20506,740,3.4,7.8,No
6522-YRBXD,Male,No,35,Yes,No,Fiber optic,No,Month-to-month,Yes,Electronic check,39,60946,721.8,8,7,No
2640-LYMOV,Male,No,2,Yes,No,No,No internet service,Month-to-month,Yes,Mailed check,45,49061,401,1.1,7.5,No
1218-VKFPE,Female,No,12,Yes,No,No,No internet service,Month-to-month,No,Mailed check,36,56442,182.4,1.6,6.1,Yes
3627-FHKBK,Female,No,1,Yes,No,Fiber optic,No,Month-to-month,No,Mailed check,32,101441,464.2,5.7,5.3,Yes
2865-TCHJW,Female,No,4,Yes,Yes,Fiber optic,No,Month-to-month,Yes,Electronic check,58,42225,575.8,11.3,4.8,Yes
1423-BMPBQ,Female,No,1,Yes,Yes,No,No internet service,Month-to-month,No,Mailed check,27,108458,312.4,4.5,6.9,No
2393-DIVAI,Female,No,3,Yes,Yes,No,No internet service,Month-to-month,No,Mailed check,45,67633,84.9,6.8,6.4,No
5192-EBGOV,Female,No,1,Yes,No phone service,Fiber optic,No,Month-to-month,No,Electronic check,38,119917,498.4,5.5,6.7,Yes
4568-KNYWR,Male,No,52,Yes,No,DSL,No,Two year,No,Credit card (automatic),59,25343,355.4,0.7,5.7,No
8752-IMQOS,Male,No,5,Yes,No,No,No internet service,One year,Yes,Mailed check,50,43450,367.2,2.5,7.7,No
0742-LAFQK,Male,No,72,Yes,No,Fiber optic,No,Two year,No,Electronic check,79,46906,561.4,1.7,8.6,No
0795-LAFGP,Male,Yes,71,Yes,No phone service,DSL,Yes,Two year,Yes,Electronic check,79,35751,473.5,9.5,8.7,No
0619-OLYUR,Male,No,72,Yes,No,Fiber optic,Yes,Two year,Yes,Credit card (automatic),65,65672,590,0.3,6.6,No
5512-IDZEI,Male,No,46,Yes,Yes,No,No internet service,One year,No,Electronic check,90,52189,515,1.9,10,No
0459-SPZHJ,Male,No,63,Yes,Yes,DSL,No,Two year,No,Credit card (automatic),48,93230,763.3,1.4,6.1,No
0215-BQKGS,Male,No,30,Yes,No,Fiber optic,No,Month-to-month,No,,71,65827,208.2,1.7,5.5,No
9244-ZVAPM,Male,Yes,1,Yes,Yes,DSL,No,Month-to-month,Yes,Mailed check,45,28718,300,2.4,6.4,No
0719-SYFRB,Female,No,12,Yes,Yes,DSL,Yes,Month-to-month,No,Mailed check,85,42148,690.2,8.7,5.6,Yes
8208-EUMTE,Male,No,16,No,Yes,DSL,Yes,Two year,No,Mailed check,80,35189,0,1.6,8.2,No
5172-MIGPM,Male,Yes,4,Yes,No phone service,DSL,Yes,Month-to-month,Yes,Mailed check,53,63259,743.2,6,6.9,No
1710-RCXUS,Male,No,51,Yes,Yes,Fiber optic,No,One year,Yes,Credit card (automatic),31,61238,559.3,1.5,6.8,No
0374-FIUCA,Male,No,65,Yes,No,No,No internet service,Two year,No,Credit card (automatic),48,58597,387.4,1.4,9.1,No
5839-SUYVZ,Male,No,16,Yes,Yes,Fiber optic,Yes,Month-to-month,Yes,Credit card (automatic),18,32915,371.4,1.1,7.5,No
5173-ZXXXL,Male,No,2,Yes,No,No,No internet service,One year,Yes,Mailed check,53,64034,365.3,4.2,7.7,No
1096-ADRUX,Female,No,,Yes,Yes,Fiber optic,No,One year,Yes,Bank transfer (automatic),61,78240,495.2,1,7.3,No
2001-MCUUW,Male,Yes,46,Yes,No,Fiber optic,Yes,Two year,Yes,Electronic check,37,88417,710.7,2.7,5.9,No
2731-GJRDG,Female,Yes,32,Yes,No,Fiber optic,Yes,One year,Yes,Bank transfer (automatic),37,102577,535,1.9,8.7,No
4723-BEGSG,Male,No,72,Yes,No,DSL,Yes,Two year,No,Credit card (automatic),32,27113,746.5,0.6,9.5,No
6516-NKQBO,Male,No,,Yes,No,DSL,Yes,Two year,Yes,Credit card (automatic),38,85654,389.1,3.2,8.4,No
8672-OAUPW,Male,No,51,Yes,No,DSL,Yes,One year,Yes,Credit card (automatic),60,55955,515.6,0.8,5.4,No
8207-DMRVL,Male,Yes,72,Yes,No,Fiber optic,Yes,Two year,No,Bank transfer (automatic),32,31611,657.1,2.9,6.4,No
3419-SNJJD,Female,Yes,65,Yes,Yes,Fiber optic,No,Month-to-month,No,Bank transfer (automatic),85,39734,600.6,3.7,6.5,Yes
6543-CPZMK,Male,No,9,No,Yes,DSL,No,Month-to-month,Yes,Electronic check,64,70060,0,10.9,3.8,Yes
4765-OXPPD,Female,No,9,Yes,Yes,DSL,Yes,Month-to-month,No,Mailed check,40,67217,607.6,5.5,6,Yes
2804-ETQDK,Male,No,66,Yes,No,No,No internet service,Two year,No,Mailed check,59,84495,346.3,1,6.5,No
6689-VRRTK,Female,No,44,Yes,No,Fiber optic,No,One year,Yes,Credit card (automatic),19,99467,903.1,1,6.7,No
7138-GIRSH,Male,No,50,Yes,No,DSL,Yes,Two year,Yes,Bank transfer (automatic),40,71059,741.6,0.5,6.2,No
9396-ZSFLL,Female,No,15,Yes,No phone service,DSL,No,Month-to-month,No,Mailed check,20,65518,791.2,2.9,6.4,No
6464-KEXXH,Male,No,8,No,Yes,DSL,No,Month-to-month,No,Credit card (automatic),40,62969,0,0.9,9.5,No
7134-MJPDY,Female,No,66,Yes,No phone service,Fiber optic,Yes,One year,No,Credit card (automatic),45,38464,830.9,1.5,6.6,No
5240-CAOYT,Female,No,57,Yes,No,Fiber optic,Yes,Month-to-month,No,Bank transfer (automatic),72,59920,378.1,3,8,No
4059-IIEBK,Female,No,7,Yes,No,Fiber optic,No,Month-to-month,Yes,Bank transfer (automatic),33,99752,731.8,1,6.6,No
4881-JVQOD,Male,No,10,No,Yes,DSL,No,Month-to-month,Yes,Bank transfer (automatic),26,40500,0,0.2,5,No
0516-UXRMT,Female,No,62,Yes,No,Fiber optic,No,One year,Yes,Electronic check,81,31114,728.5,7.4,6.8,No
4851-BQDNX,Male,No,40,Yes,Yes,Fiber optic,No,One year,Yes,Electronic check,36,49588,394.1,3.3,8.1,No
5148-HKFIR,Female,No,20,Yes,No,No,No internet service,Two year,Yes,Mailed check,24,52973,729.5,1.6,8.5,No
1009-IRMNA,Female,No,7,Yes,Yes,No,No internet service,Month-to-month,Yes,Bank transfer (automatic),67,28395,435.6,5.1,6.6,Yes
3003-CMDUU,Female,No,25,Yes,Yes,Fiber optic,Yes,Month-to-month,No,Electronic check,85,27110,484.8,5.1,8,No
5016-IBERQ,Male,No,23,Yes,No,Fiber optic,No,Month-to-month,Yes,Electronic check,34,37788,328.4,3.5,6.1,No
6797-UCJHZ,Female,No,66,Yes,Yes,Fiber optic,No,One year,Yes,Credit card (automatic),26,70406,598.8,1.9,7.6,No
2469-DTSGX,Female,No,72,Yes,No,Fiber optic,Yes,Two year,Yes,Electronic check,41,32846,629.2,7.5,8.3,No
4554-YGZIH,Male,Yes,49,Yes,No,Fiber optic,No,Month-to-month,No,Credit card (automatic),45,101797,680.6,5.4,4.3,Yes
5099-BAILX,Male,No,43,Yes,Yes,Fiber optic,Yes,Month-to-month,No,Bank transfer (automatic),55,86985,599.9,4.6,9.1,Yes
9931-KGHOA,Female,No,46,Yes,No,DSL,No,Month-to-month,Yes,Bank transfer (automatic),41,69070,823.5,1.6,7.9,No
1775-KWJKQ,Male,No,72,Yes,No,DSL,Yes,Two year,No,Credit card (automatic),20,68943,357.4,3.4,7.9,No
7665-VIGUD,Male,No,10,Yes,Yes,No,No internet service,One year,Yes,Mailed check,73,78610,406.1,1.8,7,No
9411-TPQQV,Female,No,40,No,Yes,DSL,Yes,One year,Yes,Bank transfer (automatic),,93154,0,1.4,7.4,No
7207-RMRDB,Female,No,65,Yes,No,Fiber optic,No,Month-to-month,No,Electronic check,,120398,876.7,6.6,4.8,Yes
7954-MLBUN,Male,No,31,Yes,No,Fiber optic,Yes,Two year,No,Bank transfer (automatic),49,63426,319.5,0.8,8,No
2077-DDHJK,Female,No,68,Yes,No,DSL,Yes,Two year,No,Credit card (automatic),32,68382,434.7,1,7.4,No
4913-EHYUI,Male,No,56,Yes,Yes,Fiber optic,No,One year,Yes,,35,35800,619.8,1.3,4.8,Yes
0195-IESCP,Male,No,10,Yes,Yes,Fiber optic,No,Month-to-month,No,Electronic check,30,36968,501.5,8.8,6,Yes
9574-BOSMD,Male,No,,Yes,Yes,No,No internet service,Two year,Yes,Bank transfer (automatic),52,42705,718.3,1.6,6.8,No
4580-TMHJU,Female,No,43,Yes,No,DSL,No,Month-to-month,No,Electronic check,30,54169,661.8,1.2,5.3,Yes
0970-ETWGE,Male,No,1,Yes,Yes,Fiber optic,No,Month-to-month,Yes,Electronic check,46,155683,293.9,4.9,6,Yes
4908-XAXAY,Female,No,49,Yes,Yes,Fiber optic,No,One year,No,Bank transfer (automatic),30,158233,198.3,1.7,6.6,No
8404-VLQFB,Female,No,15,Yes,No,No,No internet service,Month-to-month,No,Electronic check,60,99803,452.6,4.9,5.3,No
1626-ERCMM,Male,Yes,20,Yes,Yes,Fiber optic,No,Month-to-month,Yes,Electronic check,29,35786,776.9,3.6,6.2,Yes
0887-HJGAR,Male,No,1,Yes,Yes,DSL,No,Month-to-month,Yes,Mailed check,65,49729,547.6,4.5,6.8,Yes
2391-IPLOP,Male,No,50,Yes,Yes,DSL,Yes,One year,Yes,,72,58674,197.6,4.1,6.5,No
5644-PDMZC,Female,Yes,2,Yes,No phone service,Fiber optic,No,Month-to-month,No,Electronic check,46,27858,493.4,4.2,4.8,Yes
3509-GWQGF,Male,No,24,Yes,Yes,Fiber optic,No,Month-to-month,Yes,Credit card (automatic),85,137255,237.8,3.4,7,No
9576-ANLXO,Female,No,3,Yes,No,Fiber optic,No,Month-to-month,No,Bank transfer (automatic),45,51464,295.5,6.3,7,Yes
2024-BASKD,Female,No,,Yes,Yes,Fiber optic,No,Month-to-month,No,Mailed check,66,49617,632.6,1.5,5.9,Yes
5845-BZZIB,Male,No,35,Yes,No phone service,No,No internet service,Two year,No,Mailed check,47,138326,203.1,0.6,9.4,No
1140-UKVZG,Female,No,17,Yes,No,No,No internet service,Month-to-month,Yes,Mailed check,90,67038,428.7,4.3,6,No
4160-AMJTL,Female,No,8,Yes,No,No,No internet service,Month-to-month,No,Electronic check,64,55612,680.3,5.1,7,Yes
5183-SNMJQ,Male,Yes,10,Yes,No,Fiber optic,Yes,Month-to-month,Yes,Credit card (automatic),34,53287,450.8,5,7.9,No
8100-PNJMH,Male,No,68,Yes,No,DSL,Yes,Two year,Yes,Credit card (automatic),18,41817,651,1.1,7.7,No
7838-LAZFO,Male,No,45,Yes,Yes,DSL,No,One year,Yes,Bank transfer (automatic),33,34112,476.3,4,7.8,No
4464-JCOLN,Male,No,2,Yes,No,No,No internet service,One year,No,Mailed check,84,36303,412.5,4.2,7.8,Yes
2085-JVGAD,Male,Yes,37,Yes,No,No,No internet service,Month-to-month,No,Bank transfer (automatic),57,38377,534,2.3,6.2,No
5650-VDUDS,Female,No,4,No,Yes,DSL,No,Month-to-month,No,Mailed check,72,71670,0,9,4.5,Yes
8095-WANWK,Female,No,10,Yes,No,DSL,No,Month-to-month,No,Mailed check,56,56714,421.3,5.5,6.9,No
3030-ZKIWL,Male,No,1,Yes,No,No,No internet service,Month-to-month,Yes,Mailed check,42,24613,664.8,1.6,6.3,No
9565-FLVCG,Male,Yes,65,Yes,No,DSL,No,Two year,No,Mailed check,57,34997,454.8,4.9,10,No
8755-OGKNA,Female,Yes,57,Yes,Yes,No,No internet service,Two year,Yes,Bank transfer (automatic),53,143171,489.9,3.9,9.5,No
2800-VEQXM,Female,No,3,Yes,No,Fiber optic,No,Month-to-month,Yes,Mailed check,39,29536,316,3.1,5.4,No
7538-GWHML,Female,No,,Yes,Yes,Fiber optic,No,Month-to-month,No,Electronic check,42,154370,461.3,8.5,6.5,Yes
5533-RJFTJ,Male,No,49,No,No,DSL,No,Month-to-month,No,Bank transfer (automatic),21,52151,0,3.1,9.1,No
3859-CVCET,Female,No,4,Yes,Yes,DSL,No,Month-to-month,No,Mailed check,47,36736,424.8,2.5,7.5,Yes
0214-JHPFW,Female,Yes,70,No,Yes,DSL,Yes,Two year,No,Bank transfer (automatic),35,56016,0,4.5,9.3,No
5642-MHDQT,Female,No,53,Yes,Yes,No,No internet service,One year,Yes,Bank transfer (automatic),74,54942,431.6,1.2,8.4,No
3088-FVYWK,Male,No,53,Yes,No,No,No internet service,Two year,Yes,Credit card (automatic),21,27903,537,0,8.4,No
3276-HDUEG,Female,No,1,Yes,No,Fiber optic,No,Month-to-month,Yes,Mailed check,31,72338,526.8,7,6.8,Yes
9092-GDZKO,Male,No,22,Yes,No,No,No internet service,Month-to-month,No,Credit card (automatic),59,95384,326.7,0.1,6,No
0823-HSCDJ,Male,Yes,52,No,Yes,DSL,No,Month-to-month,No,Electronic check,34,70181,0,5.7,6,Yes
3729-OWRVL,Male,No,65,Yes,Yes,Fiber optic,Yes,Two year,No,Electronic check,75,34652,374,3.6,8.2,No
2324-AALNO,Female,No,48,Yes,Yes,No,No internet service,One year,No,Bank transfer (automatic),77,73285,286.9,0.8,7.7,No
0822-GAVAP,Female,Yes,2,No,Yes,DSL,No,Month-to-month,No,,35,50631,0,3.3,4.9,Yes
5760-IFJOZ,Male,No,3,Yes,No,Fiber optic,No,Month-to-month,No,Mailed check,31,45718,553.3,3.3,7.2,No
2826-UWHIS,Male,No,45,Yes,Yes,Fiber optic,No,Month-to-month,Yes,Bank transfer (automatic),64,36774,721.7,6.9,5.4,No
1448-PWKYE,Male,No,1,Yes,No,Fiber optic,No,Month-to-month,No,Electronic check,40,40972,279.6,10,6,Yes
7501-IWUNG,Female,No,61,Yes,Yes,DSL,Yes,Two year,No,Bank transfer (automatic),81,50625,526.9,0.2,8.2,No
4957-TREIR,Male,Yes,3,Yes,Yes,DSL,Yes,Month-to-month,No,Credit card (automatic),42,44352,349.8,1.3,7.2,No
7251-LJBQN,Female,No,40,Yes,Yes,Fiber optic,Yes,One year,Yes,Credit card (automatic),30,48013,579.5,1.1,6.4,No
8040-MNRTF,Female,Yes,1,Yes,Yes,Fiber optic,No,Month-to-month,Yes,Mailed check,81,55325,522.7,4.3,7.2,No
1536-HBSWP,Female,Yes,1,Yes,Yes,DSL,Yes,Month-to-month,Yes,Electronic check,81,28641,336.7,9.1,6.4,No
5313-FPXWG,Male,No,51,Yes,Yes,No,No internet service,One year,Yes,Bank transfer (automatic),61,46875,633.8,1,7.1,No
0067-DKWBL,Male,No,2,Yes,Yes,DSL,No,Month-to-month,No,Electronic check,43,54666,401.7,3,5.6,Yes
0946-FKYTX,Male,No,52,No,Yes,DSL,No,One year,Yes,Mailed check,43,72237,0,0.2,9.2,No
5076-YVXCM,Male,No,51,Yes,No,Fiber optic,No,Month-to-month,Yes,Bank transfer (automatic),59,45409,565,0.9,7,No
8262-COGGB,Male,No,1,Yes,Yes,No,No internet service,Month-to-month,Yes,Mailed check,24,44834,376.1,3.3,6.4,No
6663-JOCQO,Male,No,31,Yes,No,DSL,Yes,One year,Yes,Bank transfer (automatic),23,82263,751.3,1,6.3,No
9620-QJREV,Male,Yes,47,Yes,Yes,No,No internet service,One year,Yes,Credit card (automatic),82,74569,696.5,0.5,7.1,No
2276-YDAVZ,Female,No,3,Yes,No,Fiber optic,No,Month-to-month,No,Credit card (automatic),61,26795,641.9,3.6,6.8,Yes
2682-KEVRP,Female,No,22,Yes,Yes,No,No internet service,One year,No,Mailed check,60,68690,160.2,1.4,7.4,No
2480-JZOSN,Female,No,1,Yes,No phone service,No,No internet service,Month-to-month,Yes,Mailed check,36,31752,469.4,1.2,8.8,No
0078-XZMHT,Male,Yes,72,Yes,No,DSL,Yes,Two year,No,Bank transfer (automatic),37,44046,,0,6.8,No
5896-NPFWW,Male,No,3,Yes,Yes,DSL,No,Month-to-month,Yes,Electronic check,36,42938,634.4,13.5,5,Yes
9978-HYCIN,Male,No,47,Yes,No,Fiber optic,No,One year,Yes,Bank transfer (automatic),43,42851,367.6,1.2,8,No
8338-QIUNR,Male,No,72,Yes,Yes,DSL,Yes,Two year,Yes,Credit card (automatic),76,21585,,3.4,9,No
1525-LNLOJ,Male,No,66,Yes,No,DSL,No,Two year,No,Bank transfer (automatic),47,27038,549,1.5,7.1,No
9450-TRJUU,Male,No,35,Yes,No,Fiber optic,No,Month-to-month,No,Electronic check,47,53762,839.6,6.3,6,No
1766-GKNMI,Male,No,29,Yes,No,Fiber optic,No,Month-to-month,No,Electronic check,46,104274,685.9,5.2,4.1,No
6942-LBFDP,Female,Yes,2,Yes,Yes,No,No internet service,Month-to-month,No,Mailed check,42,56960,272.6,0,4.2,No
1456-TWCGB,Male,No,4,Yes,No,DSL,No,Month-to-month,Yes,Mailed check,32,30976,451.3,0.6,7.7,No
7133-VBDCG,Female,No,25,Yes,No,Fiber optic,No,Month-to-month,Yes,Bank transfer (automatic),38,38419,602.4,1.9,7.2,Yes
7596-ZYWBB,Female,No,65,Yes,Yes,DSL,Yes,Two year,No,Mailed check,37,65669,259.8,0.7,6.1,No
8329-UTMVM,Male,No,27,Yes,No,Fiber optic,Yes,One year,Yes,Bank transfer (automatic),53,36719,590.6,1.2,6.6,No
3014-WJKSM,Male,No,29,Yes,No,Fiber optic,No,Month-to-month,Yes,Credit card (automatic),38,64883,216.7,2.9,4.1,No
3347-YJZZE,Male,No,29,Yes,No,DSL,No,Month-to-month,No,Credit card (automatic),85,51460,846,2.3,6.5,No
1029-QFBEN,Male,No,1,Yes,Yes,No,No internet service,Month-to-month,Yes,Mailed check,26,40803,354.9,1.9,7.2,Yes
7929-DMBCV,Female,No,20,Yes,Yes,Fiber optic,Yes,Month-to-month,No,Mailed check,61,116816,495.6,3.3,8.3,No
9661-JALZV,Female,No,58,Yes,Yes,No,No internet service,Two year,Yes,Credit card (automatic),34,35911,709,3.8,7.3,No
5433-KYGHE,Female,No,14,Yes,Yes,Fiber optic,Yes,Month-to-month,Yes,Mailed check,54,27691,820.9,1.9,5.8,No
4312-KFRXN,Male,Yes,72,Yes,No phone service,No,No internet service,Two year,No,Mailed check,73,57179,783.9,2.8,8.7,No
5575-TPIZQ,Male,No,46,Yes,No phone service,Fiber optic,No,Month-to-month,Yes,Credit card (automatic),46,74412,672.9,2.1,5.4,No
0114-IGABW,Female,Yes,71,No,No,DSL,Yes,Two year,Yes,Bank transfer (automatic),46,25062,0,1.5,7.8,No
9944-AEXBM,Male,No,32,Yes,No,Fiber optic,No,Month-to-month,Yes,Bank transfer (automatic),30,36713,602.5,3.1,6.8,No
1853-ARAAQ,Female,No,26,No,No phone service,DSL,No,Month-to-month,No,Credit card (automatic),36,42166,0,6.1,7.7,No
6952-OMNWB,Male,Yes,68,Yes,No,Fiber optic,No,Month-to-month,Yes,Credit card (automatic),55,25187,606.3,5.4,7.1,No
4697-LUPSU,Male,No,,Yes,No,No,No internet service,One year,Yes,Mailed check,49,46277,187.6,1,8.1,No
8434-VGEQQ,Male,No,61,Yes,No,No,No internet service,Two year,Yes,Credit card (automatic),48,95083,423,0.4,7.5,No
4952-YSOGZ,Female,No,4,Yes,Yes,Fiber optic,No,Month-to-month,Yes,Electronic check,41,48425,,2.7,7,Yes
1589-AGTLK,Male,No,3,Yes,No,DSL,No,Month-to-month,Yes,Electronic check,53,117762,546.5,4.4,4.9,Yes
5244-IRFIH,Male,No,33,Yes,No,Fiber optic,No,Month-to-month,No,Electronic check,48,123821,728.7,14.1,5.5,Yes
6549-YMFAW,Male,No,9,Yes,Yes,No,No internet service,Month-to-month,Yes,Mailed check,30,107589,457.8,5.6,6.6,No
4950-HKQTE,Female,No,22,Yes,No,No,No internet service,Two year,Yes,Mailed check,41,57622,620.1,5.9,7.3,No
6786-OBWQR,Female,No,5,Yes,Yes,Fiber optic,No,Month-to-month,Yes,,27,66957,158.6,2.5,8.1,No
2684-EIWEO,Female,No,30,Yes,No,Fiber optic,No,Month-to-month,Yes,Credit card (automatic),60,32975,455.1,4.5,7.6,Yes
2753-JMMCV,Male,No,65,Yes,Yes,DSL,Yes,Two year,Yes,Credit card (automatic),41,101414,613.1,0.2,8.4,No
6439-GTPCA,Female,No,45,Yes,Yes,Fiber optic,Yes,Month-to-month,No,Electronic check,40,44133,779.4,3.3,3.4,Yes
6621-YOBKI,Male,No,5,Yes,No,No,No internet service,Month-to-month,No,Mailed check,64,53829,299.7,4.2,6.6,No
1216-JWVUX,Male,No,25,Yes,Yes,Fiber optic,No,Month-to-month,Yes,Electronic check,47,75246,627.7,9.1,5.3,No
7564-GHCVB,Female,No,72,Yes,No,Fiber optic,No,Two year,Yes,Bank transfer (automatic),44,78020,389.6,2.9,5.9,No
1173-NOEYG,Female,No,27,Yes,Yes,Fiber optic,No,Month-to-month,No,Bank transfer (automatic),20,96367,545.7,0.3,6.1,No
7595-EHCDL,Male,No,32,No,Yes,DSL,No,Month-to-month,No,Credit card (automatic),22,52469,0,4.2,8,No
6647-ZEDXT,Female,No,30,Yes,Yes,Fiber optic,Yes,One year,Yes,Credit card (automatic),30,38159,606.6,1.7,5.3,No
2521-NPUZR,Male,No,70,Yes,Yes,Fiber optic,Yes,Two year,No,Credit card (automatic),74,34380,496.4,1.4,7.9,No
1307-TVUFB,Male,No,42,Yes,No,Fiber optic,No,Month-to-month,Yes,Bank transfer (automatic),40,91372,572.1,1.8,6.8,No
7503-MIOGA,Female,Yes,72,Yes,Yes,DSL,Yes,Two year,Yes,Bank transfer (automatic),49,48065,645.1,1.8,7.6,No
4381-MHQDC,Female,No,47,Yes,No,DSL,Yes,Two year,No,Mailed check,47,63720,1018.2,1.2,7.3,No
6923-JHPMP,Female,Yes,2,Yes,Yes,Fiber optic,No,Month-to-month,No,Electronic check,46,74656,359.8,6.5,8,No
5138-WVKYJ,Male,No,10,Yes,No,Fiber optic,No,Month-to-month,No,Electronic check,45,71787,749.4,3.7,7.1,Yes
4018-PPNDW,Female,Yes,61,Yes,No,No,No internet service,Two year,Yes,Mailed check,45,80914,621.3,3.3,6.7,No
1635-FJFCC,Female,No,5,Yes,No,DSL,No,Month-to-month,Yes,Credit card (automatic),53,62938,486.7,1.4,6.3,No
2499-AJYUA,Female,No,72,Yes,No,Fiber optic,Yes,Two year,No,Credit card (automatic),39,40344,616.7,1.6,7.4,No
6919-ELBGL,Male,No,72,Yes,No,Fiber optic,Yes,Two year,No,Bank transfer (automatic),46,50619,668.5,2.9,6,No
3966-HRMZA,Female,Yes,3,Yes,Yes,Fiber optic,No,Month-to-month,No,Mailed check,64,80151,190.6,1.1,7.3,No
6425-JWTDV,Male,No,48,Yes,Yes,No,No internet service,Two year,No,Mailed check,72,30259,475.5,0.3,7.1,No
8405-IGQFX,Female,Yes,63,Yes,No,Fiber optic,Yes,One year,Yes,Credit card (automatic),39,61908,427,1.4,6.7,No
8224-IVVPA,Female,No,27,Yes,No,DSL,No,Month-to-month,Yes,Mailed check,42,106986,391.6,1.9,8.5,No
9477-LGWQI,Male,Yes,70,Yes,No,DSL,No,Two year,Yes,,38,62939,472.3,0.2,6.6,No
1410-RSCMR,Male,No,7,Yes,No,DSL,Yes,Month-to-month,Yes,Credit card (automatic),42,86243,585.4,0.2,6.6,No
3115-CZMZD,Male,No,0,Yes,Yes,No,No internet service,Two year,No,Mailed check,66,32093,416.6,1,6.3,No
0139-IVFJG,Female,No,2,Yes,No,Fiber optic,No,Month-to-month,Yes,Electronic check,71,58279,407.5,14.5,6.4,No
6683-VLCTZ,Male,No,20,Yes,Yes,Fiber optic,No,Month-to-month,No,Electronic check,30,39705,747.6,2.6,3.7,Yes
5730-DBDSI,Male,Yes,66,Yes,Yes,No,No internet service,Two year,No,Bank transfer (automatic),41,93693,151.3,0,8.8,No
0030-FNXPP,Female,No,3,Yes,Yes,No,No internet service,Month-to-month,Yes,Mailed check,49,27463,602.4,1.8,6,No
2189-WWOEW,Female,No,15,Yes,Yes,Fiber optic,No,Month-to-month,Yes,,64,51425,458.7,6.4,7,Yes
5684-FJVYR,Female,No,72,Yes,No,Fiber optic,Yes,Two year,No,Bank transfer (automatic),37,50262,646.1,1,8.6,No
4013-GUXND,Male,No,,Yes,Yes,No,No internet service,Month-to-month,No,Mailed check,25,81502,631,3.4,4.9,No
1894-IGFSG,Female,No,22,Yes,No,Fiber optic,No,Month-to-month,Yes,Electronic check,34,46049,239.5,1.7,4.7,Yes
7379-POKDZ,Male,No,3,Yes,Yes,Fiber optic,No,Month-to-month,Yes,Electronic check,54,37664,558.6,7.7,7.3,Yes
1266-NZYUI,Female,No,72,Yes,No,DSL,Yes,Two year,Yes,,31,47646,816.6,3.6,7.1,No
7969-FFOWG,Male,No,65,Yes,Yes,No,No internet service,Two year,No,Mailed check,42,40073,477.9,0.8,8.1,No
4718-DHSMV,Female,No,11,No,No phone service,DSL,No,Month-to-month,Yes,Mailed check,83,18000,0,3.4,6,No
5175-WLYXL,Male,No,22,Yes,Yes,Fiber optic,No,Month-to-month,No,Mailed check,70,39881,369.1,2.9,6.2,No
7817-OMJNA,Male,Yes,14,Yes,Yes,No,No internet service,One year,Yes,Bank transfer (automatic),57,36785,660.8,0,8.8,No
8728-SKJLR,Male,No,41,Yes,No,Fiber optic,Yes,Month-to-month,Yes,Electronic check,30,109669,600.1,0.4,7.3,No
3137-NYQQI,Male,No,17,Yes,No,DSL,No,One year,Yes,Mailed check,26,99042,160.6,3.2,7.7,No
7706-DZNKK,Male,Yes,11,Yes,No,No,No internet service,Month-to-month,Yes,Credit card (automatic),35,20464,709.7,5.1,8.3,No
0236-HFWSV,Male,No,15,Yes,No,Fiber optic,No,Month-to-month,Yes,Electronic check,55,52452,576.2,3.4,5.6,Yes
3900-AQPHZ,Female,No,1,Yes,Yes,No,No internet service,Month-to-month,No,Mailed check,44,73357,384.6,5,5.6,Yes
5842-POCOP,Female,No,5,Yes,Yes,Fiber optic,No,Month-to-month,No,Mailed check,20,35113,479.6,3.5,5.9,Yes
2037-XJFUP,Male,No,33,Yes,No,Fiber optic,No,One year,Yes,Electronic check,38,52012,404.2,17.5,5.3,Yes
8823-RLPWL,Female,Yes,72,Yes,No,Fiber optic,No,Two year,Yes,Credit card (automatic),30,86166,614.7,1.9,9.1,No
9505-SQFSW,Female,No,3,No,Yes,DSL,No,Month-to-month,No,Mailed check,32,38985,0,2,5.8,No
7314-OXENN,Male,No,2,Yes,Yes,Fiber optic,No,Month-to-month,Yes,Electronic check,50,42635,201.2,3.2,4.9,Yes
3758-CKOQL,Female,No,59,Yes,No,Fiber optic,Yes,One year,No,Credit card (automatic),51,22585,656.1,3.1,8,No
0322-CHQRU,Male,No,2,Yes,Yes,DSL,No,Month-to-month,No,Electronic check,28,137292,330.8,3.9,9.2,Yes
5676-CFLYY,Male,No,71,Yes,No phone service,DSL,Yes,Two year,No,Credit card (automatic),60,40673,771.2,0.3,6.3,No
7521-AFHAB,Female,No,5,Yes,Yes,DSL,No,Month-to-month,No,Mailed check,75,55955,348.5,3.7,8.4,No
0285-INHLN,Male,No,27,Yes,No,DSL,No,Month-to-month,No,Credit card (automatic),45,38701,449.1,2.4,7,No
4678-DVQEO,Female,No,1,Yes,No,DSL,Yes,Month-to-month,Yes,Electronic check,54,104004,25,8.9,4.9,Yes
5125-CNDSP,Male,No,63,No,Yes,DSL,Yes,One year,Yes,Bank transfer (automatic),35,119402,0,0.2,9.4,No
0691-IFBQW,Female,No,46,Yes,Yes,Fiber optic,No,One year,Yes,Electronic check,61,51335,319.8,2.9,5.6,Yes
4992-LTJNE,Male,Yes,72,Yes,Yes,DSL,No,Two year,Yes,Bank transfer (automatic),63,22785,807.5,1.4,8.6,No
2202-OUTMO,Female,No,34,Yes,Yes,DSL,Yes,Month-to-month,Yes,Bank transfer (automatic),80,85615,769,2.2,7.9,No
0810-BDHAW,Female,No,24,Yes,No,DSL,No,One year,Yes,Electronic check,59,40026,702,1.6,6.6,No
0229-LFJAF,Male,No,72,Yes,No,DSL,Yes,Two year,No,Bank transfer (automatic),37,50217,484,0.7,8.2,No
7131-ZQZNK,Female,No,60,No,No,DSL,Yes,Two year,Yes,Credit card (automatic),31,82066,0,0.5,7.1,No
3442-ZHHCC,Male,No,68,Yes,Yes,DSL,No,One year,No,Credit card (automatic),43,83886,428.7,1.7,5.6,No
5726-CVNYA,Female,No,8,Yes,Yes,No,No internet service,Two year,Yes,Mailed check,81,107254,563.2,0.6,,No
9871-ELEYA,Female,No,34,Yes,No,DSL,Yes,Two year,Yes,,38,68506,534.5,0.8,6.3,No
4257-GAESD,Female,No,6,No,Yes,DSL,No,Month-to-month,Yes,Credit card (automatic),28,50122,0,2.8,7.3,No
5173-WXOQV,Male,No,2,Yes,No phone service,DSL,Yes,Month-to-month,No,Mailed check,36,45371,743.2,2,8.2,No
2040-OBMLJ,Male,No,31,Yes,Yes,Fiber optic,Yes,One year,No,Credit card (automatic),27,58554,518.2,2.2,8,No
6286-ZHAOK,Female,No,20,Yes,No,No,No internet service,Month-to-month,No,Bank transfer (automatic),34,20060,665,1.3,7.8,No
3807-XHCJH,Female,Yes,1,Yes,No,No,No internet service,Month-to-month,Yes,Electronic check,40,39633,618.3,9.8,7.7,No
3009-JWMPU,Male,No,62,Yes,Yes,Fiber optic,No,One year,No,Electronic check,59,114995,556.3,6.3,6.3,Yes
5671-RQRLP,Female,No,70,Yes,No,Fiber optic,No,Two year,No,Credit card (automatic),32,61091,827.4,1.7,7.2,No
1450-GALXR,Female,No,,Yes,No,Fiber optic,Yes,Month-to-month,No,Electronic check,34,64807,372.7,9.3,8.9,Yes
8859-AXJZP,Male,No,39,Yes,Yes,No,No internet service,Two year,Yes,Mailed check,37,103970,366.8,,7.2,No
3174-AKMAS,Female,No,46,Yes,Yes,DSL,Yes,Two year,Yes,Credit card (automatic),64,98292,476.6,2.5,8,No
3138-BKYAV,Male,No,6,Yes,Yes,Fiber optic,No,Month-to-month,Yes,Electronic check,46,60197,645.4,5.1,4.7,Yes
9926-PJHDQ,Female,Yes,72,Yes,Yes,DSL,No,Two year,No,Bank transfer (automatic),18,50158,722.4,1.4,5.4,No
7382-DFJTU,Male,No,18,Yes,No phone service,DSL,Yes,Month-to-month,No,Credit card (automatic),34,28264,319.4,8.1,7.9,No
2798-NYLMZ,Male,No,71,Yes,No,Fiber optic,Yes,Two year,Yes,Credit card (automatic),42,54651,553.5,0,7.7,No
4289-DTDKW,Male,No,40,Yes,No,Fiber optic,No,Month-to-month,Yes,Electronic check,79,74563,567.7,3.6,5.6,Yes
1820-TQVEV,Male,No,1,Yes,Yes,Fiber optic,No,Month-to-month,Yes,Electronic check,76,65621,463.6,8.5,5.2,Yes
2239-JALAW,Male,No,58,Yes,Yes,Fiber optic,No,One year,Yes,Bank transfer (automatic),55,74631,516.7,1.8,5.1,Yes
4853-RULSV,Male,No,70,Yes,No,Fiber optic,Yes,Two year,Yes,Credit card (automatic),58,39696,527.3,2.9,4.9,Yes
8098-TDCBU,Female,No,,Yes,Yes,No,No internet service,Two year,Yes,Electronic check,23,24462,633.5,2.2,8.2,No
3551-GAEGL,Male,No,34,No,Yes,DSL,No,One year,Yes,Bank transfer (automatic),37,23831,0,4.8,7.8,No
4785-NKHCX,Male,No,5,Yes,Yes,No,No internet service,Month-to-month,Yes,Bank transfer (automatic),51,45837,414.4,0.7,8,No
3196-NVXLZ,Female,No,25,Yes,No,Fiber optic,No,Month-to-month,Yes,Mailed check,53,86697,401.9,0.2,7.3,No
6275-YDUVO,Female,No,2,Yes,No phone service,Fiber optic,No,Month-to-month,Yes,Mailed check,24,55331,103.7,3,6.1,Yes
0036-IHMOT,Female,No,55,Yes,No,Fiber optic,Yes,One year,Yes,Bank transfer (automatic),38,32784,817.3,2.2,7.2,No
0115-TFERT,Male,Yes,21,Yes,Yes,Fiber optic,Yes,Month-to-month,No,Electronic check,34,63575,539.2,7.9,7.3,Yes
4178-EGMON,Male,No,70,Yes,Yes,Fiber optic,Yes,Two year,No,Credit card (automatic),49,61576,906.7,0.5,4.8,No
4220-TINQT,Female,No,61,Yes,Yes,Fiber optic,Yes,Month-to-month,Yes,,60,39476,730.8,2.1,6.9,No
5318-YKDPV,Male,No,43,Yes,No,DSL,Yes,Two year,Yes,Credit card (automatic),34,50846,468.4,1.4,9.4,No
7975-TZMLR,Male,Yes,47,Yes,No,Fiber optic,No,One year,No,Electronic check,69,48587,923.2,0.2,6.1,No
0295-QVKPB,Male,No,5,Yes,Yes,DSL,Yes,Month-to-month,No,Credit card (automatic),51,78135,363.7,1.6,6.8,No
4335-BSMJS,Female,No,62,Yes,No,No,No internet service,Two year,Yes,Credit card (automatic),26,36168,341.8,1.3,7.2,No
2311-QYMUQ,Female,No,16,Yes,Yes,Fiber optic,No,Month-to-month,No,Credit card (automatic),39,45166,638.7,2.9,3.5,Yes
3643-AHCFP,Male,No,7,Yes,No,Fiber optic,No,Month-to-month,No,Bank transfer (automatic),43,35262,572.5,3,5.1,Yes
9146-JRIOX,Female,Yes,14,Yes,No,No,No internet service,Month-to-month,No,Mailed check,44,46974,705.7,3.7,7.3,No
3104-OWCGK,Male,No,60,Yes,No,Fiber optic,No,One year,Yes,Electronic check,25,43948,552,3.3,4.8,Yes
5337-IIWKZ,Male,No,34,No,No phone service,DSL,Yes,Month-to-month,Yes,Electronic check,43,98373,0,2.1,7.2,No
9101-BWFSS,Female,No,50,Yes,No,Fiber optic,Yes,One year,Yes,Electronic check,49,60368,792.4,4,8.4,Yes
9650-VBUOG,Male,No,38,Yes,Yes,No,No internet service,Two year,Yes,Credit card (automatic),31,,922.8,0.9,8.1,No
3487-EARAT,Female,No,70,Yes,Yes,DSL,Yes,One year,No,Credit card (automatic),42,65292,620.7,3.1,4,No
2672-TGEFF,Female,No,37,Yes,No,Fiber optic,No,Month-to-month,Yes,Electronic check,53,47918,464.8,4.3,7.1,No
9231-ZJYAM,Female,No,4,Yes,Yes,Fiber optic,No,Month-to-month,Yes,Electronic check,39,79371,561.5,7.8,5.5,Yes
4250-WAROZ,Male,No,60,Yes,No,Fiber optic,No,Month-to-month,Yes,Electronic check,40,63901,537.2,4,6.5,No
8184-WMOFI,Male,No,,Yes,Yes,DSL,Yes,One year,No,Credit card (automatic),32,57384,289,0.6,6.7,No
6982-SSHFK,Male,No,1,Yes,No phone service,DSL,No,Month-to-month,No,Mailed check,31,103846,359.6,2,5.8,Yes
6092-QZVPP,Male,No,36,Yes,Yes,DSL,Yes,Month-to-month,Yes,Credit card (automatic),73,,193.4,0,6.2,No
4625-LAMOB,Male,No,44,Yes,No,No,No internet service,Two year,Yes,Credit card (automatic),41,55257,607.8,2.4,8,No
0727-BMPLR,Female,No,55,Yes,No,Fiber optic,No,One year,No,Electronic check,80,93478,379.9,2.5,3.8,Yes
0392-BZIUW,Female,No,72,Yes,No phone service,Fiber optic,No,Two year,Yes,Credit card (automatic),45,112855,352.1,1.2,6.1,No
1038-ZAGBI,Female,Yes,12,Yes,No phone service,No,No internet service,One year,No,Bank transfer (automatic),38,70849,469.9,1.7,6.7,Yes
6549-NNDYT,Female,No,13,No,Yes,DSL,No,Month-to-month,Yes,Bank transfer (automatic),27,23564,0,6.8,7.5,No
3027-ZTDHO,Male,No,1,Yes,Yes,Fiber optic,No,Month-to-month,Yes,Electronic check,48,42377,,5.3,6,Yes
0422-OHQHQ,Female,No,15,Yes,No,No,No internet service,One year,No,Mailed check,45,27001,495.8,2.6,8.7,No
6916-HIJSE,Female,No,65,Yes,No,DSL,Yes,Two year,No,Bank transfer (automatic),56,41698,431.9,0,5.2,No
2316-ESMLS,Female,No,12,No,No,DSL,Yes,One year,No,Credit card (automatic),42,61035,0,1.6,6.7,No
9778-OGKQZ,Male,No,72,Yes,Yes,DSL,Yes,Two year,No,Credit card (automatic),72,48408,624.9,2.6,8.7,No
7408-OFWXJ,Female,No,72,Yes,No,DSL,Yes,Two year,Yes,Credit card (automatic),27,31596,623.2,5.7,7.3,No
6007-TCTST,Female,No,72,Yes,Yes,Fiber optic,Yes,Two year,Yes,Bank transfer (automatic),63,36163,703.5,2.1,7.6,No
2252-NKNSI,Male,No,52,Yes,No phone service,DSL,Yes,Two year,No,Mailed check,52,125993,630,1.5,9.9,No
8713-IGZSO,Male,Yes,2,Yes,No,No,No internet service,Month-to-month,Yes,Mailed check,78,19224,614.1,1.3,7.5,No
7905-TVXTA,Female,No,5,Yes,No,DSL,Yes,Month-to-month,Yes,Electronic check,18,76684,577.4,7.3,7.2,No
7695-PKLCZ,Female,No,68,Yes,Yes,No,No internet service,Two year,Yes,Credit card (automatic),40,81437,539.8,1.2,7,No
2382-BCKQJ,Female,No,62,Yes,No phone service,Fiber optic,No,One year,Yes,Electronic check,,70224,579.1,11.8,6.8,Yes
8374-UULRV,Male,Yes,72,Yes,No,DSL,Yes,Two year,Yes,Credit card (automatic),24,58022,746.5,0.4,8.4,No
2207-NHRJK,Male,No,1,Yes,No,DSL,No,Month-to-month,Yes,Electronic check,70,60957,354,13.9,5.7,Yes
3224-DFQNQ,Female,No,66,Yes,Yes,Fiber optic,Yes,One year,No,Electronic check,75,86673,576.5,2.5,9.3,No
5275-PMFUT,Male,No,72,No,Yes,DSL,Yes,Two year,Yes,Credit card (automatic),24,48859,0,1.2,5.4,No
4795-UXVCJ,Male,No,26,Yes,No,No,No internet service,One year,Yes,Credit card (automatic),46,37320,123.5,1,7.2,No
9777-IQHWP,Male,Yes,64,Yes,Yes,Fiber optic,No,Two year,No,Bank transfer (automatic),49,31422,686.2,0.9,7.7,No
0947-MUGVO,Male,Yes,20,Yes,No,Fiber optic,No,Month-to-month,Yes,Electronic check,48,113942,423.7,11.4,6,Yes
9944-HKVVB,Female,No,3,Yes,Yes,Fiber optic,No,Month-to-month,No,Electronic check,31,38498,392.9,9.1,7.2,Yes
4124-MMETB,Male,No,22,Yes,No phone service,Fiber optic,No,Month-to-month,Yes,Credit card (automatic),38,32602,517.5,3.7,5,Yes
3671-SHRSP,Male,No,4,Yes,Yes,Fiber optic,Yes,Month-to-month,No,Mailed check,65,55812,358.8,13.6,5.8,Yes
0979-MOZQI,Male,No,62,No,No,DSL,Yes,Two year,Yes,Bank transfer (automatic),77,28893,0,0.5,7.9,No
2732-ISEZX,Female,No,5,Yes,No,No,No internet service,Month-to-month,Yes,Mailed check,40,102334,316.5,0,7.6,No
3313-QKNKB,Male,No,59,Yes,No phone service,Fiber optic,No,One year,Yes,Electronic check,47,33753,713.7,6.2,7.6,Yes
0323-XWWTN,Male,No,3,Yes,Yes,No,No internet service,Two year,Yes,Mailed check,86,41868,532.9,1.4,7.2,No
1937-OTUKY,Female,Yes,72,Yes,No,Fiber optic,Yes,Two year,No,Bank transfer (automatic),30,26904,775.7,3.4,7,No
1573-LGXBA,Male,No,,Yes,Yes,Fiber optic,No,One year,Yes,Credit card (automatic),70,62260,505.6,2.2,6.7,No
1764-VUUMT,Male,Yes,66,Yes,Yes,No,No internet service,Two year,Yes,Credit card (automatic),74,58320,397.4,0,9.1,No
5073-WXOYN,Female,Yes,60,No,No phone service,DSL,No,Month-to-month,No,Electronic check,74,209462,0,5.4,6.1,Yes
4713-ZBURT,Male,Yes,45,Yes,No,Fiber optic,No,Two year,No,Bank transfer (automatic),62,105212,524.8,3.9,7.5,No
3050-GBUSH,Female,No,3,No,Yes,DSL,No,Month-to-month,No,Credit card (automatic),46,90776,0,5,5.8,No
0207-MDKNV,Female,No,15,Yes,Yes,Fiber optic,Yes,Month-to-month,No,Electronic check,19,37539,569.1,2.2,7.1,Yes
7876-AEHIG,Female,No,51,No,No,DSL,Yes,One year,No,Bank transfer (automatic),56,39085,0,2,8.5,No
7945-HLKEA,Female,No,60,Yes,Yes,DSL,Yes,One year,Yes,Electronic check,82,144829,451.8,0.5,5.4,No
9342-VNIMQ,Male,No,33,Yes,No,DSL,No,Month-to-month,No,Bank transfer (automatic),60,45390,352.8,0.6,7.2,No
9851-KIELU,Male,No,10,Yes,No,Fiber optic,Yes,Month-to-month,Yes,Electronic check,26,76106,273.4,3.6,5.9,Yes
3523-BRGUW,Male,No,26,Yes,No,No,No internet service,One year,No,Credit card (automatic),31,83487,400.9,2.4,,No
3908-BLSYF,Female,No,6,Yes,No,Fiber optic,No,Month-to-month,No,Electronic check,37,50591,512.3,4.1,4.3,Yes
3199-NPKCN,Female,No,67,Yes,Yes,Fiber optic,Yes,One year,Yes,Electronic check,78,43319,434.2,5,7.8,No
5170-PTRKA,Female,No,49,No,Yes,DSL,Yes,One year,Yes,Credit card (automatic),72,41944,0,0,7.5,No
4661-NJEUX,Male,No,,Yes,Yes,No,No internet service,Month-to-month,Yes,Mailed check,49,,772.7,3.1,8.7,No
2123-AGEEN,Female,No,7,Yes,No,Fiber optic,No,Month-to-month,Yes,Electronic check,61,73162,416.2,3.2,6.4,No
1258-YMZNM,Female,No,,Yes,Yes,Fiber optic,No,One year,No,Bank transfer (automatic),27,60068,691.9,4.2,7.3,No
0048-LUMLS,Male,No,37,Yes,No,Fiber optic,No,One year,Yes,Credit card (automatic),29,46522,624,1.4,5,No
7549-MYGPK,Female,No,63,Yes,No,Fiber optic,No,Month-to-month,No,Electronic check,54,51626,392.1,2.9,3.4,Yes
5898-IGSLP,Male,No,31,Yes,No phone service,Fiber optic,Yes,Month-to-month,Yes,,43,68085,579.1,1.5,8.4,No
3804-RVTGV,Male,No,50,Yes,No,Fiber optic,No,Month-to-month,No,Bank transfer (automatic),42,52158,305,1.6,3.5,Yes
6259-WJQLC,Male,No,32,Yes,Yes,Fiber optic,No,Month-to-month,Yes,Credit card (automatic),69,75393,494.5,2.3,6.5,No
9227-LUNBG,Female,No,1,No,No phone service,DSL,No,Month-to-month,Yes,Electronic check,29,48689,0,6.6,5.1,Yes
7997-EASSD,Female,No,63,Yes,No,Fiber optic,Yes,One year,Yes,Credit card (automatic),34,38033,513.4,0.3,9,No
0730-KOAVE,Male,No,30,Yes,No,Fiber optic,No,Month-to-month,No,Credit card (automatic),24,75982,490,1.1,6.1,No
8975-SKGRX,Male,Yes,71,Yes,Yes,Fiber optic,Yes,Two year,No,Bank transfer (automatic),44,90465,629.4,2.1,8.5,No
0678-RLHVP,Female,Yes,53,Yes,No,Fiber optic,No,Two year,No,Electronic check,42,50926,560.3,2.4,7,No
4315-MURBD,Female,No,12,Yes,No,Fiber optic,Yes,Month-to-month,Yes,Bank transfer (automatic),30,70322,172.1,2.7,9.3,Yes
2267-FPIMA,Male,No,50,Yes,Yes,Fiber optic,No,Month-to-month,Yes,Credit card (automatic),76,29718,680.5,4.7,6.5,No
1051-GEJLJ,Female,No,2,Yes,No phone service,No,No internet service,Month-to-month,Yes,Mailed check,28,58186,434.8,6.3,6.3,No
9734-YWGEX,Female,No,9,Yes,Yes,Fiber optic,No,Month-to-month,Yes,Credit card (automatic),42,54705,363.3,8.3,6,Yes
2719-BDAQO,Male,Yes,,Yes,No,Fiber optic,No,Month-to-month,No,Electronic check,42,33597,454.4,14.2,4.2,Yes
5285-MVEHD,Female,No,56,Yes,No,Fiber optic,No,One year,Yes,Credit card (automatic),38,47043,184.3,0,7.3,No
0379-DJQHR,Male,No,67,Yes,No,DSL,No,Two year,No,Credit card (automatic),53,28783,541.8,1.1,9.5,No
0781-LKXBR,Male,No,9,Yes,No,Fiber optic,No,Month-to-month,No,Electronic check,55,62329,580.7,3.1,6.9,Yes
5543-QDCRY,Male,No,4,Yes,Yes,DSL,No,Month-to-month,No,Electronic check,69,44106,241,,8.1,No
0297-RBCSG,Male,Yes,19,Yes,No,DSL,Yes,One year,No,Bank transfer (automatic),35,30046,616,1.6,8.2,No
4694-PHWFW,Female,No,8,Yes,No,No,No internet service,Month-to-month,Yes,Mailed check,,58190,746.4,4.6,6.3,No
0835-JKADZ,Female,No,71,Yes,No,Fiber optic,Yes,Two year,Yes,Electronic check,45,42972,482,0.9,5.5,No
1907-UBQFC,Male,No,10,Yes,No phone service,Fiber optic,No,Month-to-month,Yes,Electronic check,29,54878,462.6,7.5,6.2,Yes
7508-SMHXL,Female,No,15,Yes,No,Fiber optic,No,Month-to-month,Yes,Credit card (automatic),23,61114,536.9,2.2,6.1,No
3865-YIOTT,Male,No,72,Yes,Yes,Fiber optic,No,One year,Yes,Bank transfer (automatic),47,43376,772.3,0,7.2,No
5993-BQHEA,Male,No,12,Yes,No,No,No internet service,One year,Yes,Credit card (automatic),63,38471,593.2,1.7,7.7,No
6024-RUGGH,Male,No,,Yes,No,No,No internet service,Two year,Yes,Bank transfer (automatic),52,38545,515.8,0.2,7.3,No
6513-EECDB,Male,No,1,Yes,Yes,Fiber optic,No,Month-to-month,Yes,Electronic check,35,66126,594.8,5.7,4.1,Yes
3956-CJUST,Female,No,,Yes,No,Fiber optic,No,Month-to-month,Yes,Bank transfer (automatic),35,92860,476.9,5.6,6.8,No
4079-WWQQQ,Male,No,72,No,Yes,DSL,Yes,Two year,No,Bank transfer (automatic),25,66918,0,0.9,9,No
6103-BOCOU,Female,No,26,Yes,Yes,Fiber optic,No,Month-to-month,No,Electronic check,40,76321,469.4,2.1,6,No
5149-TGWDZ,Female,No,21,Yes,Yes,Fiber optic,Yes,One year,No,Mailed check,75,33122,584.5,0.8,7.6,No
7471-WNSUF,Male,No,60,Yes,Yes,No,No internet service,One year,No,Bank transfer (automatic),49,21558,749,0,8,No
8942-DBMHZ,Male,No,12,Yes,No,No,No internet service,Month-to-month,Yes,Mailed check,48,27718,458.2,7.1,8.4,No
4301-VVZKA,Male,No,16,Yes,Yes,Fiber optic,No,Month-to-month,No,Electronic check,64,59373,777.3,0.7,4.1,No
9199-PWQVC,Female,No,63,Yes,Yes,DSL,No,One year,Yes,Credit card (automatic),43,82161,816.3,0.7,7,No
4824-GUCBY,Female,No,22,Yes,Yes,Fiber optic,No,Month-to-month,No,Electronic check,83,89818,378.9,8.4,7.2,No
5393-HJZSM,Female,Yes,32,Yes,Yes,DSL,Yes,Month-to-month,No,Bank transfer (automatic),76,113971,402,0.1,5,No
7074-IEVOJ,Female,Yes,3,Yes,No phone service,Fiber optic,No,Month-to-month,Yes,Electronic check,25,61974,608.1,2.9,5.4,Yes
9625-QSTYE,Female,No,13,Yes,Yes,Fiber optic,No,Month-to-month,No,Electronic check,79,45919,531.1,17.4,6.8,Yes
0862-PRCBS,Female,No,68,Yes,No,Fiber optic,Yes,Two year,No,Credit card (automatic),36,51940,552.3,1.1,5.3,No
8812-ZRHFP,Female,No,30,Yes,No,Fiber optic,No,One year,No,Electronic check,50,41210,454,5.9,5,No
5146-CBVOE,Female,No,16,Yes,Yes,Fiber optic,No,Month-to-month,Yes,Bank transfer (automatic),74,54851,658.6,0.3,7.1,No
0454-OKRCT,Male,No,33,Yes,Yes,Fiber optic,Yes,Two year,Yes,Bank transfer (automatic),44,85441,519.4,0.9,7.9,No
5787-KXGIY,Male,No,72,Yes,Yes,No,No internet service,Two year,Yes,Credit card (automatic),60,70429,385.9,3.4,8.3,No
4750-ZRXIU,Female,No,4,Yes,Yes,Fiber optic,No,Month-to-month,Yes,Electronic check,53,60496,542.9,7.3,4.7,Yes
4198-VFOEA,Female,No,12,No,No,DSL,Yes,One year,No,Mailed check,72,44793,0,0.1,9.7,No
6630-UJZMY,Female,No,4,Yes,No phone service,Fiber optic,No,Month-to-month,Yes,Electronic check,58,68569,941.4,7.1,6,No
5709-LVOEQ,Female,No,0,Yes,No,DSL,No,Two year,Yes,Mailed check,43,50337,422.6,1.8,7.9,No
6400-BWQKW,Female,No,6,Yes,Yes,Fiber optic,No,Month-to-month,Yes,Electronic check,64,46434,821.1,6,6.3,Yes
2692-AQCPF,Female,Yes,65,Yes,No,Fiber optic,Yes,One year,No,Credit card (automatic),61,52409,748.9,0.3,6,No
0347-UBKUZ,Female,No,15,Yes,No,No,No internet service,Month-to-month,Yes,Mailed check,41,47019,615.8,0,6.9,No
0835-DUUIQ,Female,Yes,24,Yes,Yes,No,No internet service,One year,Yes,Bank transfer (automatic),78,34402,472.8,0.9,6.6,No
0811-GSDTP,Female,No,13,No,Yes,DSL,No,Month-to-month,Yes,Electronic check,69,51756,0,2.7,7.6,No
7567-ECMCM,Male,Yes,24,Yes,Yes,Fiber optic,No,Month-to-month,No,Credit card (automatic),49,33364,613.3,0.9,5.5,No
6115-ZTBFQ,Female,No,72,No,Yes,DSL,Yes,Two year,Yes,Bank transfer (automatic),35,39819,0,2.4,7.1,No
6353-BRMMA,Female,Yes,54,Yes,No,Fiber optic,No,Month-to-month,Yes,Bank transfer (automatic),40,71357,469.4,0,5.7,No
6680-WKXRZ,Female,No,3,Yes,No,Fiber optic,No,Month-to-month,No,Bank transfer (automatic),55,22790,474.1,4.7,7.7,Yes
6231-WFGFH,Male,No,4,Yes,Yes,No,No internet service,Month-to-month,No,Mailed check,43,38111,547.9,3.3,5.9,No
9904-EHEVJ,Female,Yes,32,Yes,Yes,Fiber optic,No,Month-to-month,No,Mailed check,30,24826,639.3,0.5,4.9,No
7028-DVOIQ,Male,No,35,Yes,No,Fiber optic,No,Month-to-month,Yes,Electronic check,38,115157,767.1,2.4,4.7,Yes
6169-PPETC,Male,No,35,Yes,No,No,No internet service,Two year,Yes,Bank transfer (automatic),55,43010,631.7,3.7,8.1,No
4208-UFFGW,Male,No,2,Yes,No,DSL,No,Month-to-month,Yes,Mailed check,48,99638,268.3,4.4,7.8,Yes
8584-KMVXD,Female,No,8,Yes,Yes,Fiber optic,No,Month-to-month,No,Electronic check,33,74215,831.2,3.4,6.9,No
8467-WYNSR,Male,No,22,Yes,Yes,DSL,Yes,Month-to-month,Yes,Mailed check,45,109911,308.8,0,6.9,No
0851-DFJKB,Female,No,15,Yes,No,DSL,Yes,Month-to-month,Yes,Electronic check,45,143158,459.8,14.7,6.6,No
5382-SOYZL,Male,No,22,Yes,No,Fiber optic,No,Month-to-month,Yes,Electronic check,27,27790,569.2,10.9,,No
9448-REEVD,Male,No,1,Yes,No,DSL,No,Month-to-month,Yes,Credit card (automatic),45,61112,199,2.4,3.6,Yes
3261-CQXOL,Female,No,71,Yes,Yes,No,No internet service,Two year,No,Bank transfer (automatic),69,52386,770,4.7,6.7,No
8388-FYNPZ,Male,No,4,Yes,Yes,DSL,No,Month-to-month,Yes,Electronic check,27,58214,418.2,5.2,6.9,No
4002-BQWPQ,Male,No,25,Yes,No,DSL,Yes,Month-to-month,Yes,Bank transfer (automatic),35,40511,863.5,5.5,8.6,No
5651-YLPRD,Female,No,32,Yes,No phone service,Fiber optic,No,Month-to-month,Yes,Electronic check,58,38656,242.8,3.1,5.7,No
2826-DXLQO,Male,No,7,No,Yes,DSL,No,Month-to-month,No,Bank transfer (automatic),77,92072,0,5,7.6,No
4378-BZYFP,Male,No,17,Yes,No,No,No internet service,One year,No,Mailed check,40,54826,361.8,0.9,6.6,No
9489-UTFKA,Male,No,8,Yes,No,DSL,No,Month-to-month,No,Bank transfer (automatic),54,69115,509.6,0.6,8.1,No
4849-PYRLQ,Female,No,56,Yes,No,DSL,Yes,Two year,No,Bank transfer (automatic),50,69433,263.8,0.5,7.2,No
9117-SHLZX,Male,No,1,Yes,No phone service,DSL,No,Month-to-month,Yes,Mailed check,48,43824,331.8,2.3,7.5,Yes
9889-TMAHG,Male,No,8,Yes,No,Fiber optic,Yes,Month-to-month,No,Credit card (automatic),57,56583,426.9,8.1,4.5,Yes
4541-RMRLG,Male,Yes,7,Yes,Yes,No,No internet service,Month-to-month,Yes,Electronic check,53,58110,356.5,11.9,6.2,Yes
7764-BDPEE,Male,No,3,Yes,Yes,No,No internet service,Month-to-month,No,Mailed check,44,32636,441.4,1.7,8.4,No
3429-IFLEM,Female,Yes,71,Yes,No,DSL,Yes,Two year,Yes,Credit card (automatic),,43526,372.2,,7.8,No
3158-MOERK,Female,Yes,2,Yes,No,Fiber optic,No,Month-to-month,Yes,Electronic check,47,67649,272.7,3.2,4.7,Yes
7294-TMAOP,Female,No,,Yes,Yes,Fiber optic,No,Month-to-month,Yes,Electronic check,30,74561,368.2,1.8,8,Yes
5002-GCQFH,Male,No,49,Yes,No,Fiber optic,No,Month-to-month,No,Bank transfer (automatic),38,58374,799.7,6.5,5.4,No
0556-FJEGU,Male,No,58,Yes,Yes,DSL,Yes,Two year,Yes,Bank transfer (automatic),37,39748,265.6,4.5,5.9,No
8919-FYFQZ,Male,No,44,No,No phone service,DSL,No,Month-to-month,No,,52,118017,0,3.5,7.4,Yes
0604-THJFP,Female,No,59,Yes,Yes,DSL,Yes,Two year,No,Credit card (automatic),26,57032,600.8,0.9,7.4,No
2834-JRTUA,Male,No,71,Yes,No,Fiber optic,Yes,Two year,Yes,Electronic check,23,20696,500.6,6.9,9,Yes
5875-YPQFJ,Male,No,1,Yes,No,Fiber optic,No,Month-to-month,No,Electronic check,58,42827,300.3,7,4.5,Yes
5879-SESNB,Female,No,11,Yes,Yes,Fiber optic,No,Month-to-month,Yes,,30,63926,430.3,3.1,7.2,No
6646-QVXLR,Male,No,62,Yes,No phone service,Fiber optic,No,One year,Yes,,32,69542,738.6,5.5,7.5,Yes
6461-PPAXN,Female,No,35,Yes,No,DSL,Yes,One year,Yes,Bank transfer (automatic),59,62494,628.1,1.2,6.9,No
3318-ISQFQ,Female,No,20,Yes,No phone service,No,No internet service,Month-to-month,Yes,Bank transfer (automatic),19,59533,531.3,1.9,6.7,No
1106-HRLKZ,Male,No,40,Yes,No,No,No internet service,Two year,No,Mailed check,69,53845,590.4,2.4,8.9,No
2483-XSSMZ,Female,No,39,Yes,No,DSL,No,One year,Yes,Electronic check,64,189679,542.5,4.7,7.6,No
8603-IJWDN,Male,No,1,Yes,Yes,Fiber optic,No,Month-to-month,No,Electronic check,80,34772,388.8,2.7,6.9,Yes
8165-ZJRNM,Female,No,72,Yes,No,No,No internet service,Two year,No,Bank transfer (automatic),45,47778,837.4,0.8,8.8,No
9369-XFEHK,Female,No,33,Yes,No,Fiber optic,No,Month-to-month,No,Bank transfer (automatic),50,142731,880.3,3.3,5.6,Yes
2604-XVDAM,Female,No,12,Yes,Yes,DSL,No,Month-to-month,Yes,Bank transfer (automatic),74,51001,508.9,5,9.6,No
3717-OFRTN,Male,No,1,Yes,No,No,No internet service,Month-to-month,Yes,Bank transfer (automatic),74,132611,410.1,3,7.2,No
9046-JBFWA,Male,No,27,Yes,Yes,No,No internet service,Month-to-month,Yes,Mailed check,36,42985,208.9,3,7.3,No
3280-NMUVX,Male,No,34,Yes,Yes,No,No internet service,One year,Yes,Credit card (automatic),29,64926,673.9,2.7,7.7,No
1206-EHBDD,Female,No,56,Yes,No,Fiber optic,No,Two year,No,Bank transfer (automatic),57,92739,538.3,0.7,5.7,No
8361-LBRDI,Female,No,58,Yes,No,No,No internet service,Two year,No,Credit card (automatic),31,68580,661,2.5,9.6,No
4883-KCPZJ,Female,No,22,Yes,Yes,No,No internet service,Two year,Yes,Credit card (automatic),62,112890,781.4,1.1,6.8,No
9108-EQPNQ,Female,No,10,Yes,Yes,No,No internet service,Two year,No,Credit card (automatic),38,72073,671.8,2.1,6.1,No
7277-KAMWT,Male,No,13,Yes,No,No,No internet service,Two year,No,Credit card (automatic),38,89365,274.2,1.9,7.9,No
3842-IYKUE,Female,No,35,Yes,No,Fiber optic,Yes,Month-to-month,No,Credit card (automatic),18,84263,832.9,10.4,6.5,Yes
6641-XRPSU,Female,Yes,34,Yes,No,Fiber optic,No,Month-to-month,Yes,Credit card (automatic),46,30716,476.3,1.8,6.8,Yes
1374-DMZUI,Female,No,4,Yes,No,Fiber optic,No,Month-to-month,No,Electronic check,86,67723,465.2,6,5.4,Yes
2545-LXYVJ,Male,No,72,Yes,Yes,No,No internet service,Two year,Yes,Bank transfer (automatic),37,39966,591.5,2.9,6.6,No
3234-VKACU,Male,No,2,Yes,No phone service,DSL,Yes,Month-to-month,Yes,Electronic check,39,34728,,10.9,8,No
8357-EQXFO,Female,No,7,Yes,Yes,Fiber optic,No,Month-to-month,Yes,Electronic check,21,49351,464.2,4,5.2,Yes
1989-PRJHP,Male,No,27,Yes,Yes,Fiber optic,No,Month-to-month,Yes,Electronic check,42,50770,698,5.1,6.5,Yes
8120-JDCAM,Male,No,4,Yes,No,Fiber optic,No,Month-to-month,Yes,Mailed check,23,105705,420.1,5.3,6.8,No
8917-FAEMR,Female,No,37,Yes,Yes,No,No internet service,Two year,Yes,Mailed check,48,78559,342.5,1.2,7,No
7047-YXDMZ,Male,No,21,Yes,Yes,No,No internet service,Month-to-month,No,Mailed check,48,51917,576.4,2.8,7,No
2858-EIMXH,Female,No,53,Yes,No phone service,Fiber optic,No,One year,Yes,,47,37045,830.2,0.3,7.4,No
9524-EGPJC,Female,No,18,Yes,No,Fiber optic,Yes,Month-to-month,Yes,Electronic check,33,32792,455.4,6,5.1,Yes
6993-OHLXR,Female,No,2,Yes,Yes,Fiber optic,No,Month-to-month,Yes,Electronic check,75,75907,339.2,3.8,5.1,Yes
8818-XYFCQ,Male,No,32,Yes,No,Fiber optic,No,Month-to-month,Yes,Credit card (automatic),30,29902,533.6,3.4,5.7,Yes
6419-ZTTLE,Male,No,23,Yes,No,No,No internet service,One year,Yes,Electronic check,85,46109,565.6,0,7.6,No
0929-HYQEW,Male,No,3,Yes,Yes,DSL,No,Month-to-month,No,Mailed check,62,116919,,0.4,7.2,No
6614-YOLAC,Female,No,71,No,No phone service,DSL,Yes,Two year,No,Mailed check,50,47171,0,4.1,7.6,No
7426-RHZGU,Male,No,9,Yes,Yes,Fiber optic,Yes,Month-to-month,Yes,Bank transfer (automatic),50,25330,575.5,2.1,5,No
4065-JJAVA,Female,No,1,Yes,Yes,DSL,No,Month-to-month,Yes,Electronic check,56,87188,605.9,0.7,6.2,No
4695-VADHF,Male,No,18,Yes,No,DSL,No,Month-to-month,Yes,Electronic check,48,51969,53.1,7,4.9,Yes
3863-IUBJR,Male,No,12,Yes,Yes,DSL,No,One year,Yes,Credit card (automatic),18,101837,598.5,1.9,5.1,Yes
7649-SIJJF,Male,No,71,Yes,No,DSL,Yes,Two year,No,Mailed check,47,41197,718.2,5.8,9.1,No
9361-YNQWJ,Female,Yes,64,Yes,Yes,No,No internet service,One year,Yes,Bank transfer (automatic),58,67187,222.8,0,8.9,No
3748-FVMZZ,Male,No,4,No,Yes,DSL,Yes,Month-to-month,No,Electronic check,49,55201,0,1.7,8.2,No
9391-TTOYH,Female,No,23,Yes,No,No,No internet service,Month-to-month,No,Mailed check,35,43812,525.1,4.5,7.8,No
1452-XRSJV,Female,No,39,Yes,No,DSL,No,Month-to-month,Yes,Credit card (automatic),50,59709,516.2,1.9,8.6,No
3422-WJOYD,Male,No,,Yes,No,DSL,Yes,One year,Yes,Mailed check,38,97441,464.4,1.2,8.1,No
8242-SOQUO,Female,No,5,Yes,No,Fiber optic,No,Month-to-month,No,Electronic check,18,29017,545.7,6.8,7.3,No
7460-ITWWP,Female,No,45,Yes,No,Fiber optic,No,Month-to-month,No,Electronic check,43,69932,509.8,3.5,7.1,No
7147-AYBAA,Male,Yes,37,Yes,Yes,Fiber optic,No,Month-to-month,No,Mailed check,34,102235,329.6,0.6,6.9,No
7868-TMWMZ,Female,No,60,Yes,No,Fiber optic,Yes,Two year,Yes,Bank transfer (automatic),45,35910,651,0.5,8.2,No
4822-RVYBB,Male,No,8,Yes,No,Fiber optic,No,Month-to-month,Yes,Electronic check,47,31220,756.6,6.5,3.9,Yes
6732-FZUGP,Female,No,47,Yes,No,Fiber optic,No,One year,No,Credit card (automatic),52,58466,534.3,0.1,6.6,No
8436-BJUMM,Male,No,26,Yes,No,Fiber optic,No,Month-to-month,Yes,Electronic check,34,71658,661.2,3.2,5.9,Yes
4184-TJFAN,Female,No,3,Yes,No,Fiber optic,Yes,Month-to-month,Yes,Mailed check,50,27917,,3.6,5.2,Yes
8329-GWVPJ,Female,No,50,Yes,Yes,Fiber optic,No,Month-to-month,No,Bank transfer (automatic),44,58915,421.3,0.6,6.7,No
1352-VHKAJ,Male,No,27,Yes,No,DSL,Yes,Month-to-month,Yes,Bank transfer (automatic),59,33202,759.4,3.4,7.6,No
4145-UQXUQ,Female,No,8,Yes,No,Fiber optic,No,Month-to-month,No,Electronic check,55,59306,446.9,9.1,7.1,Yes
2632-TACXW,Female,No,62,Yes,No,No,No internet service,Two year,Yes,Bank transfer (automatic),45,70937,667.6,0.3,9.8,No
8146-QQKZH,Female,No,71,Yes,Yes,DSL,Yes,Two year,Yes,Bank transfer (automatic),40,34318,296.8,1.6,6.6,No
1767-CJKBA,Male,No,66,Yes,No,No,No internet service,Two year,No,Mailed check,32,91834,771.1,2.6,6.4,No
6445-TNRXS,Male,No,68,Yes,No,Fiber optic,Yes,Two year,No,Bank transfer (automatic),41,42843,639.1,2.8,8.4,No
4581-LNWUM,Female,No,13,No,No,DSL,No,Month-to-month,No,Electronic check,18,62097,0,6.5,6.4,No
4869-EPIUS,Male,Yes,56,Yes,No phone service,Fiber optic,No,One year,No,Electronic check,30,109048,613,1,7.9,No
9948-YPTDG,Male,Yes,38,Yes,Yes,Fiber optic,No,Month-to-month,Yes,Electronic check,70,91154,744.9,8.1,4,Yes
1236-WFCDV,Male,No,14,Yes,No,Fiber optic,No,Month-to-month,Yes,Credit card (automatic),41,19232,461.1,3.5,4.6,Yes
1915-OAKWD,Female,No,16,Yes,Yes,No,No internet service,One year,No,Bank transfer (automatic),49,29607,477,0,8,No
7296-PIXQY,Female,No,14,Yes,Yes,Fiber optic,No,Month-to-month,Yes,Electronic check,38,101883,407.5,3.6,3.8,No
4883-QICIH,Male,No,32,Yes,Yes,Fiber optic,No,Month-to-month,No,Bank transfer (automatic),47,71516,797.7,3.8,6.5,Yes
3354-OADJP,Female,No,8,Yes,Yes,DSL,Yes,One year,Yes,Bank transfer (automatic),48,39172,25,2.4,7.2,No
3524-WQDSG,Female,No,43,Yes,No,Fiber optic,No,Month-to-month,No,Bank transfer (automatic),38,129597,503.5,2.8,6.3,No
0810-DHDBD,Female,Yes,52,Yes,No,DSL,Yes,One year,No,,19,133275,488.6,0,5.5,No
4026-SKKHW,Male,No,3,Yes,Yes,DSL,Yes,Month-to-month,Yes,Mailed check,62,18000,682.6,1.6,7.1,No
2829-HYVZP,Male,No,29,Yes,Yes,No,No internet service,One year,Yes,Mailed check,42,74137,352.7,2,8.7,No
8329-IBCTI,Female,No,1,Yes,Yes,No,No internet service,Month-to-month,Yes,Mailed check,48,152975,374.6,4.4,5.4,Yes
1271-SJBGZ,Male,No,12,No,No,DSL,Yes,Month-to-month,No,Electronic check,25,26358,0,11.1,5.5,Yes
3845-JHAMY,Female,No,16,No,No,DSL,No,Month-to-month,Yes,Credit card (automatic),33,44270,0,2.4,7.7,No
7013-PSXHK,Female,No,40,Yes,No,DSL,Yes,One year,Yes,Mailed check,27,159528,581.7,0,8.5,No
5669-SRAIP,Female,No,5,No,No,DSL,No,Month-to-month,No,Electronic check,25,74848,0,3.2,5.5,Yes
5981-ITEMU,Male,No,40,Yes,No,Fiber optic,No,Month-to-month,Yes,Bank transfer (automatic),42,,614.9,4.1,3.4,Yes
3486-NPGST,Female,No,36,Yes,No phone service,No,No internet service,One year,Yes,Mailed check,40,46133,363.3,5.3,9,No
6941-PMGEP,Female,No,5,Yes,Yes,Fiber optic,No,Month-to-month,Yes,Electronic check,27,56646,267.2,6.8,5,Yes
1624-WOIWJ,Female,No,,Yes,Yes,Fiber optic,No,Month-to-month,No,Mailed check,89,62941,619.8,8.2,7.1,Yes
2074-GKOWZ,Male,No,2,Yes,No phone service,Fiber optic,No,Month-to-month,No,Bank transfer (automatic),48,51117,465.3,6.2,5.5,Yes
0376-YMCJC,Male,No,23,Yes,Yes,Fiber optic,Yes,Month-to-month,No,Electronic check,51,54032,640.3,3.7,5.6,Yes
6100-FJZDG,Male,No,26,Yes,Yes,No,No internet service,One year,Yes,Bank transfer (automatic),42,69947,563.1,0.5,7.6,No
4829-ZLJTK,Female,No,72,Yes,Yes,Fiber optic,No,Two year,Yes,Electronic check,38,64888,662.2,2.7,6.9,No
1730-VFMWO,Female,No,34,Yes,Yes,DSL,Yes,Month-to-month,No,Bank transfer (automatic),90,26971,549.9,0.6,7,No
7143-BQIBA,Male,No,10,Yes,Yes,DSL,Yes,Month-to-month,Yes,Bank transfer (automatic),64,22311,622.7,2.4,7.8,No
3800-LYTRK,Female,No,14,Yes,No,DSL,Yes,One year,No,Mailed check,52,22297,468.3,1.3,7.9,No
0634-SZPQA,Female,No,23,Yes,No,Fiber optic,No,Month-to-month,Yes,Bank transfer (automatic),36,121435,475.2,3.9,5.2,Yes
9646-NMHXE,Male,No,47,Yes,Yes,No,No internet service,Two year,No,Mailed check,38,127129,267.5,0.1,9,No
7030-NJVDP,Male,No,24,Yes,Yes,Fiber optic,Yes,Month-to-month,Yes,Electronic check,29,33702,352.7,19.2,9.3,No
5536-RTPWK,Male,No,49,Yes,Yes,Fiber optic,No,Month-to-month,No,Bank transfer (automatic),76,63452,844.7,3.2,3.4,Yes
8883-GRDWQ,Male,Yes,20,Yes,No,DSL,Yes,One year,No,,25,70905,25,1.2,5.7,No
6166-ILMNY,Female,No,2,Yes,Yes,Fiber optic,No,Month-to-month,Yes,Bank transfer (automatic),80,71781,428.8,4.2,7.9,Yes
3097-NNSPB,Female,No,2,Yes,Yes,DSL,No,Month-to-month,Yes,Credit card (automatic),40,62611,374.8,2.1,4.6,Yes
7771-ZONAT,Male,No,22,No,No phone service,DSL,Yes,Two year,No,Bank transfer (automatic),50,81681,0,1.4,8.1,No
0655-RBDUG,Male,No,7,Yes,Yes,Fiber optic,No,Month-to-month,Yes,Bank transfer (automatic),67,73538,821.4,4.7,4.9,Yes
2111-DWYHN,Male,Yes,1,Yes,No,No,No internet service,Month-to-month,Yes,Mailed check,37,66533,337.3,4.9,7.2,No
4194-WHFCB,Female,No,59,Yes,Yes,Fiber optic,Yes,Month-to-month,Yes,Bank transfer (automatic),64,41028,668.1,2.5,8.6,No
4121-AGSIN,Female,No,58,Yes,Yes,No,No internet service,One year,Yes,Credit card (automatic),84,31531,422.8,1.5,7.8,No
4361-BKAXE,Female,No,,Yes,Yes,Fiber optic,Yes,Month-to-month,Yes,Bank transfer (automatic),53,29583,675.6,3.9,6,Yes
9845-PEEKO,Female,No,59,Yes,Yes,Fiber optic,No,Two year,Yes,Credit card (automatic),73,62794,426.9,1,6.6,No
0455-XFASS,Female,Yes,3,Yes,No,Fiber optic,No,Month-to-month,No,Electronic check,37,56042,329.8,12.6,5.7,No
0301-KOBTQ,Male,No,32,Yes,Yes,No,No internet service,Two year,No,Bank transfer (automatic),36,43453,222.9,0.7,8,No
1751-NCDLI,Male,No,46,Yes,No,Fiber optic,No,Month-to-month,No,Electronic check,43,46300,706.3,3.9,6.8,No
4367-NUYAO,Male,No,0,Yes,No,No,No internet service,Two year,Yes,Mailed check,72,61112,476.3,2,9.1,No
9878-TNQGW,Male,Yes,2,Yes,Yes,Fiber optic,No,Month-to-month,No,Electronic check,69,22395,425.3,3.7,5.2,Yes
9170-ARBTB,Female,No,52,Yes,No phone service,No,No internet service,One year,No,Credit card (automatic),82,43772,229.7,0.1,5.8,No
4441-NIHPT,Female,No,13,Yes,Yes,Fiber optic,No,Month-to-month,No,Electronic check,34,72289,430,3.5,6.8,Yes
8999-BOHSE,Female,Yes,11,Yes,No,Fiber optic,No,Month-to-month,Yes,Bank transfer (automatic),30,41451,446.9,5.9,5,Yes
7241-AJHFS,Male,No,32,Yes,No,Fiber optic,Yes,Month-to-month,Yes,Bank transfer (automatic),45,139869,598,7.6,6.4,No
7029-RPUAV,Male,Yes,17,Yes,Yes,Fiber optic,No,Month-to-month,Yes,Credit card (automatic),41,21557,574.9,3.6,5.3,Yes
4546-FOKWR,Female,Yes,16,Yes,No phone service,Fiber optic,No,Month-to-month,Yes,Credit card (automatic),39,118792,413.7,4.7,7.3,No
9036-CSKBW,Female,No,51,Yes,Yes,Fiber optic,No,One year,Yes,Bank transfer (automatic),42,56283,686.9,0,7.7,No
5832-TRLPB,Male,No,29,Yes,No,DSL,Yes,One year,Yes,Bank transfer (automatic),33,19632,458.8,1.5,7.4,No
8590-YFFQO,Male,No,70,Yes,Yes,DSL,Yes,Two year,Yes,,73,36351,531,2.3,10,No
8659-IOOPU,Female,No,71,Yes,No,Fiber optic,Yes,Two year,No,Electronic check,28,52823,606.4,1.3,5.6,No
1338-CECEE,Male,No,41,Yes,No,DSL,No,One year,No,Bank transfer (automatic),31,39592,644.1,1.5,7.9,No
7439-DKZTW,Male,No,1,Yes,No,Fiber optic,No,Month-to-month,Yes,Electronic check,75,98682,126.9,9.3,3.6,No
4646-QZXTF,Female,No,7,Yes,No phone service,DSL,Yes,Month-to-month,No,Bank transfer (automatic),38,59636,256.5,5.4,7.1,No
4607-CHPCA,Male,No,25,Yes,No,Fiber optic,No,One year,Yes,Electronic check,84,40443,634,3.4,5.7,Yes
9742-XOKTS,Male,No,67,Yes,No,Fiber optic,Yes,One year,Yes,Electronic check,35,65532,680.5,1.4,5.8,No
6921-OZMFH,Male,Yes,5,Yes,Yes,DSL,Yes,Month-to-month,No,Mailed check,61,65980,764,1.7,6.9,No
9578-FOMUK,Male,No,15,Yes,No,No,No internet service,Month-to-month,Yes,Electronic check,39,70186,381.9,4.3,8.6,No
4712-UYOOI,Female,No,20,Yes,Yes,No,No internet service,Month-to-month,No,Electronic check,65,181582,451.5,1.1,7.1,No
8824-RWFXJ,Male,Yes,3,Yes,No phone service,DSL,No,Month-to-month,No,Mailed check,75,103674,311,5.7,,Yes
7722-CVFXN,Male,No,54,Yes,No,Fiber optic,Yes,One year,No,Electronic check,40,67453,609,6.6,7.1,No
8717-VCTXJ,Male,Yes,42,Yes,Yes,No,No internet service,One year,Yes,Mailed check,35,42829,481.9,0.9,4.6,No
7363-QTBIW,Female,No,9,Yes,No phone service,Fiber optic,No,Month-to-month,No,Electronic check,35,65618,657.4,1.5,6.7,No
4159-NAAIX,Female,No,63,Yes,No,Fiber optic,No,Two year,Yes,Bank transfer (automatic),35,80191,552.4,,6.4,No
0971-QIFJK,Female,No,69,Yes,Yes,No,No internet service,Two year,No,Bank transfer (automatic),73,20201,434.2,2.3,8,No
9397-TZSHA,Female,No,69,Yes,No,No,No internet service,Two year,No,Credit card (automatic),53,21936,686.4,1,9,No
3391-JSQEW,Male,No,40,Yes,No,DSL,No,Month-to-month,Yes,Mailed check,36,90246,454.6,4.2,5.4,No
0343-QLUZP,Male,No,60,No,No,DSL,No,Two year,No,Bank transfer (automatic),51,47055,0,0.3,7.3,No
9763-PDTKK,Female,No,4,Yes,No,Fiber optic,Yes,Month-to-month,No,Bank transfer (automatic),61,71474,290.8,3.4,7.1,Yes
2176-LVPNX,Female,No,71,Yes,No,DSL,Yes,Two year,No,Mailed check,33,62708,557.7,1.8,7.5,No
7627-JKIAZ,Female,No,37,Yes,No,Fiber optic,No,Month-to-month,No,Credit card (automatic),54,81442,338,3.7,4.9,Yes
3312-UUMZW,Male,No,32,Yes,Yes,Fiber optic,No,Month-to-month,Yes,Credit card (automatic),39,101663,406.1,6.7,7.1,No
1271-UODNO,Male,No,39,Yes,Yes,DSL,Yes,Two year,Yes,Credit card (automatic),59,48405,495.5,1.8,9.5,No
8461-EFQYM,Female,No,38,Yes,Yes,No,No internet service,One year,Yes,Electronic check,47,122491,327.6,2.9,7.3,No
6900-RBKER,Male,No,52,Yes,Yes,Fiber optic,No,Two year,Yes,Credit card (automatic),27,53440,530.1,0.4,6.3,No
6891-JPYFF,Female,No,48,Yes,Yes,Fiber optic,No,Month-to-month,Yes,Credit card (automatic),64,87677,701.5,1.8,5.5,No
1459-QNFQT,Male,No,70,No,No,DSL,Yes,Two year,No,Bank transfer (automatic),33,50953,0,0.7,5.8,No
1047-NNCBF,Male,No,20,Yes,Yes,Fiber optic,No,Month-to-month,Yes,Credit card (automatic),25,51506,466.7,3.4,6.3,No
3696-XRIEN,Female,No,50,Yes,No,DSL,Yes,One year,No,Credit card (automatic),51,42898,698.5,1.1,8.9,No
4081-DYXAV,Female,No,19,No,No phone service,DSL,No,One year,No,Credit card (automatic),68,42050,0,3.2,5.3,Yes
0074-HDKDG,Male,Yes,25,Yes,No,DSL,No,One year,No,Bank transfer (automatic),50,182956,590.8,0,6.5,No
8791-GFXLZ,Male,Yes,12,Yes,No phone service,DSL,No,Month-to-month,Yes,Bank transfer (automatic),49,86860,195.3,3.2,5.3,No
8111-SLLHI,Male,No,39,Yes,Yes,Fiber optic,No,Month-to-month,Yes,Electronic check,84,67036,522.4,7.1,4.3,Yes
0927-LCSMG,Male,No,7,Yes,Yes,Fiber optic,No,Month-to-month,Yes,Mailed check,39,32186,700.6,7.3,7.4,Yes
9330-DHBFL,Female,No,23,Yes,No,DSL,Yes,One year,No,Mailed check,32,84949,425.7,1.2,7.2,No
0098-BOWSO,Male,Yes,27,Yes,Yes,No,No internet service,Month-to-month,Yes,Electronic check,61,111415,492.8,4.4,8.8,No
3452-ABWRL,Male,No,47,Yes,Yes,Fiber optic,No,Month-to-month,Yes,Credit card (automatic),40,55622,280.9,0.2,7.9,No
5859-HZYLF,Male,No,26,Yes,No,No,No internet service,Two year,No,Credit card (automatic),25,29422,301.5,0.8,7.9,No
8257-RZAHR,Female,No,14,Yes,Yes,DSL,No,Month-to-month,No,Bank transfer (automatic),64,56861,337.5,2.7,6.2,Yes
5293-WXJAK,Female,Yes,11,Yes,Yes,Fiber optic,Yes,Month-to-month,Yes,Bank transfer (automatic),67,44664,653.7,1.7,7.5,Yes
3156-QLHBO,Male,No,2,Yes,No,No,No internet service,Month-to-month,No,Mailed check,34,53868,211.3,3.6,,No
2208-NQBCT,Female,No,26,Yes,No phone service,Fiber optic,No,Month-to-month,Yes,Electronic check,51,114043,426.7,5.6,6.4,No
1779-PWPMG,Female,No,72,Yes,No,Fiber optic,Yes,Two year,No,Bank transfer (automatic),41,51402,512.5,0.4,6.8,No
6621-NRZAK,Female,Yes,63,Yes,No,No,No internet service,Two year,Yes,Credit card (automatic),51,66301,376.6,0.5,6.4,No
0831-JNISG,Male,No,71,Yes,Yes,No,No internet service,Two year,Yes,Mailed check,18,18000,492.4,1.6,7,No
0774-IFUVM,Male,No,11,Yes,Yes,DSL,No,Month-to-month,Yes,Bank transfer (automatic),29,84538,610.5,4.1,7.1,No
3082-WQRVY,Male,No,14,Yes,No,No,No internet service,One year,No,Mailed check,21,26059,595.1,0.3,8.9,No
9553-DLCLU,Female,No,13,Yes,No phone service,DSL,Yes,Two year,No,Credit card (automatic),34,64632,737.7,1.6,,No
1641-BYBTK,Male,No,6,Yes,No,No,No internet service,Month-to-month,Yes,Mailed check,46,82066,507.6,7.4,7.3,No
2460-NGXBJ,Male,No,11,Yes,No phone service,Fiber optic,No,Month-to-month,Yes,Credit card (automatic),45,58421,465.6,1.5,5.8,No
2446-ZKVAF,Male,No,18,Yes,Yes,DSL,No,Month-to-month,No,Credit card (automatic),33,27659,672.9,2.1,7.3,No
0841-NULXI,Male,No,1,No,Yes,DSL,No,Month-to-month,No,Electronic check,79,36810,0,6.9,6.5,Yes
3522-CDKHF,Female,No,32,Yes,Yes,Fiber optic,No,Month-to-month,No,Bank transfer (automatic),62,,713.2,1.1,,No
1430-SFQSA,Male,No,,No,Yes,DSL,Yes,One year,Yes,Mailed check,28,140325,0,0,8.6,No
0411-EZJZE,Female,No,3,Yes,No,DSL,No,Month-to-month,Yes,Electronic check,28,52131,320.1,2.6,6.1,No
7851-WZEKY,Female,No,2,Yes,Yes,Fiber optic,No,Month-to-month,Yes,,74,96475,553.7,4.2,5.9,Yes
8844-TONUD,Male,No,13,Yes,Yes,Fiber optic,No,Month-to-month,No,Mailed check,78,43122,517,4.3,6.5,Yes
8807-ARQET,Female,No,41,No,No,DSL,No,Month-to-month,Yes,Electronic check,48,37190,0,3.7,7.4,No
8992-CEUEN,Female,Yes,1,Yes,No,No,No internet service,Month-to-month,Yes,Electronic check,48,27726,436.5,2.5,6.2,No
4320-QMLLA,Male,No,7,Yes,Yes,DSL,No,Month-to-month,No,Mailed check,40,92263,397.6,7.7,7.3,No
8777-PVYGU,Female,No,52,Yes,Yes,DSL,No,One year,No,Mailed check,42,53467,561,5.8,8.8,No
8292-ITGYJ,Female,No,45,Yes,No,No,No internet service,Two year,No,,43,69450,582.5,0,5.3,No
6870-ZWMNX,Male,No,70,Yes,No,DSL,Yes,Two year,Yes,Credit card (automatic),64,77826,514.4,1.3,6.6,No
0621-CXBKL,Female,No,53,Yes,Yes,No,No internet service,Two year,No,Mailed check,52,45086,646.8,3.9,8.8,No
5268-DSMNQ,Female,No,62,Yes,Yes,Fiber optic,No,One year,No,Credit card (automatic),81,76987,585.4,0.4,6.7,No
5334-JLAXU,Female,No,60,Yes,No,Fiber optic,No,Month-to-month,Yes,,41,66820,373.7,0.3,5.4,No
4086-YQSNZ,Female,No,3,Yes,Yes,Fiber optic,No,Month-to-month,Yes,Electronic check,61,33006,332.7,19.6,4.3,Yes
6242-MBHPK,Female,No,23,Yes,Yes,Fiber optic,No,Month-to-month,Yes,Electronic check,71,51240,478.1,4.2,4.8,No
5868-CZJDR,Male,No,1,No,No,DSL,No,Month-to-month,Yes,Mailed check,55,232894,0,9.3,6.7,Yes
9359-UGBTK,Female,No,67,Yes,Yes,DSL,Yes,One year,Yes,Bank transfer (automatic),77,38010,399.5,1,6.8,No
0135-NMXAP,Female,No,12,Yes,Yes,Fiber optic,No,Month-to-month,No,Bank transfer (automatic),37,95364,483.8,4.8,6.4,Yes
4782-OSFXZ,Female,No,71,Yes,Yes,DSL,Yes,Two year,Yes,Bank transfer (automatic),36,47867,470.2,1,9.9,No
6479-OAUSD,Male,No,25,Yes,No phone service,No,No internet service,One year,Yes,Credit card (automatic),22,59445,721.6,1.1,8.2,No
7129-ACFOG,Female,No,5,Yes,Yes,DSL,No,Month-to-month,No,,27,57614,517.3,2.1,5.7,No
4189-NAKJS,Male,No,26,Yes,No,DSL,No,One year,No,Credit card (automatic),37,96726,754.5,0,6.9,No
5562-BETPV,Male,No,1,Yes,No,No,No internet service,One year,Yes,Mailed check,33,38551,759.1,2.3,7.5,No
1282-IHQAC,Male,No,70,No,Yes,DSL,No,One year,Yes,Credit card (automatic),19,119849,0,1.9,,No
9127-FHJBZ,Male,No,72,Yes,Yes,Fiber optic,Yes,Two year,Yes,Electronic check,71,61296,349.4,3.6,8.8,No
6270-OMFIW,Male,No,60,Yes,No,Fiber optic,No,One year,Yes,Electronic check,71,61403,532.2,6,6.9,Yes
1641-RQDAY,Female,No,32,Yes,Yes,Fiber optic,No,Month-to-month,No,Electronic check,73,64323,729.7,3.2,7.1,No
0107-WESLM,Male,No,1,Yes,Yes,No,No internet service,Month-to-month,Yes,Electronic check,60,52306,372.9,3.6,6.1,Yes
6994-ORCWG,Female,No,14,Yes,No,DSL,No,One year,Yes,Mailed check,88,93213,667.6,2.3,8.3,No
1346-UFHAX,Female,No,13,Yes,No,Fiber optic,No,Month-to-month,No,Credit card (automatic),35,57175,564.8,5.5,7,No
3992-YWPKO,Female,Yes,6,Yes,Yes,Fiber optic,Yes,Month-to-month,Yes,Credit card (automatic),72,25695,375.1,2.5,4.2,Yes
2933-XEUJM,Female,No,46,Yes,No,DSL,No,Two year,No,Mailed check,63,47576,329.1,3.7,6.3,No
0125-LZQXK,Male,Yes,15,Yes,No,Fiber optic,Yes,Month-to-month,Yes,Electronic check,77,55846,138.8,3.3,5.4,Yes
5461-QKNTN,Male,Yes,43,Yes,Yes,Fiber optic,Yes,Month-to-month,Yes,Electronic check,42,83616,557.4,2.3,5.8,No
4835-YSJMR,Male,No,39,Yes,Yes,DSL,Yes,Two year,Yes,Bank transfer (automatic),34,50562,246.7,1.4,6.1,No
8399-YNDCH,Male,No,21,Yes,No,DSL,No,Month-to-month,No,Bank transfer (automatic),45,29113,374.7,3.5,6.6,Yes
3164-YAXFY,Male,Yes,57,No,No,DSL,No,Month-to-month,Yes,Electronic check,23,37610,0,6.9,7.3,No
0887-WBJVH,Female,No,,Yes,No,Fiber optic,Yes,One year,Yes,Electronic check,52,82345,422.7,3.4,6.9,No
4660-IRIBM,Male,No,,Yes,Yes,Fiber optic,No,Month-to-month,Yes,Mailed check,44,56954,465.7,2,7.6,No
5673-FSSMF,Female,No,1,Yes,Yes,DSL,No,Month-to-month,Yes,Electronic check,70,26452,547.8,9.7,7,Yes
7670-ZBPOQ,Female,No,58,Yes,Yes,DSL,Yes,One year,Yes,Bank transfer (automatic),37,50744,551.2,0.8,7.4,No
8089-UZWLX,Female,No,71,Yes,No,Fiber optic,No,Two year,Yes,,40,61032,356.8,1.3,8.2,No
0080-OROZO,Female,No,35,Yes,Yes,Fiber optic,Yes,One year,Yes,Electronic check,46,56404,555.7,3.9,7.5,No
3916-NRPAP,Male,No,3,Yes,No,Fiber optic,No,Month-to-month,Yes,Credit card (automatic),36,38112,427.4,0.2,6.7,No
6807-SIWJI,Male,No,38,Yes,No,Fiber optic,No,One year,Yes,Electronic check,71,61800,,2.8,6.4,No
8221-HVAYI,Male,No,35,Yes,Yes,DSL,Yes,Two year,Yes,Credit card (automatic),30,101099,587.9,,7.3,No
1579-KLYDT,Male,No,7,Yes,Yes,Fiber optic,No,Month-to-month,Yes,Electronic check,85,22230,710.8,10.1,6.8,Yes
5232-NXPAY,Female,No,47,Yes,Yes,DSL,Yes,Two year,Yes,Mailed check,46,77917,266.3,3.1,9,No
8967-SZQAS,Female,No,14,Yes,No,DSL,No,Month-to-month,No,Electronic check,55,28115,327.9,12.1,7.9,No
4468-KAZHE,Female,Yes,20,Yes,Yes,DSL,No,Month-to-month,Yes,Electronic check,,95874,719.6,14.3,7.5,No
0455-ENTCR,Male,No,66,Yes,No,DSL,Yes,Two year,Yes,Electronic check,41,42238,820.4,4.5,8.8,No
8944-AILEF,Male,Yes,15,Yes,No phone service,No,No internet service,Month-to-month,Yes,Credit card (automatic),50,75259,482.6,5,6.2,No
5542-NKVRU,Female,No,42,Yes,No,No,No internet service,Two year,Yes,Bank transfer (automatic),64,77900,626,0,7.2,No
7126-RBHSD,Female,No,17,Yes,Yes,Fiber optic,No,Month-to-month,Yes,Electronic check,72,117428,703.9,4.9,8,No
5370-IIVVL,Male,No,37,Yes,Yes,Fiber optic,Yes,One year,No,Credit card (automatic),43,32947,717.3,0.4,5.1,No
6789-HJBWG,Female,No,12,Yes,Yes,DSL,No,Month-to-month,No,Electronic check,54,68177,451.8,0.2,10,No
3927-NLNRY,Male,No,53,Yes,Yes,Fiber optic,No,One year,Yes,Bank transfer (automatic),49,51906,261.1,1.9,6,Yes
9087-EYCPR,Female,No,60,Yes,No,No,No internet service,Two year,Yes,Mailed check,86,18603,,1.4,7.8,No
6791-YBNAK,Male,No,18,No,No,DSL,No,Month-to-month,Yes,Credit card (automatic),70,65194,0,4.8,8,No
6358-LYNGM,Male,No,1,Yes,Yes,Fiber optic,No,Month-to-month,Yes,Electronic check,32,95021,529.2,11,4.9,Yes
6077-BDPXA,Female,No,3,Yes,Yes,Fiber optic,No,Month-to-month,Yes,Electronic check,78,78727,417.6,5.6,3.6,No
0013-MHZWF,Female,Yes,9,Yes,No,DSL,Yes,Month-to-month,No,Credit card (automatic),62,64214,285.3,5.3,7.5,No
5494-HECPR,Female,No,1,Yes,Yes,Fiber optic,No,Month-to-month,Yes,Electronic check,71,56826,359.9,4.9,5.1,Yes
8268-YDIXR,Male,No,56,Yes,Yes,Fiber optic,No,One year,Yes,Electronic check,48,168878,588.4,2.3,8.9,No
9824-BEMCV,Male,No,17,Yes,Yes,Fiber optic,No,Month-to-month,No,Electronic check,31,72908,780.3,7.4,5.4,Yes
1373-ORVIZ,Female,No,11,Yes,No,DSL,Yes,Month-to-month,Yes,Electronic check,50,21284,385,4.6,5.1,Yes
4291-SHSBH,Male,No,7,Yes,No,Fiber optic,No,Month-to-month,Yes,Electronic check,54,88507,461.5,0.4,8.1,No
6980-IMXXE,Female,No,69,Yes,No,No,No internet service,Two year,No,Bank transfer (automatic),39,43374,624.8,0.2,7.6,No
9866-QEVEE,Male,No,19,Yes,No,Fiber optic,No,Month-to-month,No,Bank transfer (automatic),65,75236,611.2,4.8,6.9,Yes
9897-KXHCM,Female,No,3,Yes,Yes,Fiber optic,No,Month-to-month,No,Electronic check,81,57030,387.4,10.7,6.9,Yes
0040-HALCW,Male,No,54,Yes,No,No,No internet service,Two year,No,Credit card (automatic),42,28522,331.5,2.7,7.3,No
0784-GTUUK,Male,No,62,Yes,No phone service,No,No internet service,One year,No,Credit card (automatic),54,18000,,0.7,7.4,No
7979-CORPM,Male,Yes,24,Yes,Yes,Fiber optic,No,Month-to-month,Yes,Credit card (automatic),65,28246,563.2,5.8,6.1,Yes
2294-DMMUS,Female,No,62,Yes,Yes,DSL,No,Month-to-month,No,Credit card (automatic),33,67735,494.8,0,7,No
0872-JCPIB,Male,No,17,Yes,Yes,DSL,No,Month-to-month,No,Bank transfer (automatic),59,34879,673.8,1.8,7.1,No
3055-MJDSB,Male,Yes,9,No,Yes,DSL,No,Month-to-month,Yes,Mailed check,26,68454,0,0,5.3,No
9091-WTUUY,Male,No,,Yes,No phone service,DSL,Yes,Two year,No,Mailed check,50,68330,568.8,0.3,7.5,No
1618-CFHME,Female,No,2,Yes,Yes,Fiber optic,No,Month-to-month,Yes,Electronic check,50,70363,774.6,5.1,4.7,Yes
3165-HDOEW,Male,No,1,Yes,Yes,DSL,No,Month-to-month,Yes,Mailed check,32,106876,348.4,6,5.7,Yes
6581-NQCBA,Female,No,16,No,No,DSL,Yes,Month-to-month,Yes,Electronic check,49,68866,0,2.6,5.8,Yes
7115-IRDHS,Female,No,72,Yes,No,No,No internet service,Two year,Yes,Bank transfer (automatic),42,36123,1074.8,1.3,8.4,No
8496-DMZUK,Male,No,30,Yes,Yes,Fiber optic,No,One year,Yes,Bank transfer (automatic),55,50316,286.8,2.9,7.7,No
2040-VZIKE,Female,No,49,Yes,Yes,Fiber optic,No,Month-to-month,Yes,Mailed check,24,44345,811.8,0.1,6.3,No
9068-VPWQQ,Male,No,61,Yes,Yes,DSL,Yes,Two year,No,Credit card (automatic),53,71903,240.8,3.5,9.9,No
0178-SZBHO,Male,No,47,Yes,Yes,Fiber optic,No,Month-to-month,No,Electronic check,43,34149,557.1,2.3,5.4,No
0384-RVBPI,Male,No,20,Yes,No phone service,DSL,No,Month-to-month,No,Credit card (automatic),28,40821,489.3,3.7,7.8,No
1689-MRZQR,Male,No,34,Yes,Yes,Fiber optic,No,Month-to-month,Yes,Electronic check,45,50791,277.9,4.3,5.6,Yes
1299-AURJA,Female,Yes,70,Yes,Yes,No,No internet service,Two year,No,Bank transfer (automatic),61,39972,637.3,0.8,7.9,No
4525-VZCZG,Male,No,54,Yes,No,Fiber optic,Yes,One year,Yes,Electronic check,54,25122,110.5,3.8,6.1,No
1543-LLLFT,Male,No,,Yes,No,Fiber optic,Yes,One year,No,Mailed check,32,51444,470.8,3.1,6.1,No
5835-BEQEU,Male,No,3,Yes,No,Fiber optic,No,Month-to-month,No,Electronic check,42,50127,513.3,4.9,5.4,Yes
2788-CJQAQ,Male,No,13,Yes,Yes,No,No internet service,One year,Yes,Mailed check,63,58873,556.1,3.8,6.6,No
5565-FILXA,Female,No,16,Yes,No phone service,Fiber optic,No,Month-to-month,No,Electronic check,59,53739,662.3,5,4.1,Yes
0319-QZTCO,Female,No,3,Yes,No,DSL,No,Month-to-month,No,Credit card (automatic),45,57389,317.8,1.7,6.8,No
2120-SMPEX,Male,No,25,Yes,No,No,No internet service,Month-to-month,Yes,Mailed check,23,32733,376.7,1.6,5.9,No
0096-FCPUF,Male,No,30,Yes,No,DSL,No,Month-to-month,Yes,Mailed check,24,49629,688.5,2.3,8.8,No
0668-OGMHD,Female,No,21,No,No,DSL,No,Month-to-month,Yes,Electronic check,40,49414,0,2.7,6.5,No
5552-ZNFSJ,Male,No,1,Yes,Yes,DSL,No,Month-to-month,Yes,Electronic check,75,58005,460.6,4,3.3,Yes
2223-KAGMX,Female,Yes,15,Yes,Yes,No,No internet service,Month-to-month,Yes,Bank transfer (automatic),31,42635,686.5,3.4,5.1,Yes
6507-ZJSUR,Male,No,23,Yes,No,Fiber optic,No,Month-to-month,Yes,Electronic check,48,33515,362.5,,6.4,No
9408-HRXRK,Female,No,45,Yes,Yes,Fiber optic,No,Month-to-month,Yes,Electronic check,55,74106,492.3,0.8,6.3,No
5593-SUAOO,Female,No,24,Yes,No,Fiber optic,No,One year,Yes,Bank transfer (automatic),77,80966,856.3,1.7,7.4,No
7321-PKUYW,Female,No,11,Yes,No,Fiber optic,Yes,Month-to-month,Yes,Electronic check,27,67360,672.7,12.9,4.5,Yes
2833-SLKDQ,Male,No,1,Yes,Yes,DSL,No,Month-to-month,Yes,Mailed check,83,39203,348.3,3.1,4.4,Yes
6766-HFKLA,Female,No,56,Yes,No,Fiber optic,Yes,Two year,Yes,Bank transfer (automatic),43,35158,601.8,0.2,4.7,No
7595-EUIVN,Female,No,,Yes,Yes,Fiber optic,No,Month-to-month,Yes,Electronic check,42,84966,777.3,3.9,4.7,Yes
7617-EYGLW,Male,No,1,Yes,No phone service,No,No internet service,Month-to-month,No,Electronic check,75,72074,285.2,16.2,6.5,No
2026-TGDHM,Female,No,7,Yes,No,Fiber optic,No,Month-to-month,Yes,Electronic check,25,30383,547.6,4.5,6,Yes
9220-ZNKJI,Female,No,55,Yes,Yes,Fiber optic,Yes,Two year,No,Credit card (automatic),61,52828,334,0.6,8.7,No
4030-VPZBD,Female,No,,No,No,DSL,Yes,Month-to-month,Yes,Electronic check,37,44241,0,7,6.6,Yes
2226-ICFDO,Female,No,72,Yes,Yes,DSL,Yes,Two year,Yes,Credit card (automatic),46,40368,515.4,0.5,7.7,No
0723-VSOBE,Female,No,,No,Yes,DSL,No,One year,Yes,Electronic check,52,58856,0,10.5,5.9,No
5529-GIBVH,Female,Yes,47,Yes,No,No,No internet service,Two year,No,Mailed check,53,,241.9,0.3,6.7,No
4187-CINZD,Female,No,46,Yes,Yes,Fiber optic,No,One year,Yes,Credit card (automatic),70,58958,518.4,3.8,6,Yes
9992-UJOEL,Male,Yes,2,Yes,No,DSL,No,Month-to-month,Yes,Mailed check,47,23530,397.5,2.6,7.2,No
4741-WWJQZ,Female,No,2,Yes,Yes,Fiber optic,Yes,Month-to-month,Yes,Electronic check,47,42080,438.7,13.8,9.4,No
6625-UTXEW,Female,No,12,Yes,Yes,DSL,No,Month-to-month,No,Electronic check,51,42069,193.4,2.1,6.3,No
6818-WOBHJ,Female,No,68,Yes,No,Fiber optic,No,Month-to-month,Yes,Bank transfer (automatic),37,29424,474.9,,6.7,Yes
6244-BESBM,Male,No,69,Yes,No,Fiber optic,Yes,Two year,No,Credit card (automatic),64,60765,507,0.6,6.7,No
1004-NOZNR,Male,No,56,Yes,No,Fiber optic,No,One year,Yes,Credit card (automatic),67,116307,431.8,2.1,8.1,No
1251-STYSZ,Female,Yes,4,Yes,Yes,Fiber optic,No,Month-to-month,No,Electronic check,46,84356,799.2,0.6,6.9,No
2612-PHGOX,Male,No,64,Yes,No,DSL,Yes,Two year,Yes,Bank transfer (automatic),22,62577,441.9,0.4,8.6,No
2408-TZMJL,Male,Yes,59,Yes,No phone service,Fiber optic,No,One year,No,,36,52653,416.1,1.9,5.8,Yes
8480-PPONV,Male,Yes,62,Yes,Yes,Fiber optic,Yes,Two year,Yes,Bank transfer (automatic),82,38376,653.9,1.5,6.8,No
8780-IHCRN,Male,No,63,Yes,No,No,No internet service,Two year,No,Credit card (automatic),73,24889,601.6,0.9,10,No
4598-ZADCK,Female,No,53,No,No,DSL,Yes,One year,Yes,Electronic check,42,26719,0,0.6,6,No
1257-SXUXQ,Male,No,5,Yes,No,No,No internet service,Month-to-month,Yes,Mailed check,47,63328,349.7,3.4,7.8,No
9681-KYGYB,Male,No,49,Yes,No,Fiber optic,No,Month-to-month,No,Electronic check,18,109307,626.5,2.3,7.9,No
7182-OVLBJ,Female,No,62,Yes,No,Fiber optic,No,Two year,Yes,Bank transfer (automatic),41,26231,521.5,,5.9,No
5095-ETBRJ,Female,No,55,Yes,No,DSL,Yes,Two year,Yes,Mailed check,37,39962,714.4,1.5,9,No
7005-CYUIL,Female,No,71,Yes,Yes,Fiber optic,Yes,Two year,Yes,Electronic check,55,84526,537.8,1.5,7.7,No
4821-WQOYN,Female,Yes,72,Yes,No,No,No internet service,Two year,Yes,Credit card (automatic),69,108566,389.9,0,9.6,No
4730-AWNAU,Male,No,36,No,No,DSL,Yes,One year,No,Credit card (automatic),18,160597,0,0.8,8,No
3452-FLHYD,Male,No,25,Yes,Yes,No,No internet service,One year,Yes,Bank transfer (automatic),58,51755,636.4,0.9,7,No
2388-LAESQ,Female,No,72,Yes,No,Fiber optic,Yes,Two year,Yes,Bank transfer (automatic),64,59337,878.2,1.6,7.2,No
9531-NSBMR,Female,No,36,Yes,No,No,No internet service,One year,Yes,Bank transfer (automatic),33,67898,316.4,1.1,7.5,No
6260-ONULR,Male,No,1,Yes,Yes,DSL,No,Month-to-month,No,Mailed check,78,94631,339.9,7.5,8.3,No
4389-UEFCZ,Female,Yes,72,Yes,No phone service,Fiber optic,No,Two year,No,Electronic check,59,98380,455.6,2,8.1,No
8711-LOBKY,Male,No,59,Yes,No,No,No internet service,Two year,No,Mailed check,38,49255,705.8,0.3,7.7,No
9134-CEQMF,Male,No,7,Yes,No,Fiber optic,No,Month-to-month,Yes,Electronic check,56,50737,400.9,2.4,5.6,Yes
8985-OOPOS,Female,No,1,Yes,No,DSL,Yes,One year,No,Credit card (automatic),74,70238,400.1,1,7.2,No
8800-ZKRFW,Female,No,30,Yes,No,Fiber optic,Yes,Month-to-month,Yes,Electronic check,24,66694,882.2,6.7,5.4,No
2616-FLVQC,Male,No,64,Yes,No,No,No internet service,Two year,Yes,Mailed check,49,63997,368.2,0.8,7.3,No
9968-FFVVH,Male,No,63,Yes,No,DSL,Yes,One year,No,Bank transfer (automatic),51,69416,647,3.2,6.5,No
3108-PCCGG,Male,Yes,,Yes,No,DSL,No,Two year,Yes,Credit card (automatic),54,59842,557.4,5.6,7.4,No
7993-PYKOF,Male,No,8,Yes,No,Fiber optic,No,Month-to-month,No,Electronic check,20,56595,287.4,5.5,4.5,Yes
8390-FESFV,Female,No,62,Yes,No,DSL,Yes,Two year,Yes,Bank transfer (automatic),26,36511,531.2,0.7,9,No
3022-BEXHZ,Male,Yes,67,Yes,No,Fiber optic,Yes,Two year,Yes,Bank transfer (automatic),41,34455,669.4,2.1,8.2,No
5027-XWQHA,Male,No,6,Yes,No,DSL,No,Month-to-month,Yes,Electronic check,49,31463,358.1,12.7,6.1,Yes
6248-TKCQV,Female,Yes,70,Yes,No,DSL,Yes,Two year,Yes,Bank transfer (automatic),79,70623,796.4,1.3,6.6,No
6729-GDNGC,Female,No,20,Yes,Yes,Fiber optic,No,Month-to-month,No,Bank transfer (automatic),78,65114,138.6,2,6.4,No
6198-ZFIOJ,Female,No,,Yes,No,Fiber optic,No,Month-to-month,No,Electronic check,,59069,498.4,1.1,7.4,No
5989-OMNJE,Female,No,24,No,No,DSL,No,One year,Yes,Electronic check,50,46217,0,1.4,9,No
4566-QVRRW,Female,No,11,Yes,Yes,DSL,No,Month-to-month,Yes,Electronic check,31,80709,647.7,4.7,7.6,Yes
1291-CUOCY,Male,No,72,Yes,Yes,Fiber optic,Yes,Two year,No,Credit card (automatic),50,63880,551.4,2,6.9,No
9795-SHUHB,Female,No,66,Yes,Yes,DSL,Yes,Two year,No,Credit card (automatic),43,49641,486.8,0.7,8.4,No
3230-IUALN,Female,No,45,Yes,No,DSL,Yes,Two year,No,Mailed check,61,65862,589.3,0.7,8.1,No
0042-RLHYP,Female,No,69,Yes,No,No,No internet service,Two year,Yes,Bank transfer (automatic),39,69666,410,2.1,7.5,No
8519-IMDHU,Male,No,15,Yes,No phone service,Fiber optic,No,Month-to-month,Yes,Bank transfer (automatic),45,25872,545.2,3.8,4.4,Yes
4945-RVMTE,Female,No,28,Yes,No,DSL,No,Month-to-month,No,Bank transfer (automatic),40,56866,252.4,0.8,8.5,No
0201-OAMXR,Female,No,70,Yes,No phone service,Fiber optic,Yes,One year,Yes,Credit card (automatic),54,51106,741.5,2.9,5.7,Yes
1866-NXPSP,Female,No,36,Yes,Yes,DSL,Yes,One year,No,Mailed check,50,37227,287,1.4,7.8,No
3372-KWFBM,Male,Yes,16,Yes,No,Fiber optic,No,Month-to-month,No,Electronic check,40,82791,665.6,4,6,Yes
7831-QGOXH,Female,Yes,18,Yes,No,Fiber optic,No,Month-to-month,No,Electronic check,76,37036,658.2,6.9,4.7,Yes
6393-WRYZE,Female,No,34,Yes,No,Fiber optic,No,Month-to-month,No,,54,55284,546,6.5,6.6,Yes
3941-XTSKM,Male,No,42,No,No,DSL,No,One year,No,Credit card (automatic),62,30803,0,0.5,6.4,No
1661-CZBAU,Male,No,48,Yes,Yes,DSL,Yes,One year,Yes,Bank transfer (automatic),47,23369,527.5,0.9,8.2,No
6599-RCLCJ,Male,Yes,47,Yes,No,Fiber optic,Yes,Month-to-month,Yes,Electronic check,36,104521,692,10,6.1,Yes
9831-BPFRI,Female,No,39,Yes,Yes,Fiber optic,Yes,One year,No,Electronic check,18,90502,577.3,4.9,5.8,Yes
5158-RIVOP,Female,No,11,Yes,Yes,No,No internet service,Two year,Yes,Credit card (automatic),31,53757,384.1,1,7.8,No
9788-YTFGE,Male,No,7,Yes,No,No,No internet service,Month-to-month,No,Mailed check,33,45435,279.6,2,7.7,No
9277-JOOMO,Female,No,3,Yes,Yes,No,No internet service,Month-to-month,No,Mailed check,46,39894,771.9,3,6.9,No
1907-YLNYW,Male,No,8,Yes,Yes,DSL,No,Month-to-month,Yes,Electronic check,41,36695,362.7,1.8,7.8,No
1725-MIMXW,Male,No,1,Yes,Yes,No,No internet service,Month-to-month,No,Mailed check,75,81064,505.7,11.1,5.3,Yes
8947-YRTDV,Male,No,32,Yes,Yes,Fiber optic,No,One year,Yes,Mailed check,35,36009,553.5,0.2,6,No
3161-ONRWK,Male,No,60,Yes,No,DSL,Yes,One year,Yes,Bank transfer (automatic),51,51413,658.5,1.1,6.5,No
0114-RSRRW,Female,No,10,Yes,Yes,No,No internet service,Month-to-month,No,Bank transfer (automatic),43,58532,346.1,4.4,8.6,No
4565-NLZBV,Female,No,71,Yes,No phone service,No,No internet service,Two year,Yes,Bank transfer (automatic),24,70634,358.7,0.6,9.2,No
0031-PVLZI,Female,No,4,Yes,No,No,No internet service,Month-to-month,Yes,Mailed check,73,97598,681.1,2.5,5.4,Yes
7206-GZCDC,Female,No,1,Yes,No,Fiber optic,No,Month-to-month,Yes,Electronic check,18,71403,136.9,5.5,6.9,Yes
6682-VCIXC,Female,No,43,No,Yes,DSL,Yes,One year,No,Bank transfer (automatic),18,99227,0,2.3,10,No
4791-QRGMF,Male,No,59,Yes,No,Fiber optic,No,One year,Yes,Bank transfer (automatic),45,175384,672.9,2.7,6.7,Yes
6475-VHUIZ,Female,No,23,Yes,Yes,DSL,Yes,Month-to-month,Yes,Electronic check,49,87672,419.4,12.5,7.7,No
3910-MRQOY,Female,No,72,Yes,Yes,No,No internet service,Two year,Yes,Bank transfer (automatic),42,65433,681.8,2.5,8.2,No
0661-WCQNQ,Male,No,22,Yes,No phone service,DSL,Yes,One year,No,Credit card (automatic),40,26011,147.6,0.8,8.9,No
7537-RBWEA,Female,Yes,1,No,No phone service,DSL,No,Month-to-month,Yes,Mailed check,57,87429,0,6.3,8.1,No
4656-CAURT,Male,No,69,Yes,No,No,No internet service,Two year,Yes,Bank transfer (automatic),26,40920,496.1,0.3,7.6,No
0121-SNYRK,Male,No,50,No,Yes,DSL,Yes,One year,No,Mailed check,65,32711,0,1.7,10,No
1768-ZAIFU,Female,No,1,No,Yes,DSL,No,Month-to-month,Yes,Electronic check,51,31484,0,4.3,3.8,Yes
4671-LXRDQ,Male,No,2,Yes,No phone service,DSL,No,Month-to-month,Yes,Mailed check,59,112536,280.5,6.1,7.3,Yes
3733-LSYCE,Female,No,15,Yes,No,Fiber optic,No,Month-to-month,No,Bank transfer (automatic),50,75855,393.9,7,7.1,No
6265-FRMTQ,Male,No,31,Yes,No,No,No internet service,Two year,Yes,Bank transfer (automatic),38,73121,593.7,1.5,9,No
1934-SJVJK,Male,No,1,Yes,No,No,No internet service,Month-to-month,No,Mailed check,23,52286,236.6,8.6,7,Yes
3838-OZURD,Male,No,66,Yes,No,Fiber optic,No,Month-to-month,Yes,Credit card (automatic),37,129833,743.7,3,4.5,Yes
1371-DWPAZ,Female,No,0,No,No,DSL,Yes,Two year,Yes,Credit card (automatic),40,91848,0,0.8,8.1,No
9269-CQOOL,Male,No,3,Yes,No,DSL,No,Month-to-month,Yes,Credit card (automatic),60,54890,119.6,3.3,4.6,Yes
2017-CCBLH,Female,No,8,Yes,No phone service,No,No internet service,Two year,Yes,Mailed check,38,69400,282.5,0.7,7.7,No
7690-KPNCU,Male,No,64,Yes,Yes,DSL,No,One year,No,Credit card (automatic),27,88197,730,1.8,7.9,No
0536-BGFMZ,Female,No,28,Yes,Yes,No,No internet service,Month-to-month,Yes,Mailed check,77,127306,303.9,2.7,5.6,No
2293-IJWPS,Female,No,57,Yes,No,Fiber optic,No,One year,Yes,Credit card (automatic),53,37843,802.5,1.4,6.8,No
2845-HSJCY,Female,No,14,Yes,No,Fiber optic,No,Month-to-month,Yes,Electronic check,31,73888,657.4,2.4,5.4,Yes
5469-NUJUR,Male,Yes,19,Yes,Yes,No,No internet service,Two year,Yes,Mailed check,80,42399,548.9,2.1,9.3,No
1184-PJVDB,Male,No,10,Yes,Yes,Fiber optic,No,Month-to-month,Yes,Electronic check,35,96270,363.4,9.3,3.9,Yes
2625-TRCZQ,Female,No,51,No,No,DSL,No,Month-to-month,No,Electronic check,58,68220,0,0.7,6.5,No
4102-HLENU,Female,No,,Yes,No,DSL,No,Two year,Yes,Mailed check,18,45735,414.6,3.2,6.9,No
7266-GSSJX,Male,Yes,11,Yes,Yes,No,No internet service,Month-to-month,No,Electronic check,38,60299,,2.5,6.9,No
7722-VJRQD,Male,No,72,No,No,DSL,Yes,Two year,Yes,Bank transfer (automatic),40,33059,0,3,8.4,No
7073-QETQY,Male,No,66,Yes,No,No,No internet service,One year,Yes,Electronic check,39,59715,178,1.1,9.4,No
9415-DPEWS,Female,No,18,Yes,Yes,Fiber optic,Yes,Month-to-month,Yes,Electronic check,74,56979,665.1,4.6,5.4,Yes
5624-RYAMH,Female,No,9,Yes,Yes,No,No internet service,Month-to-month,Yes,Electronic check,59,99927,613.1,14.1,7.7,No
0196-JTUQI,Female,No,9,Yes,No,Fiber optic,No,Month-to-month,Yes,Credit card (automatic),65,113430,384.1,0.4,6.1,No
7130-YXBRO,Male,No,48,Yes,No,Fiber optic,No,Month-to-month,No,Bank transfer (automatic),45,18000,427.7,0.6,7.3,No
9272-LSVYH,Male,Yes,,Yes,Yes,Fiber optic,No,Month-to-month,No,Mailed check,46,44122,220,6.7,9.2,No
7943-RQCHR,Female,No,9,Yes,No,Fiber optic,No,Month-to-month,Yes,Electronic check,71,49033,493,1.7,5.6,Yes
3793-MMFUH,Female,No,13,Yes,No phone service,Fiber optic,No,Month-to-month,No,Electronic check,36,28048,,3.4,4.2,Yes
3249-ZPQRG,Male,No,4,Yes,Yes,Fiber optic,No,Month-to-month,Yes,Electronic check,73,21421,485.7,5.4,5.8,Yes
2568-BRGYX,Male,No,4,Yes,Yes,Fiber optic,No,Month-to-month,Yes,Electronic check,90,64835,409.5,12.9,3.2,Yes
3084-DOWLE,Female,No,72,Yes,No,DSL,Yes,Two year,No,Bank transfer (automatic),47,106842,769.1,2.9,8,No
1084-MNSMJ,Female,Yes,51,Yes,Yes,DSL,Yes,Two year,Yes,Credit card (automatic),64,103516,163.4,1.2,6.5,No
7721-JXEAW,Male,Yes,59,No,Yes,DSL,No,Month-to-month,No,Bank transfer (automatic),42,33403,0,3.8,6.9,Yes
7249-WBIYX,Male,No,10,Yes,No,Fiber optic,No,Month-to-month,Yes,Electronic check,35,48698,393.8,18.3,4.8,Yes
4238-HFHSN,Male,No,61,Yes,No,Fiber optic,No,Month-to-month,No,Electronic check,49,39307,345.8,4.1,7.6,No
6250-CGGUN,Male,No,54,Yes,No,Fiber optic,Yes,One year,Yes,Electronic check,70,50375,365,0.2,7.8,No
5478-JJVZK,Female,No,33,Yes,No,DSL,No,Month-to-month,No,Mailed check,42,60259,518.2,1.9,6.3,No
7596-IIWYC,Female,No,,Yes,No phone service,No,No internet service,Two year,Yes,Bank transfer (automatic),78,63810,340.8,0.3,7.5,No
6567-HOOPW,Female,No,1,Yes,No,Fiber optic,No,Month-to-month,No,Electronic check,25,33494,483.6,3.8,7,Yes
9793-WECQC,Male,No,23,Yes,Yes,Fiber optic,No,Month-to-month,Yes,Mailed check,35,20986,504.6,2,4.2,No
4291-HPAXL,Male,No,1,Yes,Yes,No,No internet service,Month-to-month,No,,48,,463.8,1.2,8.8,No
8999-YPYBV,Male,No,45,Yes,Yes,DSL,Yes,Two year,Yes,Mailed check,78,102455,530.7,1.9,8.6,No
1839-FBNFR,Female,No,39,Yes,No,No,No internet service,Two year,Yes,Bank transfer (automatic),73,46331,430,1,7.6,No
3164-AALRN,Male,No,5,Yes,Yes,DSL,No,One year,Yes,Mailed check,43,53121,546.9,3.2,6.6,Yes
3071-MVJCD,Male,Yes,72,Yes,No phone service,DSL,Yes,Two year,Yes,Bank transfer (automatic),29,45176,631.9,0.9,6.1,No
1697-BCSHV,Female,Yes,58,Yes,No phone service,DSL,No,Month-to-month,No,Bank transfer (automatic),35,97622,557.5,4,7.2,No
0562-KBDVM,Female,No,70,No,No,DSL,Yes,Two year,No,Bank transfer (automatic),37,38796,0,0.2,7.1,No
1131-SUEKT,Male,No,61,Yes,Yes,Fiber optic,Yes,One year,Yes,Bank transfer (automatic),53,49378,280.2,0.4,7.5,No
3717-OEAUQ,Male,No,2,Yes,Yes,Fiber optic,No,Month-to-month,No,Mailed check,32,92842,455,2.6,5.4,No
4538-WNTMJ,Female,No,46,Yes,Yes,No,No internet service,One year,Yes,Mailed check,42,54115,510.5,1.3,8.3,No
3334-CTHOL,Female,No,1,Yes,Yes,DSL,No,Month-to-month,No,Bank transfer (automatic),74,101837,854.1,6.8,4.8,Yes
4704-ERYFC,Female,No,22,Yes,Yes,Fiber optic,No,Month-to-month,No,Electronic check,50,67037,581.7,3.3,5.2,Yes
9432-RUVSL,Female,No,48,Yes,No,Fiber optic,Yes,Two year,No,Credit card (automatic),74,78194,591.1,1.4,8.5,No
8060-HIWJJ,Male,No,64,Yes,No,DSL,Yes,Two year,Yes,Credit card (automatic),44,36641,818.5,1.9,7.3,No
7684-XSZIY,Male,No,72,Yes,No phone service,No,No internet service,Two year,Yes,Bank transfer (automatic),32,127289,757,0,8.1,No
9089-UOWJG,Female,No,12,Yes,Yes,DSL,No,Month-to-month,Yes,Credit card (automatic),43,95001,109.4,2.8,5.4,No
8621-MNIHH,Female,Yes,34,Yes,No phone service,Fiber optic,No,Month-to-month,Yes,Electronic check,80,21340,622.2,13.6,5.7,Yes
8039-ACLPL,Female,No,72,Yes,No,DSL,No,Two year,No,Credit card (automatic),24,35985,575.1,0.5,8,No
9885-AIBVB,Male,Yes,29,Yes,Yes,Fiber optic,No,Month-to-month,Yes,Electronic check,,18000,885.7,2.1,6.6,No
1934-MKPXS,Male,No,33,Yes,Yes,No,No internet service,One year,Yes,Credit card (automatic),30,92827,725.1,0.2,7.2,No
2592-YKDIF,Female,No,1,Yes,No phone service,No,No internet service,Month-to-month,Yes,Mailed check,47,62165,412.7,2,6.6,No
2272-JKMSI,Female,No,62,Yes,Yes,Fiber optic,Yes,One year,Yes,Electronic check,18,26541,881.5,5.7,6.3,No
0471-LVHGK,Male,No,41,Yes,Yes,DSL,No,One year,No,Electronic check,53,29481,875.7,3.2,5,Yes
9518-RWHZL,Female,No,64,Yes,No,Fiber optic,No,One year,Yes,Credit card (automatic),78,44821,412.2,2.5,7.9,Yes
8714-CTZJW,Female,No,4,Yes,No,Fiber optic,No,Month-to-month,No,Credit card (automatic),82,102093,255.6,1.1,7.1,No
3569-EDBPQ,Female,No,24,Yes,Yes,Fiber optic,Yes,Month-to-month,No,Electronic check,65,42179,473.3,7.5,6.7,No
3131-NWVFJ,Female,No,14,Yes,Yes,No,No internet service,One year,No,Mailed check,60,54689,524.2,2.8,7.7,No
7521-YXVZY,Male,No,3,Yes,Yes,No,No internet service,Month-to-month,No,Mailed check,55,49548,540.1,3.4,6.7,No
5419-CONWX,Female,No,4,Yes,Yes,Fiber optic,No,Month-to-month,Yes,Credit card (automatic),27,75779,315,4.7,2.9,Yes
6240-EURKS,Female,No,18,No,No,DSL,No,Month-to-month,No,Electronic check,51,46527,0,7.3,5.8,Yes
2373-NTKOD,Male,Yes,8,Yes,No,DSL,No,Month-to-month,Yes,Electronic check,37,64856,374.3,3.5,6.1,No
1970-KKFWL,Female,No,35,Yes,No,No,No internet service,Two year,Yes,Bank transfer (automatic),47,24322,254.2,2.6,5.2,No
6960-HVYXR,Female,Yes,1,Yes,Yes,Fiber optic,No,Month-to-month,Yes,Electronic check,51,37898,,8.3,4.3,Yes
9337-SRRNI,Male,Yes,66,Yes,No,No,No internet service,Two year,Yes,Credit card (automatic),24,106434,568.6,1.5,6.3,No
0895-UADGO,Male,No,8,No,No,DSL,Yes,Two year,Yes,Mailed check,62,21009,0,2.4,8.5,No
5678-VFNEQ,Female,No,71,Yes,Yes,Fiber optic,No,One year,Yes,Credit card (automatic),59,87963,802.3,2.2,7.4,No
5977-CKHON,Female,No,43,Yes,Yes,Fiber optic,No,Month-to-month,Yes,Bank transfer (automatic),78,69195,687.1,0.9,4.4,No
7024-OHCCK,Female,No,2,Yes,No,Fiber optic,No,Month-to-month,Yes,Electronic check,36,40858,723.1,8.6,6.1,Yes
2692-BUCFV,Male,No,29,Yes,Yes,Fiber optic,No,Month-to-month,Yes,Bank transfer (automatic),27,44526,408.5,0.1,5.9,No
7861-UVUFT,Female,No,15,Yes,Yes,Fiber optic,No,Month-to-month,No,Electronic check,30,48566,310.2,4.6,5.4,Yes
1830-GGFNM,Male,Yes,65,Yes,No,Fiber optic,Yes,Two year,Yes,Credit card (automatic),35,34735,520.5,2.2,8.1,No
5302-BDJNT,Male,No,,Yes,Yes,Fiber optic,Yes,Month-to-month,No,Electronic check,44,38417,551.3,6.4,8.8,No
5223-UZAVK,Male,No,64,Yes,Yes,Fiber optic,No,One year,Yes,Credit card (automatic),79,52833,291.6,2.3,8,No
4859-ZSRDZ,Female,Yes,58,No,Yes,DSL,Yes,Two year,Yes,,45,43611,0,0.7,10,No
5651-WYIPH,Female,Yes,18,Yes,No,DSL,No,Month-to-month,Yes,Credit card (automatic),42,59526,216.7,6.9,9.7,No
9350-VLHMB,Male,No,67,Yes,Yes,Fiber optic,No,Month-to-month,Yes,Bank transfer (automatic),72,50093,396.1,1.8,6.8,No
3498-LZGQZ,Male,Yes,63,Yes,No,No,No internet service,Two year,Yes,Mailed check,36,122375,365,0.8,8,No
8785-CJSHH,Female,No,60,Yes,Yes,Fiber optic,No,Month-to-month,No,Electronic check,51,32553,847.9,5.7,7.4,No
5357-TZHPP,Male,No,9,Yes,Yes,Fiber optic,No,Month-to-month,No,Credit card (automatic),49,98439,768.3,6.1,3.3,Yes
3870-SPZSI,Female,Yes,,Yes,No,Fiber optic,Yes,Two year,Yes,Credit card (automatic),25,34139,779.8,0.8,8.1,No
0680-DFNNY,Male,No,15,Yes,Yes,Fiber optic,No,Month-to-month,Yes,Electronic check,38,62122,358,8,7.7,Yes
7560-QRBXH,Female,No,48,Yes,No,No,No internet service,One year,Yes,Mailed check,38,91191,526.4,2.2,9,No
7077-XJMET,Male,No,12,Yes,Yes,DSL,Yes,Month-to-month,Yes,Electronic check,48,42433,492.4,2.1,8.5,No
8752-GHJFU,Male,Yes,71,Yes,Yes,Fiber optic,Yes,One year,No,Electronic check,45,36659,503.4,1.3,7.2,No
6896-SRVYQ,Male,Yes,,Yes,No,Fiber optic,No,Month-to-month,Yes,Electronic check,43,33043,529.9,1.8,6,No
7767-UXAGJ,Male,No,1,Yes,No,DSL,No,Month-to-month,No,Electronic check,84,60571,514.6,4,5.6,Yes
4652-ODEVH,Male,No,45,Yes,Yes,No,No internet service,Two year,Yes,Mailed check,60,51141,673.1,1.7,6.5,No
6510-UPNKS,Female,No,23,Yes,No phone service,No,No internet service,One year,Yes,Credit card (automatic),33,73500,528.6,0,7.4,No
6718-BDGHG,Female,No,43,Yes,Yes,DSL,Yes,One year,No,Bank transfer (automatic),70,58176,804.3,0.7,7.9,No
9046-DQMTP,Male,No,35,Yes,No,No,No internet service,Month-to-month,No,Bank transfer (automatic),40,53218,499.8,2.6,7,No
6439-LAJXL,Male,No,9,Yes,No phone service,DSL,Yes,Month-to-month,Yes,Mailed check,34,135863,463.8,5.5,7.8,No
1571-SAVHK,Male,No,12,Yes,No,Fiber optic,Yes,Month-to-month,Yes,Mailed check,59,78030,556.4,1.6,4.1,Yes
9052-VKDUW,Female,No,65,Yes,Yes,Fiber optic,No,Month-to-month,Yes,Credit card (automatic),50,83187,711.2,1.7,5.7,No
9546-CQJSU,Female,No,2,Yes,No,Fiber optic,No,Month-to-month,Yes,Electronic check,24,64099,601.7,12.2,5.9,Yes
1666-JZPZT,Male,No,27,Yes,Yes,DSL,No,Month-to-month,Yes,Mailed check,21,38718,611.4,3.6,7.2,No
5777-KJIRB,Female,No,40,Yes,Yes,DSL,No,One year,Yes,Mailed check,28,41671,285.6,2.6,6,No
0506-LVNGN,Female,Yes,5,Yes,No,Fiber optic,No,Month-to-month,No,Credit card (automatic),37,71063,466.2,3.9,7.2,Yes
7677-SJJJK,Male,No,8,Yes,No,No,No internet service,One year,Yes,Credit card (automatic),36,139898,352.4,4.1,7.9,No
2480-EJWYP,Female,No,58,Yes,Yes,Fiber optic,No,One year,No,Bank transfer (automatic),54,69190,720,0.5,8,No
3253-HKOKL,Female,No,52,Yes,No phone service,Fiber optic,No,One year,No,Electronic check,79,57231,540.6,1.7,7.3,No
7055-HNEOJ,Male,No,3,Yes,No,DSL,Yes,Month-to-month,No,Mailed check,38,25182,565.6,0.3,8,No
5514-YQENT,Male,Yes,41,Yes,Yes,Fiber optic,Yes,Two year,Yes,Electronic check,36,72578,192.6,1.8,7.4,No
3211-AAPKX,Male,No,20,Yes,No,Fiber optic,Yes,Month-to-month,No,Mailed check,48,31015,664.4,2.5,6.8,No
8445-DNBAE,Male,Yes,1,Yes,No,DSL,No,Month-to-month,Yes,Electronic check,82,105324,530.6,7.9,8.9,No
2951-QOQTK,Male,No,4,Yes,No,Fiber optic,Yes,Month-to-month,No,Credit card (automatic),30,84499,575.9,1.8,6.7,Yes
2958-NHPPS,Male,No,23,Yes,No,No,No internet service,Month-to-month,No,Electronic check,52,70312,599.1,10.3,4.9,No
6806-YDEUL,Female,No,6,Yes,No,No,No internet service,Month-to-month,No,Bank transfer (automatic),40,61733,84.6,4.3,6,No
1735-XMJVH,Male,No,8,Yes,No phone service,No,No internet service,Month-to-month,Yes,Mailed check,34,83975,381.4,1.6,4.9,No
6890-PFRQX,Male,No,18,Yes,No,DSL,No,Month-to-month,No,Mailed check,29,48992,656.6,0.4,6.5,No
0222-CNVPT,Male,No,52,No,Yes,DSL,No,Month-to-month,Yes,Credit card (automatic),43,84062,0,1.4,4.7,No
5899-OUVKV,Male,No,31,Yes,Yes,Fiber optic,No,Month-to-month,Yes,Electronic check,75,36248,511.8,0.4,9.2,No
8681-ICONS,Male,No,29,Yes,No,No,No internet service,Month-to-month,Yes,Mailed check,67,40350,75.9,4.6,,No
1621-YNCJH,Female,No,36,Yes,No,Fiber optic,Yes,Two year,No,Credit card (automatic),47,91565,538.3,3.4,7.5,No
3473-XIIIT,Female,No,16,Yes,No,Fiber optic,No,Month-to-month,No,Electronic check,22,84673,329.8,5.8,4.8,Yes
6362-QHAFM,Male,No,42,Yes,No,Fiber optic,Yes,One year,No,Electronic check,76,30364,777.7,0,6,No
7893-IXHRQ,Male,No,1,Yes,No,No,No internet service,Month-to-month,No,Electronic check,39,32187,114.1,10.2,4,Yes
3070-BDOQC,Female,No,60,Yes,No,Fiber optic,No,Two year,Yes,Electronic check,35,85513,404.1,4.4,5.8,No
2952-QAYZF,Male,No,5,Yes,No,Fiber optic,No,Month-to-month,Yes,Electronic check,41,80817,523.2,5.6,5.9,Yes
6234-PFPXL,Male,Yes,22,Yes,No,Fiber optic,Yes,Month-to-month,Yes,Credit card (automatic),53,109926,526.1,5.1,6.6,No
9824-QCJPK,Male,No,36,Yes,No,No,No internet service,One year,Yes,Mailed check,38,102205,367.5,1.5,8.6,No
4763-PGDPO,Female,No,4,Yes,No,Fiber optic,No,Month-to-month,No,Electronic check,57,53442,253.1,8.2,5.3,Yes
4283-IVYCI,Male,No,9,Yes,No,DSL,Yes,Month-to-month,Yes,Mailed check,23,42259,299.1,7.4,5.9,No
1866-OBPNR,Male,No,1,Yes,Yes,Fiber optic,No,Month-to-month,No,Credit card (automatic),23,59613,375.4,3.3,7.2,No
8205-MQUGY,Male,No,12,Yes,No,DSL,No,Month-to-month,Yes,Electronic check,53,38777,338.8,1.5,7.8,No
8970-ANWXO,Female,No,,Yes,Yes,DSL,Yes,One year,Yes,Mailed check,56,63062,934.3,1.3,7.3,No
9480-BQJEI,Male,No,62,Yes,No,Fiber optic,No,One year,Yes,Bank transfer (automatic),34,45976,469.3,0.5,7.1,No
5394-SVGJV,Male,No,37,Yes,No phone service,Fiber optic,Yes,Month-to-month,Yes,Bank transfer (automatic),41,30922,407.9,2.3,6.5,Yes
6979-TNDEU,Female,No,8,Yes,Yes,No,No internet service,Month-to-month,Yes,Mailed check,28,30741,558.4,2,7.1,No
9777-WJJPR,Male,No,31,Yes,No,Fiber optic,No,Month-to-month,No,Credit card (automatic),53,54310,826.2,2.8,7.1,No
9283-LZQOH,Male,No,13,Yes,Yes,Fiber optic,No,Month-to-month,Yes,Credit card (automatic),23,105216,479.1,5,4.7,Yes
7079-QRCBC,Female,Yes,,Yes,No,Fiber optic,No,Month-to-month,Yes,Electronic check,18,53729,698.4,7.6,5.8,Yes
9495-SKLKD,Male,No,45,Yes,Yes,Fiber optic,No,Month-to-month,Yes,Bank transfer (automatic),61,36291,428.7,0.7,7.3,No
6048-UWKAL,Female,Yes,69,Yes,No,Fiber optic,Yes,Two year,No,Credit card (automatic),38,57085,826.6,0.9,5.9,No
5067-DGXLL,Male,No,2,Yes,Yes,No,No internet service,Month-to-month,No,Mailed check,63,48161,283.1,1.6,6.1,No
5469-CTCWN,Male,No,61,Yes,No,Fiber optic,No,One year,Yes,,44,80346,454.8,4,5.8,Yes
9851-QXEEQ,Male,No,41,Yes,No,Fiber optic,No,Month-to-month,No,Electronic check,37,33311,456.8,4.8,5.5,Yes
6281-FKEWS,Female,Yes,44,No,Yes,DSL,No,One year,Yes,Electronic check,73,,0,6.7,7.4,No
8898-KASCD,Male,No,39,No,Yes,DSL,Yes,One year,Yes,Mailed check,29,67733,0,1.8,4.7,No
9242-TKFSV,Male,No,72,No,Yes,DSL,Yes,Two year,Yes,Credit card (automatic),30,94411,0,0.2,,No
9290-SHCMB,Female,No,13,Yes,No,Fiber optic,No,Month-to-month,No,Electronic check,25,52017,651.9,2.9,5.7,No
0743-HNPFG,Female,No,51,Yes,No,DSL,Yes,One year,Yes,Credit card (automatic),31,29809,501.3,0.5,8.3,No
2277-BKJKN,Female,No,71,Yes,Yes,Fiber optic,No,Two year,No,Electronic check,51,62441,506.4,3.3,7.2,No
9809-IMGCQ,Male,No,22,Yes,Yes,Fiber optic,No,Month-to-month,Yes,Electronic check,49,40746,538.4,7.8,3.6,Yes
5208-HFSBT,Female,Yes,2,Yes,Yes,DSL,Yes,Month-to-month,Yes,Credit card (automatic),81,67831,420.5,2.4,6.8,Yes
5035-PGZXH,Female,No,56,Yes,No,Fiber optic,No,One year,Yes,Electronic check,41,46749,385.6,3.5,7.3,No
8695-WDYEA,Male,No,1,Yes,No,DSL,No,Month-to-month,No,Mailed check,47,56136,580.2,4.6,9.1,No
6543-JXSOO,Female,No,23,Yes,No,DSL,Yes,One year,No,Mailed check,30,79753,482.9,4.9,7.2,No
8016-ZMGMO,Female,No,66,Yes,Yes,DSL,No,One year,Yes,Bank transfer (automatic),39,21717,305.7,1.9,8.5,No
8605-ITULD,Female,No,1,Yes,No,No,No internet service,Month-to-month,Yes,Mailed check,36,72846,401.9,6.1,6.5,No
3254-YRILK,Male,No,19,Yes,Yes,Fiber optic,No,Month-to-month,Yes,Electronic check,69,47669,508.4,6.7,6.2,Yes
6416-YJTTB,Male,No,11,Yes,Yes,Fiber optic,No,Month-to-month,No,Bank transfer (automatic),31,18000,323.8,4,7,No
2667-WYLWJ,Female,No,8,Yes,Yes,No,No internet service,One year,Yes,Mailed check,39,60472,423.7,4.3,5.2,Yes
4472-VESGY,Female,No,52,Yes,No,Fiber optic,No,Month-to-month,No,Bank transfer (automatic),47,71351,615.1,0.8,6,No
3195-TQDZX,Male,Yes,3,Yes,No,No,No internet service,Month-to-month,No,Electronic check,34,74415,519.6,7.5,7.7,No
3128-YOVTD,Female,No,51,Yes,Yes,Fiber optic,No,Month-to-month,Yes,Bank transfer (automatic),28,44872,359.7,1.3,6.6,No
0529-ONKER,Male,No,15,Yes,Yes,Fiber optic,No,Month-to-month,Yes,Electronic check,74,42995,509.9,6.1,6.3,Yes
1728-CXQBE,Male,No,64,Yes,Yes,Fiber optic,No,Month-to-month,Yes,Electronic check,59,70972,736.3,5.4,6.9,No
7041-TXQJH,Female,No,37,No,No,DSL,No,Month-to-month,Yes,Credit card (automatic),49,67480,0,2.5,6.5,No
5014-GSOUQ,Male,Yes,13,Yes,Yes,No,No internet service,Two year,Yes,Mailed check,36,43230,222,0,6,No
5724-BIDBU,Male,No,49,Yes,Yes,DSL,No,One year,Yes,Electronic check,28,30560,,2.9,,No
0481-SUMCB,Female,No,45,Yes,Yes,Fiber optic,No,One year,No,Bank transfer (automatic),68,78011,714.5,1.8,8.2,No
1769-GRUIK,Female,No,18,Yes,Yes,Fiber optic,No,Month-to-month,Yes,Electronic check,41,78526,532.5,4.8,8.7,No
5240-IJOQT,Male,No,1,Yes,No,Fiber optic,No,Month-to-month,Yes,Electronic check,29,93000,674.6,2.5,6,Yes
8819-WFGGJ,Male,No,,No,No,DSL,No,Two year,No,Bank transfer (automatic),42,71558,0,0.4,7.7,No
7427-AUFPY,Male,Yes,54,Yes,Yes,No,No internet service,Two year,Yes,Credit card (automatic),38,19988,414.7,1.7,8.5,No
2811-POVEX,Female,No,23,Yes,Yes,Fiber optic,No,Month-to-month,Yes,Bank transfer (automatic),29,82308,476.3,3.3,7.4,No
1092-GANHU,Male,No,17,Yes,No,Fiber optic,No,Month-to-month,Yes,Electronic check,77,111916,485.8,3.9,6.4,Yes
7898-PDWQE,Male,No,71,Yes,No,DSL,Yes,Two year,Yes,Credit card (automatic),78,48803,,0.8,6.1,No
9972-EWRJS,Female,No,67,Yes,No,No,No internet service,Two year,Yes,Bank transfer (automatic),44,47628,479,2.5,5.4,No
9314-IJWSQ,Female,No,14,Yes,No phone service,Fiber optic,No,Month-to-month,No,Electronic check,31,106751,673.4,3.9,6.3,No
0661-XEYAN,Female,No,1,No,Yes,DSL,No,Month-to-month,No,Mailed check,41,57120,0,2.8,6.5,Yes
5799-JRCZO,Female,No,63,Yes,No,No,No internet service,Two year,No,,24,30936,439.1,0.5,6.3,No
1921-KYSAY,Female,No,41,Yes,No,DSL,Yes,One year,No,Electronic check,39,45822,294.2,0.6,8.4,No
6198-RTPMF,Female,No,17,Yes,No,Fiber optic,No,Month-to-month,No,Electronic check,46,,273.1,5,6.9,No
2924-KHUVI,Male,No,56,Yes,Yes,Fiber optic,No,One year,Yes,Electronic check,85,65963,400.3,2.9,8.1,No
1925-GMVBW,Female,No,5,Yes,Yes,No,No internet service,Month-to-month,No,Credit card (automatic),66,81624,190.9,6.6,7,No
7881-EVUAD,Female,No,2,No,Yes,DSL,No,Month-to-month,Yes,Electronic check,41,85849,0,6.8,6.7,Yes
6184-DYUOB,Female,No,3,Yes,Yes,No,No internet service,Month-to-month,Yes,Mailed check,29,44771,845.6,6,9.6,No
9207-ZPANB,Male,No,,Yes,No,DSL,Yes,One year,No,Electronic check,37,51306,575.7,0.8,,No
5766-XQXMQ,Female,No,29,Yes,No,DSL,No,Month-to-month,Yes,Bank transfer (automatic),40,136609,136.6,3.1,4.9,Yes
9327-QSDED,Male,No,8,Yes,Yes,DSL,No,Month-to-month,Yes,Mailed check,74,62047,549,,7.3,No
1656-DRSMG,Female,No,63,Yes,Yes,Fiber optic,Yes,Month-to-month,No,Credit card (automatic),21,81221,601.9,0.8,7.5,No
3012-VFFMN,Female,No,7,Yes,No,No,No internet service,Month-to-month,No,Mailed check,42,96083,637.6,11.7,8,No
2984-AFWNC,Female,No,3,Yes,Yes,Fiber optic,No,Month-to-month,Yes,Electronic check,39,58475,197.4,0.1,3.1,No
0640-YJTPY,Male,No,72,Yes,No,No,No internet service,Two year,Yes,Bank transfer (automatic),42,60727,138.2,0.7,7.5,No
8096-LOIST,Female,No,19,Yes,No,DSL,No,Month-to-month,No,Electronic check,56,117991,164.6,2.9,7.4,No
9764-REAFF,Female,No,59,Yes,No,No,No internet service,Two year,Yes,Bank transfer (automatic),56,47980,456.3,2.1,7.6,No
3703-VAVCL,Male,No,2,Yes,Yes,Fiber optic,Yes,Month-to-month,Yes,Credit card (automatic),43,89844,781.2,2.4,5.7,Yes
7107-UBYKY,Female,No,35,Yes,No phone service,No,No internet service,Month-to-month,Yes,Electronic check,73,74552,749.6,6.5,6.8,No
4881-GQJTW,Male,No,14,Yes,No,No,No internet service,Month-to-month,Yes,Credit card (automatic),34,23649,460.6,4,7.1,No
8519-QJGJD,Female,No,14,Yes,No,Fiber optic,No,Month-to-month,Yes,Electronic check,25,53232,404.7,5.9,4.6,Yes
7876-DNYAP,Female,Yes,69,Yes,Yes,No,No internet service,Two year,Yes,Credit card (automatic),24,51360,631.1,3.2,8,No
7905-NJMXS,Male,No,7,Yes,Yes,DSL,Yes,Month-to-month,No,Electronic check,48,45397,500.7,4,5.2,No
2882-WDTBA,Male,No,69,Yes,No,DSL,Yes,Two year,No,Bank transfer (automatic),76,67975,455,0,6.6,No
2091-GPPIQ,Female,Yes,72,Yes,No phone service,DSL,Yes,Two year,No,Electronic check,53,85056,482.1,3.3,7.5,No
6326-MTTXK,Male,No,8,Yes,No,Fiber optic,No,Month-to-month,No,Electronic check,76,55373,319.2,9.3,5.2,Yes
5071-FBJFS,Female,Yes,4,Yes,No,DSL,No,Month-to-month,Yes,Electronic check,45,42014,432.8,18.6,5.8,No
2796-UUZZO,Male,Yes,63,Yes,Yes,Fiber optic,No,Month-to-month,No,Credit card (automatic),22,44810,232.5,0.2,4.3,No
2429-AYKKO,Male,No,72,Yes,No,No,No internet service,Two year,No,Bank transfer (automatic),47,92651,196.1,3.5,8.6,No
9798-OPFEM,Female,Yes,,Yes,Yes,No,No internet service,Two year,No,,46,43984,242.3,1.8,6.9,No
0330-IVZHA,Female,Yes,5,Yes,No,Fiber optic,No,Month-to-month,Yes,Electronic check,37,99947,462.8,14.7,5.8,Yes
3794-NFNCH,Male,Yes,30,Yes,Yes,DSL,No,Month-to-month,Yes,Mailed check,32,54016,503.2,0.7,7.3,No
5193-QLVZB,Male,Yes,63,Yes,Yes,Fiber optic,No,Two year,Yes,Bank transfer (automatic),49,79068,573.3,0,8.2,No
7114-AEOZE,Female,No,60,Yes,No,No,No internet service,Two year,Yes,Bank transfer (automatic),45,29249,511.6,1.8,7.4,No
2886-KEFUM,Female,No,63,Yes,Yes,Fiber optic,No,One year,No,Electronic check,53,26334,745.9,8.8,8.3,Yes
5522-NYKPB,Male,No,25,Yes,Yes,Fiber optic,Yes,Month-to-month,Yes,Electronic check,43,92218,655.4,12,4.9,No
4237-RLAQD,Male,Yes,1,Yes,Yes,DSL,No,Month-to-month,Yes,Mailed check,38,18000,550.9,1.8,6,Yes
9957-YODKZ,Male,No,6,Yes,Yes,Fiber optic,No,Month-to-month,Yes,Electronic check,53,43445,634.6,1.6,6.6,No
6518-KZXCB,Male,No,22,Yes,No,No,No internet service,Two year,Yes,Mailed check,30,111433,496.6,2.5,10,No
2245-ADZFJ,Female,No,31,Yes,Yes,DSL,Yes,Two year,No,Bank transfer (automatic),47,55050,875.7,2.8,8.4,No
7776-QGYJC,Female,No,39,Yes,No,Fiber optic,Yes,Month-to-month,Yes,Bank transfer (automatic),38,32228,435.2,4,7.1,No
9313-QOLTZ,Male,Yes,26,Yes,No,No,No internet service,Month-to-month,Yes,Mailed check,43,39473,578.8,2,8.4,No
9651-GTSAQ,Female,No,53,Yes,Yes,Fiber optic,No,One year,Yes,Bank transfer (automatic),31,36887,400.6,2.3,6.9,Yes
3186-BAXNB,Female,No,1,Yes,No,Fiber optic,Yes,Month-to-month,Yes,Electronic check,47,51240,370.1,9.5,5.6,Yes
4672-FOTSD,Male,No,12,Yes,No phone service,DSL,Yes,Month-to-month,Yes,Electronic check,76,47691,704.9,3.5,5.4,No
0637-YLETY,Female,Yes,16,Yes,Yes,Fiber optic,No,Month-to-month,Yes,Credit card (automatic),80,47739,607.6,1.7,4.5,Yes
9818-XQCUV,Female,No,2,Yes,Yes,No,No internet service,Month-to-month,Yes,Mailed check,38,51105,585,0,10,No
7338-ERIVA,Male,No,,No,Yes,DSL,Yes,One year,No,Bank transfer (automatic),27,62862,0,0.2,8.6,No
1157-BQCUW,Male,No,1,Yes,No,Fiber optic,No,Month-to-month,Yes,Electronic check,26,57578,629.3,9.5,4.2,Yes
8259-NFJTV,Female,No,7,No,No phone service,DSL,Yes,Month-to-month,No,Mailed check,39,72562,0,3,7.9,No
3223-DWFIO,Male,No,4,Yes,Yes,Fiber optic,No,Month-to-month,No,Electronic check,26,53264,367.1,0,6.6,No
2660-EMUBI,Male,No,10,Yes,Yes,Fiber optic,No,Month-to-month,Yes,Electronic check,51,45339,889.9,4.9,6,Yes
6968-GMKPR,Female,No,55,Yes,No phone service,Fiber optic,No,Month-to-month,Yes,Electronic check,30,25762,268.7,6.7,6,No
4751-ERMAN,Male,No,72,Yes,No,DSL,No,Two year,No,Bank transfer (automatic),48,47811,376.6,1.3,5.7,No
1436-ZMJAN,Female,Yes,10,Yes,Yes,DSL,No,Month-to-month,No,Credit card (automatic),44,77418,384.5,5.1,4.9,No
3292-PBZEJ,Male,No,11,Yes,Yes,Fiber optic,Yes,Month-to-month,No,Electronic check,18,62863,806.6,1.7,9.1,No
0799-DDIHE,Female,No,15,Yes,No,DSL,No,Month-to-month,No,Electronic check,59,34755,471.6,5.2,8.6,No
3070-FNFZQ,Female,No,23,Yes,No,No,No internet service,Two year,No,Bank transfer (automatic),39,24407,430.9,4.2,8.1,No
2812-SFXMJ,Male,No,1,Yes,Yes,No,No internet service,Month-to-month,Yes,Mailed check,26,52527,310.3,9,7.2,No
7675-OZCZG,Female,No,3,Yes,No,DSL,No,Month-to-month,Yes,Electronic check,32,79416,642.3,5,6,Yes
5014-WUQMG,Male,No,47,Yes,No,Fiber optic,No,One year,Yes,Electronic check,55,33015,520.8,0.7,5.3,No
5312-TSZVC,Female,No,15,Yes,Yes,No,No internet service,One year,Yes,Mailed check,33,55401,414.5,5,7.2,No
2003-CKLOR,Male,No,66,Yes,Yes,Fiber optic,No,Month-to-month,Yes,Electronic check,30,29683,489.7,11.5,3.9,Yes
0993-OSGPT,Female,No,68,Yes,No phone service,DSL,Yes,One year,No,Bank transfer (automatic),37,36782,455.9,0.4,9.8,No
9254-RBFON,Female,No,17,Yes,Yes,Fiber optic,Yes,One year,Yes,Bank transfer (automatic),71,38553,427.7,1.9,7.2,Yes
1205-WNWPJ,Female,No,7,Yes,No,DSL,Yes,Month-to-month,No,Mailed check,18,29500,824.8,3.8,5.7,Yes
9391-EOYLI,Male,No,12,Yes,Yes,Fiber optic,No,Month-to-month,No,Electronic check,32,57363,344.3,5.7,6.1,Yes
7108-DGVUU,Female,No,21,Yes,No,DSL,No,One year,Yes,Bank transfer (automatic),62,49470,529.2,3.1,7,No
2782-JEEBU,Male,No,21,No,Yes,DSL,Yes,Month-to-month,Yes,Mailed check,19,56924,0,3.4,7.6,No
5127-BZENZ,Female,No,56,Yes,Yes,DSL,No,One year,Yes,Bank transfer (automatic),60,111963,803.6,5.9,6.4,No
2720-FVBQP,Female,No,6,Yes,No phone service,DSL,No,Month-to-month,No,Credit card (automatic),52,36395,552.4,2.7,6.9,No
9906-NHHVC,Female,No,65,No,Yes,DSL,No,Two year,Yes,Bank transfer (automatic),59,35525,0,0.2,8.3,No
4522-XRWWI,Male,No,42,Yes,No,DSL,Yes,One year,Yes,Credit card (automatic),26,52715,800.4,3,8.4,No
3766-EJLFL,Female,No,68,Yes,No,Fiber optic,Yes,Two year,No,,47,55200,846.6,1.1,8.6,No
5939-SXWHM,Male,Yes,48,Yes,Yes,No,No internet service,Two year,No,Bank transfer (automatic),39,88094,574.6,1.5,8.2,No
8152-UOBNY,Female,Yes,50,Yes,Yes,Fiber optic,Yes,One year,Yes,,49,70514,468.1,3.1,7.3,No
7351-KYHQH,Female,No,7,Yes,No,DSL,No,Month-to-month,Yes,Electronic check,71,97342,638.8,4.8,8.3,No
7643-RCHXS,Female,No,63,Yes,No phone service,No,No internet service,Two year,Yes,Electronic check,,112705,775.6,1.7,8.6,No
8246-SHFGA,Male,No,17,Yes,Yes,No,No internet service,Month-to-month,Yes,Credit card (automatic),39,51757,358.3,3.2,6.5,No
8387-MOJJT,Female,No,42,Yes,Yes,Fiber optic,No,Month-to-month,Yes,Credit card (automatic),50,18000,603.6,2.3,6.6,Yes
0620-XEFWH,Male,No,4,Yes,Yes,No,No internet service,Month-to-month,Yes,Mailed check,48,108031,452.3,0.4,5.5,No
6485-QXWWE,Female,No,62,Yes,No phone service,No,No internet service,Two year,Yes,Bank transfer (automatic),22,72139,573.8,2.1,8,No
2761-OCIAX,Male,No,2,Yes,No,Fiber optic,No,Month-to-month,No,Electronic check,35,144392,170.8,2.4,6.2,Yes
7321-VGNKU,Female,No,2,Yes,No,Fiber optic,No,Month-to-month,Yes,Electronic check,36,156111,509,1.6,8.1,No
5327-CNLUQ,Male,No,48,Yes,No,Fiber optic,No,Two year,No,Bank transfer (automatic),35,78966,707.6,0.7,6.7,No
7552-KEYGT,Male,No,27,Yes,No,No,No internet service,Two year,Yes,Bank transfer (automatic),73,91274,492,0,7.4,No
5816-JMLGY,Female,Yes,70,Yes,No,DSL,Yes,Two year,Yes,Bank transfer (automatic),60,52833,298.1,1.6,9.3,No
3068-OMWZA,Male,No,1,Yes,Yes,Fiber optic,No,Month-to-month,No,Electronic check,35,89628,717.4,5.6,5.1,Yes
2927-QRRQV,Male,No,46,Yes,No,Fiber optic,No,One year,Yes,Electronic check,55,96095,839.1,8.7,5.9,No
6032-KRXXO,Male,No,30,Yes,No,Fiber optic,No,Month-to-month,No,Electronic check,52,31349,275.4,5.9,6,Yes
7459-RRWQZ,Female,No,15,Yes,Yes,DSL,No,Month-to-month,Yes,Bank transfer (automatic),39,77264,758.2,3.7,4.6,Yes
6265-SXWBU,Male,No,69,Yes,No,Fiber optic,No,One year,No,Credit card (automatic),64,130638,750.1,1.2,8.1,No
7941-RCJOW,Male,Yes,65,Yes,Yes,No,No internet service,Two year,No,Credit card (automatic),62,75894,458,3.2,8.5,No
6374-NTQLP,Male,No,72,Yes,No,Fiber optic,Yes,Two year,Yes,Credit card (automatic),74,62185,588.3,0.8,7.4,No
4154-AQUGT,Male,No,13,Yes,Yes,Fiber optic,Yes,Month-to-month,Yes,Bank transfer (automatic),43,49519,344.5,2.1,5.2,Yes
2387-KDZQY,Male,No,,Yes,Yes,No,No internet service,One year,Yes,Mailed check,46,47990,545.5,0.4,6.4,No
3584-WKTTW,Male,No,51,Yes,Yes,Fiber optic,Yes,One year,No,Electronic check,45,127064,714.8,3.9,8.8,No
3399-BMLVW,Male,Yes,51,Yes,Yes,DSL,Yes,Two year,Yes,,42,110102,98,1.4,9.9,No
1971-DTCZB,Female,Yes,72,Yes,No phone service,DSL,Yes,Two year,Yes,Bank transfer (automatic),36,56774,524,1.2,7.3,No
3092-IGHWF,Male,No,67,Yes,No,Fiber optic,No,One year,Yes,Electronic check,41,38924,310.2,9.2,6.2,Yes
3374-PZLXD,Male,No,34,Yes,Yes,No,No internet service,Month-to-month,Yes,Mailed check,41,42316,423.4,3.6,5.9,No
3813-DHBBB,Male,Yes,67,No,No,DSL,Yes,Two year,Yes,Bank transfer (automatic),28,90494,0,0.3,6.6,No
2812-REYAT,Female,Yes,49,Yes,Yes,No,No internet service,One year,Yes,Bank transfer (automatic),24,40973,599.4,0,7.9,No
6518-PPLMZ,Male,No,53,Yes,No,No,No internet service,Two year,Yes,Mailed check,39,94454,363,3.6,6.4,No
4939-KYYPY,Male,No,27,Yes,No,DSL,Yes,Month-to-month,No,Electronic check,40,78261,662.6,3.5,5.7,No
8017-LXHFA,Female,No,23,Yes,No phone service,Fiber optic,No,Month-to-month,Yes,Electronic check,32,32246,182.1,11.4,7.5,Yes
5930-GBIWP,Male,No,69,Yes,Yes,DSL,Yes,Two year,No,Credit card (automatic),30,91617,666.6,1.7,9.8,No
6022-KOUQO,Female,No,2,No,Yes,DSL,Yes,Month-to-month,Yes,Bank transfer (automatic),21,47502,0,0.6,9.6,No
6352-TWCAU,Female,No,35,Yes,No,Fiber optic,No,Month-to-month,Yes,Electronic check,47,53536,927.5,4.7,7.1,Yes
2361-UPSND,Female,No,46,Yes,No,DSL,Yes,One year,Yes,Mailed check,24,52781,556.6,1.6,10,No
6035-RIIOM,Female,No,54,Yes,Yes,Fiber optic,No,Two year,Yes,Bank transfer (automatic),90,35328,732,0.8,4.6,No
2929-QNSRW,Female,No,56,Yes,Yes,Fiber optic,No,One year,Yes,Electronic check,50,28512,897.9,1.6,,Yes
1262-OPMFY,Female,No,9,Yes,No,Fiber optic,No,Month-to-month,Yes,Bank transfer (automatic),34,52457,296.2,2.4,3.9,Yes
9504-DSHWM,Male,No,20,Yes,No phone service,DSL,Yes,Month-to-month,No,Bank transfer (automatic),37,49130,640.8,0,6.5,No
5035-BVCXS,Male,No,11,Yes,Yes,Fiber optic,No,Month-to-month,Yes,Mailed check,37,37943,581.1,2.7,5.8,No
6267-DCFFZ,Female,No,30,Yes,No,Fiber optic,No,Month-to-month,No,Electronic check,51,43319,248.7,5.3,8.9,No
3533-UVMOM,Male,No,68,Yes,No,DSL,No,Two year,No,Bank transfer (automatic),31,82325,320.2,1,8.1,No
2439-LYPMQ,Male,No,38,Yes,Yes,Fiber optic,No,Month-to-month,No,Electronic check,52,58922,565,4.4,5.9,No
4248-QPAVC,Female,No,17,Yes,No,Fiber optic,No,Month-to-month,Yes,Bank transfer (automatic),53,36028,540.6,6.5,5.6,Yes
1899-VXWXM,Male,No,48,Yes,No,Fiber optic,No,One year,No,Credit card (automatic),45,34438,850.7,4,6.4,Yes
1478-VPOAD,Female,Yes,1,Yes,Yes,DSL,No,Month-to-month,No,Electronic check,53,60669,242.5,3.9,6.4,No
9995-HOTOH,Male,No,63,No,Yes,DSL,No,Two year,Yes,Electronic check,86,42635,0,2.5,4.4,No
2988-PLAHS,Female,Yes,,Yes,Yes,DSL,No,One year,Yes,Electronic check,64,108818,292.4,2.5,7.2,No
1371-OJCEK,Female,No,48,Yes,Yes,No,No internet service,One year,No,Bank transfer (automatic),75,47941,480.7,1.8,5.8,No
4999-IEZLT,Male,No,66,No,No,DSL,Yes,One year,Yes,Credit card (automatic),56,69132,0,2,9.6,No
8883-ANODQ,Female,No,68,Yes,No,Fiber optic,No,Two year,Yes,Credit card (automatic),50,106707,507.3,0,7.5,No
4690-LLKUA,Male,No,17,Yes,Yes,DSL,No,Month-to-month,Yes,Electronic check,30,77441,360,,5.2,Yes
2351-RRBUE,Female,Yes,7,Yes,No,No,No internet service,One year,Yes,Mailed check,49,29713,532.3,4.7,9.4,No
5980-BDHPY,Male,Yes,,Yes,No phone service,DSL,Yes,Two year,No,Bank transfer (automatic),51,51789,745.2,1.2,6.7,No
1498-DQNRX,Female,No,29,Yes,No,No,No internet service,Month-to-month,Yes,Mailed check,43,93107,752.5,0,7,No
9469-WEJBT,Male,No,37,Yes,No,Fiber optic,Yes,Month-to-month,Yes,Electronic check,18,50076,336.6,1.7,7.4,No
3331-HQDTW,Female,Yes,34,Yes,No,Fiber optic,No,Month-to-month,No,Mailed check,36,91781,944.2,11.4,8.1,Yes
9490-DFPMD,Female,No,42,Yes,Yes,Fiber optic,No,Month-to-month,No,Electronic check,76,44756,461.2,2.9,5.6,Yes
2581-VKIRT,Female,No,59,Yes,Yes,DSL,Yes,One year,No,Mailed check,59,55180,356.2,2.4,9.7,No
5442-XSDCW,Male,No,11,Yes,No phone service,Fiber optic,No,Month-to-month,Yes,Bank transfer (automatic),39,47184,585.8,2,7.3,Yes
7426-WEIJX,Male,No,60,Yes,No,Fiber optic,No,Month-to-month,No,Electronic check,42,112264,432.7,3.6,6.5,No
2851-MMUTZ,Female,No,27,Yes,Yes,DSL,Yes,Month-to-month,Yes,Mailed check,65,47784,518.7,6.3,7.3,No
3049-NDXFL,Female,No,1,Yes,No,Fiber optic,No,Month-to-month,No,Mailed check,18,151773,677.5,7.4,7.4,Yes
8580-AECUZ,Male,Yes,1,Yes,Yes,Fiber optic,No,Month-to-month,Yes,Electronic check,34,49819,462.1,4.7,6.1,Yes
3307-TLCUD,Male,No,17,No,No,DSL,No,Month-to-month,Yes,Mailed check,50,34804,0,1.5,7,No
6625-FLENO,Male,No,58,Yes,Yes,No,No internet service,Two year,No,Mailed check,52,93053,601.9,3.1,8.5,No
2967-MXRAV,Male,No,1,Yes,Yes,No,No internet service,One year,Yes,Mailed check,86,166202,130.9,2.1,6.2,No
7963-GQRMY,Female,No,3,Yes,Yes,DSL,No,Month-to-month,Yes,Mailed check,22,64853,528.6,5.7,5.6,Yes
8189-HBVRW,Female,No,53,Yes,No,Fiber optic,No,Month-to-month,Yes,Electronic check,,62939,565.7,3.3,4.3,No
4163-KIUHY,Male,No,35,Yes,No phone service,No,No internet service,Month-to-month,No,Electronic check,35,47914,791.8,0.5,6.1,No
1228-FZFRV,Male,No,50,Yes,No,Fiber optic,No,Month-to-month,Yes,Credit card (automatic),51,50602,619.3,2.4,5.3,Yes
3500-NSDOA,Male,No,68,Yes,Yes,DSL,Yes,Two year,No,Credit card (automatic),42,83847,478.6,0.3,6.5,No
1171-TYKUR,Male,No,47,Yes,No,No,No internet service,Month-to-month,No,Electronic check,37,56605,550,2.5,7,No
3761-FLYZI,Female,Yes,65,Yes,Yes,Fiber optic,No,Month-to-month,Yes,Bank transfer (automatic),46,42388,599,,8.4,No
2058-DCJBE,Male,No,5,Yes,No,Fiber optic,No,Month-to-month,Yes,Electronic check,36,97740,342.1,6.6,4.5,Yes
5364-XYIRR,Male,No,51,Yes,No,Fiber optic,No,Month-to-month,Yes,Electronic check,52,39054,684.8,2.6,5.6,Yes
4829-AUOAX,Female,No,46,Yes,Yes,Fiber optic,No,Month-to-month,Yes,Bank transfer (automatic),64,108829,563.8,1.4,6.3,Yes
1219-NNDDO,Female,No,,Yes,No,Fiber optic,No,Month-to-month,No,Electronic check,51,41730,468.9,1.3,7.9,No
8388-DMKAE,Female,No,8,Yes,No phone service,No,No internet service,Two year,Yes,Mailed check,78,55342,428.5,5,8.7,No
4403-BWPAY,Male,No,14,Yes,No,No,No internet service,One year,Yes,Credit card (automatic),28,48299,555.3,1.9,6.1,No
9659-QEQSY,Female,No,45,Yes,No,Fiber optic,Yes,Month-to-month,Yes,Electronic check,33,57966,,3.3,8.5,No
5405-ZMYXQ,Female,No,8,Yes,Yes,Fiber optic,No,Month-to-month,No,Credit card (automatic),77,96672,423.8,3.8,4.4,No
5047-LHVLY,Male,No,1,Yes,No,DSL,No,Month-to-month,Yes,Mailed check,68,74336,562.5,2.3,4.5,Yes
1442-OKRJE,Male,No,66,Yes,Yes,Fiber optic,No,One year,Yes,Bank transfer (automatic),36,42249,478.9,0,8.3,No
4737-AQCPU,Male,No,72,Yes,No,DSL,Yes,Two year,Yes,Credit card (automatic),68,105088,401.6,1.3,8.7,No
9158-VCTQB,Female,No,41,Yes,Yes,Fiber optic,Yes,Month-to-month,Yes,Bank transfer (automatic),84,89254,720.4,3,3.2,Yes
2808-CHTDM,Female,No,23,Yes,Yes,No,No internet service,Two year,No,Mailed check,85,59605,428.5,1,7.2,No
6311-UEUME,Female,No,29,Yes,No,Fiber optic,No,Month-to-month,No,Electronic check,57,33720,370.6,3.2,6,Yes
0793-TWELN,Female,No,4,Yes,Yes,Fiber optic,No,Month-to-month,Yes,Electronic check,38,38618,669.3,1.8,6.9,No
3283-WCWXT,Male,No,6,Yes,Yes,No,No internet service,Two year,Yes,Mailed check,40,37918,424.3,3.8,8.4,No
1060-ENTOF,Female,Yes,67,Yes,No,Fiber optic,Yes,One year,No,Credit card (automatic),68,132447,889.4,0.1,7.2,No
0999-QXNSA,Male,No,7,Yes,No phone service,DSL,No,Month-to-month,No,Mailed check,53,80601,715.5,3.7,8.2,No
5451-MHQOF,Male,No,56,Yes,Yes,No,No internet service,One year,Yes,Mailed check,43,70108,905.4,1.4,8.2,No
4836-WNFNO,Female,Yes,72,Yes,No,No,No internet service,Two year,No,Credit card (automatic),20,29966,590.7,1.8,8.4,No
9225-BZLNZ,Male,No,72,Yes,Yes,DSL,No,Two year,Yes,Electronic check,46,105401,771.9,1.5,8,No
0354-VXMJC,Male,No,23,Yes,No phone service,No,No internet service,Two year,Yes,Credit card (automatic),64,79776,681,3.2,7.1,No
4422-QVIJA,Female,No,35,Yes,No,DSL,No,Month-to-month,Yes,Mailed check,27,38893,603.6,2.3,5.9,No
9365-SRSZE,Male,No,27,Yes,No,Fiber optic,No,Month-to-month,No,Electronic check,46,74288,565.3,7.1,7.4,No
6839-ITVZJ,Female,No,26,Yes,Yes,DSL,Yes,Month-to-month,No,Electronic check,32,45104,694,4.1,7.5,Yes
8332-OSJDW,Male,No,12,Yes,No,No,No internet service,One year,Yes,Mailed check,23,60277,645.1,0.1,7.2,No
4735-BJKOU,Female,No,40,Yes,No,No,No internet service,Two year,No,Mailed check,45,36219,440.7,0.8,7.5,No
0274-JKUJR,Male,No,7,No,No,DSL,No,Month-to-month,Yes,Mailed check,26,37010,0,0.6,6.8,No
5740-YHGTW,Male,No,70,Yes,No,Fiber optic,No,Month-to-month,No,Credit card (automatic),83,34443,825,2.1,5.4,No
8917-SZTTJ,Male,No,60,Yes,No,No,No internet service,Two year,Yes,Credit card (automatic),40,70517,590.3,4.7,7.4,No
1696-MZVAU,Male,No,39,No,No,DSL,No,One year,Yes,Credit card (automatic),64,105637,0,1.2,6.6,No
7359-WWYJV,Male,No,72,Yes,Yes,Fiber optic,Yes,Two year,No,Credit card (automatic),18,41139,435.2,2.9,6.9,No
0375-HVGXO,Female,No,1,No,No,DSL,No,Month-to-month,Yes,Electronic check,52,42417,0,12.6,4.8,Yes
4906-ZHGPK,Male,Yes,54,Yes,No,DSL,Yes,One year,No,Electronic check,32,26869,,3.4,8.6,No
8593-WHYHV,Male,No,3,Yes,No,Fiber optic,No,Month-to-month,Yes,Electronic check,38,51738,629.9,4.5,5.5,Yes
3795-GWTRD,Female,No,63,Yes,Yes,DSL,Yes,Two year,Yes,Credit card (automatic),30,64853,676.2,2.7,8.9,No
1298-PHBTI,Male,No,71,Yes,No,Fiber optic,Yes,Two year,Yes,Electronic check,46,60677,743.6,0.1,8.9,No
6223-DHJGV,Female,No,42,Yes,Yes,No,No internet service,One year,Yes,Mailed check,82,83414,71.5,1.5,6.8,No
6961-MJKBO,Male,No,47,Yes,No phone service,No,No internet service,Two year,Yes,Bank transfer (automatic),47,65496,434.3,1.9,7,No
6097-EQISJ,Female,No,66,Yes,Yes,Fiber optic,No,One year,Yes,Credit card (automatic),44,52061,919,2.5,8.1,Yes
4423-YLHDV,Female,No,,Yes,No,Fiber optic,No,Month-to-month,Yes,Bank transfer (automatic),48,49496,561.6,2.7,6,Yes
8158-WPEZG,Male,Yes,11,No,No,DSL,Yes,Month-to-month,Yes,Electronic check,52,99243,0,3.1,6.3,No
0107-YHINA,Male,No,1,Yes,Yes,Fiber optic,No,Month-to-month,Yes,Electronic check,38,70170,542.1,,5.5,Yes
4918-FYJNT,Female,No,55,Yes,No phone service,Fiber optic,Yes,Month-to-month,No,Electronic check,46,26820,629.9,4.3,7.7,No
0727-BNRLG,Male,Yes,69,Yes,Yes,Fiber optic,Yes,Two year,Yes,Credit card (automatic),56,25112,437.9,2,6.7,No
4854-CIDCF,Female,Yes,3,Yes,No,Fiber optic,No,Month-to-month,Yes,Electronic check,53,80756,210.1,0.9,6,No
8640-SDGKB,Male,No,4,Yes,No,DSL,Yes,Month-to-month,Yes,Electronic check,47,55007,406.9,3.9,5.4,Yes
3280-MRDOF,Male,No,30,Yes,No,DSL,Yes,Two year,No,Credit card (automatic),36,69443,674.7,1.2,7.8,No
6435-SRWBJ,Female,No,5,Yes,No,Fiber optic,Yes,Month-to-month,Yes,Electronic check,87,45280,1036.4,1,7.9,No
9964-WBQDJ,Female,Yes,71,Yes,No phone service,No,No internet service,Two year,Yes,,18,119065,723,2.3,6.8,No
6303-KFWSL,Female,No,29,Yes,No,DSL,No,One year,No,Electronic check,45,37868,197.9,7.8,8,No
1702-CCFNJ,Male,No,52,Yes,No,DSL,Yes,Month-to-month,No,Bank transfer (automatic),55,84338,695.1,1.1,7.3,No
8932-CZHRQ,Male,No,68,Yes,Yes,DSL,No,One year,No,Credit card (automatic),44,33760,459.8,1.3,9,No
0386-CWRGM,Female,No,46,Yes,Yes,No,No internet service,Two year,Yes,Mailed check,34,71177,,3.7,6.9,No
5515-RUGKN,Male,No,8,Yes,Yes,DSL,No,Month-to-month,Yes,Credit card (automatic),51,55796,649.5,1.8,5.5,No
0404-AHASP,Male,No,72,Yes,No,No,No internet service,Two year,No,Credit card (automatic),64,27899,691.8,1.3,6.6,No
7279-NMVJC,Female,No,17,Yes,No,No,No internet service,One year,No,Bank transfer (automatic),41,75789,305.4,0.9,6.5,No
2081-VEYEH,Male,No,3,Yes,No,Fiber optic,Yes,Month-to-month,Yes,Electronic check,38,94470,553.3,3.1,6.8,No
6407-UTSLV,Female,Yes,2,Yes,Yes,Fiber optic,No,Month-to-month,No,Bank transfer (automatic),41,77773,504.3,3.4,7.3,No
4116-TZAQJ,Female,No,9,Yes,Yes,Fiber optic,No,Month-to-month,Yes,Credit card (automatic),37,113537,323.4,1.9,6.6,Yes
9060-HJJRW,Female,Yes,51,No,No,DSL,No,One year,No,Credit card (automatic),49,52184,0,1.8,7.4,No
2587-YNLES,Female,No,6,Yes,Yes,No,No internet service,Two year,No,Mailed check,72,102835,301.6,1.4,7.4,No
7398-SKNQZ,Female,No,3,Yes,No,Fiber optic,No,Month-to-month,Yes,Electronic check,86,51928,695.7,4.7,7.6,No
5935-FCCNB,Female,No,17,Yes,No,Fiber optic,No,Month-to-month,Yes,Electronic check,,65647,646.5,5.5,7.1,No
1958-RNRKS,Male,Yes,30,Yes,Yes,DSL,No,Month-to-month,Yes,Electronic check,47,43186,369.6,1.8,7.7,No
5136-RGMZO,Male,No,31,Yes,Yes,DSL,Yes,Month-to-month,No,Electronic check,19,72877,421.2,8.4,8.1,No
8345-MVDYC,Female,No,45,Yes,Yes,DSL,Yes,Two year,Yes,Bank transfer (automatic),48,37545,628.6,,8.9,No
8226-BXGES,Male,No,64,Yes,Yes,Fiber optic,No,One year,Yes,Bank transfer (automatic),39,74925,841.2,,6.8,No
3877-JRJIP,Male,No,1,Yes,No phone service,DSL,No,Month-to-month,Yes,Electronic check,72,111305,417.7,6.2,6.4,Yes
8375-DKEBR,Female,No,1,Yes,No,Fiber optic,No,Month-to-month,Yes,Electronic check,35,47373,695.3,4.9,5.6,Yes
9705-IOVQQ,Male,Yes,61,Yes,No,Fiber optic,No,One year,Yes,Electronic check,23,35667,574.5,2.8,6.9,No
1015-OWJKI,Male,No,1,Yes,No,No,No internet service,Month-to-month,Yes,Mailed check,41,48161,438.1,7.8,6.6,No
7511-YMXVQ,Male,No,9,No,Yes,DSL,No,Month-to-month,Yes,Electronic check,47,33983,0,7.1,8.8,Yes
2040-XBAVJ,Male,No,72,Yes,No,Fiber optic,Yes,Two year,Yes,Bank transfer (automatic),45,65822,755.7,1.9,6.7,No
7551-JOHTI,Female,No,1,Yes,No,No,No internet service,Month-to-month,Yes,Mailed check,,35626,209.5,5.6,8.2,Yes
8887-IPQNC,Female,No,7,Yes,No phone service,DSL,No,Month-to-month,No,Mailed check,27,86232,320.8,1.4,6.9,No
8646-JCOMS,Female,No,66,Yes,No,Fiber optic,Yes,One year,Yes,Bank transfer (automatic),44,52504,822.3,1.6,7,No
9804-ICWBG,Male,Yes,1,Yes,No,Fiber optic,No,Month-to-month,Yes,Electronic check,39,83181,553.2,5.7,5.9,Yes
1222-KJNZD,Male,No,40,Yes,No,No,No internet service,Month-to-month,Yes,Bank transfer (automatic),19,43737,545.7,1.3,7.1,No
0106-GHRQR,Male,Yes,16,Yes,No,DSL,No,Month-to-month,Yes,Bank transfer (automatic),40,68172,468.2,1.3,7.6,No
5318-IXUZF,Female,No,2,Yes,Yes,Fiber optic,No,Month-to-month,No,Bank transfer (automatic),52,38368,632.9,7.9,4.6,Yes
3768-VHXQO,Male,No,67,Yes,Yes,No,No internet service,Two year,Yes,Credit card (automatic),67,58075,467.9,0.5,6.8,No
8952-WCVCD,Female,No,41,Yes,Yes,Fiber optic,No,One year,No,Bank transfer (automatic),58,65227,500.8,2.7,6.4,No
2418-TPEUN,Female,Yes,56,Yes,No phone service,No,No internet service,Two year,No,Credit card (automatic),44,44106,231.4,0,7.4,No
3963-RYFNS,Female,No,72,Yes,No,Fiber optic,Yes,Two year,No,Bank transfer (automatic),48,46688,630.6,2,7.9,No
3198-VELRD,Female,No,3,Yes,No,Fiber optic,No,Month-to-month,Yes,Bank transfer (automatic),65,36785,539.9,6.7,5.4,Yes
8540-ZQGEA,Female,No,54,Yes,No phone service,No,No internet service,Two year,Yes,,38,55606,441.2,0.3,6.6,No
1320-REHCS,Male,Yes,52,Yes,Yes,Fiber optic,Yes,Month-to-month,Yes,Electronic check,60,37567,622.6,0.9,6.2,No
4137-JOPHL,Female,No,50,Yes,Yes,Fiber optic,Yes,Two year,No,Bank transfer (automatic),41,51213,262.1,1.6,7.7,No
9436-ZBZCT,Male,No,,Yes,Yes,Fiber optic,Yes,Month-to-month,Yes,Electronic check,35,42192,652,4.4,6.4,Yes
7801-CEDNV,Male,No,27,Yes,No,DSL,No,One year,Yes,Credit card (automatic),48,101246,345.9,2.1,6.5,No
2057-BOYKM,Female,Yes,72,Yes,No phone service,Fiber optic,Yes,Two year,Yes,Bank transfer (automatic),39,47420,436.9,1.1,10,No
3658-QQJYD,Male,No,62,Yes,No,DSL,No,One year,Yes,Credit card (automatic),29,67000,355.4,1.2,6,No
1803-BGNBD,Female,Yes,12,Yes,No,DSL,Yes,Month-to-month,No,Electronic check,45,88927,781.4,3.2,8.1,No
0134-XWXCE,Female,Yes,44,Yes,No,DSL,Yes,One year,Yes,Bank transfer (automatic),41,59925,406.3,0.3,7,No
6950-TWMYB,Male,Yes,54,Yes,No,Fiber optic,Yes,Two year,Yes,Bank transfer (automatic),23,104553,630.6,2.2,6.7,No
5848-FHRFC,Female,No,68,Yes,No,No,No internet service,Two year,Yes,Bank transfer (automatic),73,30934,681.5,2.8,7.5,No
2243-FNMMI,Male,No,20,Yes,No,No,No internet service,Month-to-month,Yes,Mailed check,26,39772,521.5,7.4,7.5,No
2511-MORQY,Male,No,50,Yes,Yes,DSL,No,One year,No,Bank transfer (automatic),55,49653,512.2,4.2,7.2,No
5356-KZCKT,Male,No,58,Yes,Yes,No,No internet service,Two year,No,Credit card (automatic),26,62867,601.9,1.1,8.4,No
9470-XCCEM,Male,No,35,Yes,No,Fiber optic,No,Month-to-month,Yes,Bank transfer (automatic),43,32535,976.6,0.6,6.9,No
6519-CFDBX,Female,No,,Yes,No,DSL,No,Month-to-month,Yes,Electronic check,45,46594,673.3,9.7,7.4,No
3902-MIVLE,Male,Yes,63,Yes,Yes,DSL,Yes,Two year,Yes,Mailed check,77,70238,471.9,3.3,7.3,No
0409-WTMPL,Female,Yes,58,Yes,Yes,Fiber optic,No,One year,Yes,,47,65063,622.7,4,6.2,No
8763-KIAFH,Female,No,27,Yes,No,No,No internet service,One year,Yes,Mailed check,40,42616,362.7,4.2,7.1,No
3669-WHAFY,Female,No,71,Yes,No phone service,Fiber optic,Yes,Two year,Yes,,51,109674,525.1,0,6.6,No
3055-VTCGS,Female,No,63,Yes,Yes,DSL,No,One year,No,Credit card (automatic),43,51177,585.3,0.9,7.9,No
3144-KMTWZ,Male,No,,Yes,No,Fiber optic,No,Month-to-month,No,Bank transfer (automatic),81,85423,618.1,1.7,7.6,No
7279-BUYWN,Female,No,41,Yes,Yes,Fiber optic,No,Month-to-month,Yes,Electronic check,48,78270,587.1,6.7,5.3,Yes
7156-MHUGY,Male,No,13,Yes,Yes,Fiber optic,No,Month-to-month,No,Electronic check,41,67323,106.3,2.9,4.1,Yes
7198-GLXTC,Male,No,2,Yes,No,Fiber optic,No,Month-to-month,Yes,Electronic check,58,37757,25,6.7,5.8,Yes
2007-QVGAW,Female,No,68,Yes,Yes,No,No internet service,Two year,Yes,Bank transfer (automatic),51,131591,428.3,1.2,6,No
5207-PLSTK,Male,Yes,1,Yes,Yes,DSL,No,Month-to-month,Yes,Mailed check,29,54498,635.7,,6.8,No
2307-FYNNL,Male,Yes,65,Yes,Yes,Fiber optic,Yes,Two year,Yes,Electronic check,41,90118,737.4,11,8.1,No
5605-XNWEN,Male,No,72,Yes,No,No,No internet service,Two year,No,Bank transfer (automatic),37,58825,605.3,1.5,6.6,No
2155-AMQRX,Female,No,28,Yes,Yes,DSL,Yes,Month-to-month,No,Credit card (automatic),,21550,736.1,0.8,7.7,No
6181-AXXYF,Male,No,72,Yes,No,No,No internet service,Two year,No,Credit card (automatic),54,50849,666.6,1.1,6,No
5091-HFAZW,Female,No,2,Yes,No,Fiber optic,No,Month-to-month,Yes,Electronic check,31,37935,223.3,1.2,8.9,No
0516-VRYBW,Female,No,18,Yes,No phone service,No,No internet service,One year,Yes,Bank transfer (automatic),44,34030,288.5,2.2,6.8,Yes
2519-LBNQL,Male,Yes,60,Yes,No phone service,Fiber optic,No,One year,Yes,Electronic check,53,45132,442.3,4.2,6.4,No
8623-ULFNQ,Female,No,26,Yes,Yes,DSL,Yes,Month-to-month,Yes,Electronic check,51,29941,682.3,9.4,8.3,No
8380-PEFPE,Male,No,1,Yes,No,Fiber optic,No,Month-to-month,Yes,Electronic check,22,66208,368.8,4.6,5,Yes
5687-DKDTV,Female,No,4,Yes,No,No,No internet service,Month-to-month,Yes,Mailed check,66,111488,444.1,,3.8,Yes
1568-LJSZU,Male,Yes,68,Yes,No,DSL,Yes,Two year,Yes,Credit card (automatic),44,126211,922.4,4.8,7.2,No
7530-HDYDS,Female,No,38,Yes,Yes,Fiber optic,Yes,Month-to-month,No,Credit card (automatic),,43035,321.5,2.4,6.4,Yes
7789-HKSBS,Female,No,42,Yes,No phone service,Fiber optic,No,One year,No,Bank transfer (automatic),33,55171,737.7,1.8,6.6,No
7416-CKTEP,Female,No,57,Yes,No,No,No internet service,Two year,Yes,Bank transfer (automatic),41,29454,582.1,1.3,7.1,No
2586-CWXVV,Male,No,54,No,No,DSL,No,Month-to-month,Yes,Electronic check,31,59274,0,9,9.5,No
3096-IZETN,Female,No,12,Yes,Yes,Fiber optic,No,Month-to-month,Yes,Bank transfer (automatic),44,61542,429.5,1.9,5.6,Yes
2348-KCJLT,Female,No,44,Yes,Yes,DSL,No,One year,Yes,Mailed check,31,28791,104.7,1.9,8.1,No
8401-EMUWF,Male,No,,Yes,No,DSL,No,Month-to-month,Yes,Bank transfer (automatic),34,57824,731.2,2.1,7.5,No
4193-IBKSW,Male,No,72,Yes,No,No,No internet service,Two year,Yes,Bank transfer (automatic),29,44722,719.1,1.4,7.6,No
5377-NDTOU,Female,No,71,Yes,Yes,DSL,Yes,Two year,Yes,Mailed check,41,28656,748.4,4.4,10,No
5922-ABDVO,Female,No,19,Yes,Yes,Fiber optic,No,Month-to-month,No,Mailed check,57,41617,192.4,15.1,6.2,Yes
2474-LCNUE,Female,No,23,Yes,No,DSL,Yes,Month-to-month,Yes,Credit card (automatic),39,25594,307.9,3.5,7.1,No
0839-QNXME,Female,No,,Yes,No,No,No internet service,Two year,Yes,Credit card (automatic),23,83878,713.2,2.8,5.6,No
3506-OVLKD,Male,No,35,Yes,Yes,No,No internet service,One year,Yes,,76,48273,510.9,5.5,8.3,No
9172-ANCRX,Female,Yes,10,Yes,No,Fiber optic,No,Month-to-month,No,Electronic check,54,45424,427.7,8.3,4,Yes
6650-VJONK,Male,No,1,Yes,No,DSL,No,Month-to-month,Yes,Bank transfer (automatic),48,72288,541.5,1.1,8.4,No
2178-PMGCJ,Male,No,22,Yes,Yes,Fiber optic,No,Month-to-month,No,Mailed check,32,66127,302.4,5.5,7.2,No
7492-TAFJD,Male,Yes,7,No,Yes,DSL,No,Two year,No,Mailed check,34,25151,0,1.1,10,No
2773-MADBQ,Female,Yes,36,No,No,DSL,Yes,Two year,Yes,Mailed check,56,40768,0,4.2,9.8,No
6016-LVTJQ,Female,No,34,Yes,No,No,No internet service,Month-to-month,Yes,Mailed check,29,37223,324.7,3.8,6.7,No
7860-KSUGX,Male,No,72,Yes,No,DSL,No,Two year,No,Credit card (automatic),79,47604,743.1,0.5,6.8,No
8966-KZXXA,Male,No,36,Yes,No,No,No internet service,Two year,Yes,,39,103252,872.1,2.6,7.9,No
6910-HADCM,Female,No,1,Yes,Yes,Fiber optic,No,Month-to-month,Yes,Electronic check,46,86301,673.1,3.2,3.8,Yes
4816-LXZYW,Female,No,23,Yes,No phone service,Fiber optic,No,Month-to-month,No,Electronic check,26,35423,411.8,6.5,5,Yes
9606-PBKBQ,Male,No,32,Yes,Yes,Fiber optic,No,Month-to-month,No,Electronic check,57,48582,674,3.1,4.9,Yes
5149-QYTTU,Female,No,71,Yes,Yes,Fiber optic,Yes,One year,Yes,Credit card (automatic),35,59061,834.1,1.8,7.2,No
2070-XYMFH,Female,No,23,Yes,Yes,Fiber optic,No,Month-to-month,Yes,Mailed check,52,88889,448.8,2.5,5.8,No
2085-BOJKI,Male,Yes,17,Yes,Yes,Fiber optic,No,One year,No,Bank transfer (automatic),70,45751,362.5,0,6.3,No
0817-HSUSE,Male,No,1,Yes,No,DSL,Yes,Month-to-month,Yes,Electronic check,67,169450,417.5,3.1,7.7,No
5442-PPTJY,Male,No,12,Yes,Yes,No,No internet service,Two year,Yes,Mailed check,47,30620,367.5,1.2,7.7,No
1927-QEWMY,Female,No,72,Yes,Yes,No,No internet service,Two year,Yes,Credit card (automatic),,41385,223.8,0.5,8.7,No
1663-MHLHE,Male,Yes,1,Yes,Yes,No,No internet service,Month-to-month,No,,45,69365,232.9,2.6,6.6,No
5663-QBGIS,Male,No,72,Yes,No,Fiber optic,No,Two year,Yes,Bank transfer (automatic),65,76771,559.8,1.9,6.6,No
4450-MDZFX,Male,No,60,Yes,No,Fiber optic,No,Month-to-month,No,Bank transfer (automatic),35,35463,685.7,4.9,5.6,No
6701-DHKWQ,Female,No,61,No,Yes,DSL,Yes,Two year,No,Credit card (automatic),57,30589,0,2.1,7.4,No
7554-AKDQF,Female,No,6,Yes,No,DSL,No,Month-to-month,No,Mailed check,42,60488,335.9,1.8,5.3,No
3536-IQCTX,Male,No,32,Yes,No,Fiber optic,No,Month-to-month,No,Electronic check,80,49544,709.4,4.1,7.4,Yes
4911-BANWH,Female,No,31,Yes,No,Fiber optic,No,Month-to-month,Yes,Credit card (automatic),77,96171,662.2,3.2,,Yes
8496-EJAUI,Male,Yes,19,Yes,Yes,Fiber optic,No,Month-to-month,No,Credit card (automatic),48,77812,185.4,2.6,7,Yes
0794-YVSGE,Male,No,72,Yes,No,No,No internet service,Two year,Yes,Bank transfer (automatic),30,42239,406,2,7.8,No
5423-BHIXO,Female,Yes,32,Yes,No,DSL,No,Month-to-month,Yes,Electronic check,54,97005,512.4,1.9,7.2,No
6908-VVYHM,Male,Yes,65,Yes,No,Fiber optic,No,Month-to-month,No,Electronic check,18,45868,748.3,7.8,7.6,No
2959-EEXWB,Female,No,45,No,No,DSL,No,Month-to-month,Yes,Bank transfer (automatic),60,35805,0,0.4,7.1,No
1839-UMACK,Male,No,42,Yes,Yes,No,No internet service,One year,No,Electronic check,40,26746,675.1,1.8,7.2,No
3030-YDNRM,Male,No,8,Yes,No,Fiber optic,No,Month-to-month,No,Electronic check,42,50380,906.5,13.2,6.1,No
7321-KKSDU,Male,Yes,32,Yes,No,No,No internet service,Two year,Yes,Mailed check,34,25755,630.2,1.7,7.6,No
3402-XRIUO,Female,No,22,Yes,No,DSL,Yes,Month-to-month,Yes,Mailed check,23,123563,746.1,1.7,8.2,No
3132-TVFDZ,Male,No,57,No,No,DSL,No,Month-to-month,Yes,Electronic check,38,60726,0,11.5,4.9,Yes
8286-AFUYI,Male,No,1,Yes,No,DSL,No,Month-to-month,No,,18,81221,454.3,0.7,,No
8080-DDEMJ,Male,No,1,Yes,No,DSL,No,Month-to-month,Yes,Electronic check,25,,424,4.5,4.8,Yes
8356-WUAOJ,Female,No,1,Yes,Yes,DSL,No,Month-to-month,No,Electronic check,29,25822,478.9,2.7,6.7,No
6365-MTGZX,Male,No,24,Yes,No,Fiber optic,Yes,Month-to-month,No,Electronic check,56,67435,231.3,8.9,,Yes
1349-WXNGG,Male,No,1,Yes,No,No,No internet service,Month-to-month,No,Bank transfer (automatic),33,45994,307.7,3.1,7.7,Yes
8058-DMYRU,Male,No,54,Yes,No,Fiber optic,No,Month-to-month,No,Electronic check,45,59994,587.1,3.7,7.2,No
9350-ZXYJC,Female,No,4,Yes,No,No,No internet service,Two year,Yes,Credit card (automatic),50,60521,367.9,0.2,6.4,No
6990-YNRIO,Male,No,65,Yes,No,Fiber optic,Yes,Two year,Yes,Bank transfer (automatic),43,49806,593.1,3.3,6.3,Yes
8958-JPTRR,Female,No,56,Yes,No,No,No internet service,One year,Yes,Electronic check,35,63334,878.5,10,6.7,No
6959-GQEGV,Male,No,,Yes,No,DSL,No,Month-to-month,No,Electronic check,44,45685,103.7,6.1,8,No
3173-WSSUE,Female,No,71,Yes,No,No,No internet service,Two year,Yes,Credit card (automatic),51,72312,521.1,1.2,10,No
1265-HVPZB,Male,No,59,Yes,Yes,DSL,No,One year,No,Credit card (automatic),58,117820,592.8,0.7,7.4,No
4115-UMJFQ,Male,No,69,No,Yes,DSL,No,One year,Yes,Bank transfer (automatic),71,33238,0,1,5.6,No
7369-TRPFD,Male,No,19,Yes,No,No,No internet service,One year,Yes,Mailed check,30,56445,293.9,0,6.8,No
1098-KFQEC,Female,No,55,Yes,Yes,No,No internet service,Two year,Yes,Credit card (automatic),37,67682,529.2,2.5,5.7,No
7190-XHTWJ,Female,Yes,38,Yes,No,No,No internet service,One year,No,Mailed check,36,48421,631.4,1.8,5.9,No
0621-TWIEM,Male,No,10,Yes,Yes,DSL,No,Month-to-month,No,,18,36029,694.7,5.1,5.5,Yes
3537-RYBHH,Female,Yes,47,Yes,Yes,DSL,No,Month-to-month,Yes,Credit card (automatic),45,40565,707.5,2.9,8.3,No
2485-ITVKB,Female,Yes,2,No,Yes,DSL,No,Month-to-month,Yes,Electronic check,43,79414,0,3.2,7.8,Yes
3669-OYSJI,Male,No,1,Yes,Yes,DSL,No,Month-to-month,Yes,Credit card (automatic),19,41757,339.3,3.7,4.4,Yes
1612-EOHDH,Female,No,1,Yes,No,DSL,No,Month-to-month,Yes,Electronic check,49,94424,437.4,2.8,5.4,Yes
6702-OHFWR,Male,No,1,No,No,DSL,No,Month-to-month,Yes,Electronic check,37,92919,0,12,7.1,Yes
5296-BFCYD,Male,No,46,Yes,No,No,No internet service,Two year,No,Mailed check,64,76441,566.8,1.7,6.6,No
4510-PYUSH,Female,No,38,Yes,Yes,DSL,No,Month-to-month,No,Credit card (automatic),31,50595,369.5,3.8,9.1,Yes
9359-JANWS,Female,No,65,Yes,Yes,DSL,Yes,Two year,No,Credit card (automatic),36,72427,370.8,0.7,7.7,No
7517-SAWMO,Female,No,19,Yes,Yes,Fiber optic,No,Month-to-month,Yes,Electronic check,58,74147,448.2,6.5,6.4,Yes
4143-HHPMK,Male,No,52,Yes,Yes,Fiber optic,No,Month-to-month,Yes,Electronic check,40,71136,275.4,3.7,4.8,Yes
3279-DYZQM,Male,Yes,71,Yes,Yes,No,No internet service,Two year,No,Mailed check,68,51731,341.4,2.6,7.5,No
7054-LGEQW,Female,Yes,1,Yes,No phone service,DSL,No,Month-to-month,No,Mailed check,73,29827,522.1,3.3,6.4,Yes
0523-VNGTF,Female,No,52,No,Yes,DSL,Yes,Month-to-month,Yes,Electronic check,45,45081,0,9.2,6.2,No
9575-IWCAZ,Male,No,6,Yes,Yes,No,No internet service,One year,No,Mailed check,30,44890,622.9,2.8,5.1,No
7105-MXJLL,Female,Yes,26,Yes,Yes,DSL,No,One year,Yes,Mailed check,40,67359,415.2,3.1,6.7,No
7064-FRRSW,Male,No,48,Yes,Yes,Fiber optic,No,One year,No,Electronic check,36,58099,509.3,9,5,No
7940-UQQUG,Female,Yes,64,Yes,Yes,Fiber optic,Yes,One year,Yes,Bank transfer (automatic),76,49882,866.5,0.8,7.6,No
0923-PNFUB,Female,No,3,Yes,No,Fiber optic,No,Month-to-month,Yes,Electronic check,34,89445,600.3,10.8,6.4,Yes
3961-SXAXY,Male,Yes,,Yes,Yes,DSL,No,Month-to-month,Yes,Bank transfer (automatic),65,74316,317.1,0.3,,No
7010-BRBUU,Male,No,72,Yes,Yes,No,No internet service,Two year,No,,43,95447,604.1,2.8,7,No
3566-HJGPK,Male,No,1,Yes,No,DSL,No,Month-to-month,No,Mailed check,51,81612,409.5,2.5,6.7,No
3062-ICYZQ,Female,No,51,Yes,No,Fiber optic,No,Month-to-month,Yes,Electronic check,34,65785,896.9,3.9,6,No
9938-PRCVK,Female,No,41,Yes,No,No,No internet service,Two year,No,Bank transfer (automatic),24,82170,433.8,1.7,9,No
0973-KYVNF,Female,Yes,72,Yes,Yes,DSL,No,Two year,No,Credit card (automatic),79,55246,638.5,0.2,8.8,No
5129-HHMZC,Female,No,43,Yes,Yes,DSL,Yes,Two year,No,Credit card (automatic),45,48213,610.7,0.3,6.8,No
9637-CDTKZ,Male,No,72,Yes,No,Fiber optic,Yes,Two year,Yes,Credit card (automatic),63,102687,650.2,1.3,8.6,No
3946-JEWRQ,Male,No,47,Yes,Yes,Fiber optic,No,One year,Yes,Credit card (automatic),38,42476,586.1,0.6,5.8,No
7873-CVMAW,Male,No,72,Yes,No,DSL,Yes,Two year,Yes,Credit card (automatic),56,52518,249.3,2.6,9,No
0463-WZZKO,Male,Yes,3,Yes,Yes,No,No internet service,Month-to-month,Yes,Credit card (automatic),26,92726,495.9,0.8,8.7,No
3494-JCHRQ,Male,No,1,Yes,No,Fiber optic,No,Month-to-month,No,Electronic check,68,86453,339.1,4.1,6.4,Yes
6474-FVJLC,Male,No,2,Yes,No,Fiber optic,No,Month-to-month,Yes,Electronic check,47,67428,430.7,2.9,4.8,Yes
4524-QCSSM,Male,No,26,No,Yes,DSL,No,Month-to-month,No,Bank transfer (automatic),35,62207,0,2.3,6.2,No
5832-EXGTT,Male,No,29,Yes,No,DSL,No,Month-to-month,Yes,Mailed check,71,48870,729.1,1.7,7.2,No
8840-DQLGN,Female,No,35,Yes,Yes,Fiber optic,Yes,Month-to-month,Yes,Bank transfer (automatic),41,39884,570.3,4.9,7.1,Yes
2039-JONDJ,Male,No,27,Yes,No,DSL,No,One year,Yes,Bank transfer (automatic),41,,289.9,1.7,8.3,No
7217-JYHOQ,Male,No,24,Yes,No,DSL,Yes,Month-to-month,No,Credit card (automatic),47,,479.8,1.8,8.5,No
6695-FRVEC,Male,No,67,Yes,No phone service,DSL,Yes,Two year,Yes,Bank transfer (automatic),29,59916,298.3,1.6,8.1,No
4547-LYTDD,Female,Yes,16,Yes,Yes,Fiber optic,No,Month-to-month,No,Electronic check,24,33495,814.4,7.5,6.2,Yes
9894-QMIMJ,Female,No,23,Yes,No,DSL,No,One year,No,Bank transfer (automatic),51,24865,296.8,1.4,6.4,No
8069-YQQAJ,Male,No,14,No,No,DSL,No,Month-to-month,No,Mailed check,75,43159,0,5.3,7.8,No
6770-XUAGN,Female,Yes,1,Yes,No,No,No internet service,Month-to-month,No,Electronic check,29,79134,527,6.2,7,Yes
4193-ORFCL,Female,No,1,Yes,No,DSL,No,Month-to-month,Yes,Mailed check,43,32648,268.8,6.6,5.4,Yes
1636-NTNCO,Male,No,4,No,No,DSL,No,Month-to-month,No,Credit card (automatic),82,72590,0,1.9,5.3,No
3466-WAESX,Male,No,16,Yes,No,DSL,No,Month-to-month,Yes,Electronic check,69,23192,703.4,7.7,8.4,No
9281-PKKZE,Female,No,46,No,No,DSL,No,Month-to-month,Yes,Electronic check,62,104248,0,5,5.4,No
3638-VBZTA,Male,No,68,Yes,Yes,DSL,Yes,Two year,Yes,Bank transfer (automatic),64,51664,471,1.1,9.4,No
7459-IMVYU,Male,No,38,Yes,Yes,DSL,Yes,Month-to-month,No,Electronic check,72,50138,598.5,10.7,7.2,No
7776-QWNFX,Male,No,30,Yes,No,DSL,No,Month-to-month,No,Bank transfer (automatic),46,61377,437.9,3.9,4.6,Yes
6689-TCZHQ,Female,No,5,Yes,No,Fiber optic,No,Month-to-month,Yes,Electronic check,27,41707,317.2,12.8,4.9,Yes
8563-OYMQY,Male,No,17,Yes,Yes,Fiber optic,No,Month-to-month,Yes,Credit card (automatic),64,80270,666.3,0.7,4.8,No
0754-EEBDC,Male,No,4,Yes,No,No,No internet service,Two year,No,Mailed check,46,89479,743.2,4.5,8.6,No
5777-ZPQNC,Female,No,12,Yes,Yes,No,No internet service,One year,Yes,Electronic check,36,40129,656.3,4.2,7.1,No
1951-IEYXM,Male,No,72,Yes,No phone service,DSL,Yes,Two year,Yes,Credit card (automatic),39,45359,720.9,0.6,8.3,No
3318-NMQXL,Male,No,3,Yes,No,Fiber optic,No,Month-to-month,No,Electronic check,38,53479,824.3,7.2,6.9,No
3143-ILDAL,Male,No,56,Yes,No,Fiber optic,Yes,Month-to-month,Yes,Electronic check,33,96079,579.3,5.4,3.4,Yes
1022-RKXDR,Female,No,,Yes,Yes,No,No internet service,One year,Yes,Mailed check,44,33764,466.5,2.1,6.2,No
2361-FJWNO,Male,Yes,40,No,No,DSL,Yes,One year,No,Credit card (automatic),21,63597,0,1.2,7.7,No
2272-UOINI,Female,No,7,Yes,Yes,DSL,Yes,Month-to-month,No,Electronic check,31,102559,372,4.9,5.9,No
8232-UTFOZ,Male,No,69,Yes,Yes,No,No internet service,Two year,No,Credit card (automatic),56,30210,310.2,2.7,5.8,No
3750-YHRYO,Male,No,7,Yes,Yes,No,No internet service,One year,No,Mailed check,54,142260,253.4,4.2,7.9,No
6637-KYRCV,Female,No,5,No,No phone service,DSL,No,Month-to-month,Yes,,29,96362,0,4.6,,No
5668-MEISB,Female,No,72,Yes,No,Fiber optic,Yes,Two year,Yes,Credit card (automatic),52,52191,700.7,1.5,9.2,No
0129-QMPDR,Male,No,44,Yes,Yes,No,No internet service,One year,Yes,Bank transfer (automatic),70,114132,528.5,3,8.8,No
7188-CBBBA,Female,Yes,65,Yes,Yes,Fiber optic,No,One year,Yes,Electronic check,37,65158,599.9,2.7,8.5,No
5356-CSVSQ,Female,No,3,Yes,No,DSL,Yes,Month-to-month,Yes,Electronic check,46,71350,650.8,6.6,6,No
3221-CJMSG,Male,No,24,Yes,No phone service,DSL,Yes,Month-to-month,Yes,Credit card (automatic),25,52479,469.7,0.9,7.5,No
4720-VSTSI,Female,No,44,Yes,No,Fiber optic,No,Month-to-month,No,Bank transfer (automatic),41,28739,324.3,4.7,4.8,Yes
3219-JQRSL,Female,No,72,Yes,No phone service,DSL,Yes,Two year,Yes,Credit card (automatic),35,87973,398.9,1,7,No
2801-NISEI,Male,Yes,24,Yes,No,DSL,Yes,Month-to-month,Yes,Electronic check,63,85600,296,9,5.7,No
3946-MHCZW,Male,No,1,Yes,No,DSL,No,Month-to-month,No,Mailed check,71,92074,585.2,4.2,4.8,Yes
4623-ZKHLY,Male,No,22,Yes,Yes,No,No internet service,Month-to-month,No,Bank transfer (automatic),76,46649,447.1,4.9,6.6,No
6732-VAILE,Male,No,70,Yes,No,DSL,Yes,Two year,No,Credit card (automatic),55,,643.6,1.7,7.4,No
8201-AAXCB,Male,Yes,25,Yes,Yes,DSL,No,Month-to-month,Yes,Electronic check,33,29046,446,3.1,6.6,No
7696-CFTAT,Male,No,37,Yes,No,No,No internet service,Two year,Yes,Bank transfer (automatic),42,27511,527.4,0,5.6,No
1845-CSBRZ,Female,No,22,Yes,No,Fiber optic,No,Month-to-month,Yes,Bank transfer (automatic),33,26112,768.1,0.9,6,No
2123-VSCOT,Female,No,59,Yes,No,DSL,Yes,Two year,Yes,Bank transfer (automatic),76,54543,728.7,2.6,5.3,No
6651-AZVTJ,Male,No,49,Yes,No,Fiber optic,No,Month-to-month,No,,71,40270,541.7,3,4.7,Yes
4566-GOLUK,Male,Yes,47,Yes,No,Fiber optic,Yes,Month-to-month,Yes,Bank transfer (automatic),22,38589,492.6,3.2,6.7,Yes
2484-DGXPZ,Female,No,31,Yes,No,No,No internet service,Month-to-month,No,Mailed check,56,72531,437.2,4.7,7.7,Yes
2018-QKYGT,Male,Yes,1,Yes,Yes,Fiber optic,No,Month-to-month,No,Electronic check,65,45181,569.4,7.2,4.9,No
2792-VPPET,Male,No,3,Yes,Yes,No,No internet service,Month-to-month,Yes,Electronic check,71,40940,387.4,4.1,7.1,No
7409-JURKQ,Female,No,53,Yes,No phone service,Fiber optic,Yes,One year,Yes,Bank transfer (automatic),35,123011,593,2.4,5.3,No
3247-MHJKM,Male,No,1,Yes,Yes,No,No internet service,Month-to-month,Yes,Mailed check,28,36461,156.9,5,7.2,No
1964-SVLEA,Male,No,20,Yes,No phone service,No,No internet service,One year,No,Mailed check,28,76731,459.9,0.5,7.7,No
4587-NUKOX,Female,No,3,Yes,No phone service,Fiber optic,No,Month-to-month,Yes,Electronic check,36,111258,590.2,6.6,,Yes
7297-DVYGA,Female,No,51,Yes,Yes,No,No internet service,One year,Yes,Bank transfer (automatic),35,66133,253,1.4,4.3,No
2239-CGBUZ,Female,Yes,51,Yes,No phone service,DSL,Yes,One year,Yes,Bank transfer (automatic),43,80210,625.9,1.4,9,No
0854-UYHZD,Female,No,13,Yes,Yes,No,No internet service,Two year,No,Mailed check,47,102370,328.5,2.2,7.5,No
7243-LCGGZ,Female,No,1,Yes,No,No,No internet service,Month-to-month,No,Mailed check,51,134564,465.8,2,6,No
8267-KFGYD,Male,No,1,Yes,No,No,No internet service,Month-to-month,No,Mailed check,39,42380,589.6,4.2,7.7,No
4890-VMUAV,Male,No,63,Yes,No,DSL,Yes,One year,Yes,Electronic check,35,72100,636.9,10.8,8.2,No
9261-WDCAF,Male,No,3,Yes,Yes,DSL,No,Month-to-month,Yes,Mailed check,43,67313,314.9,2.9,7.9,No
3764-MNMOI,Male,No,46,Yes,Yes,No,No internet service,Two year,Yes,Credit card (automatic),61,80894,566.7,0.5,8.4,No
7442-YGZFK,Male,No,1,Yes,Yes,DSL,No,Month-to-month,Yes,Credit card (automatic),27,51352,650.3,6.8,4.7,No
0420-BWTPW,Male,No,8,No,Yes,DSL,No,Month-to-month,Yes,Mailed check,56,140911,0,10.6,6.9,Yes
8229-BUJHX,Female,No,71,Yes,No,No,No internet service,Two year,Yes,Bank transfer (automatic),40,64183,582.7,1.6,7.6,No
7449-HVPIV,Male,No,55,Yes,Yes,Fiber optic,No,Month-to-month,No,Credit card (automatic),81,38544,738.2,0.3,7.8,No
5504-WSIUR,Female,No,70,Yes,Yes,Fiber optic,Yes,One year,Yes,Bank transfer (automatic),55,83072,557.4,0.2,8.8,No
8183-ONMXC,Female,No,2,Yes,No,Fiber optic,No,Month-to-month,Yes,Electronic check,63,31544,111,10.1,5.5,Yes
8466-PZBLH,Male,No,67,Yes,No,Fiber optic,Yes,Two year,Yes,Bank transfer (automatic),36,93659,589.4,0.3,7.1,No
9614-RMGHA,Male,Yes,,Yes,Yes,Fiber optic,No,Month-to-month,Yes,Bank transfer (automatic),39,69613,842.4,7.6,5.5,Yes
8735-IJJEG,Male,No,14,Yes,No,DSL,No,Month-to-month,No,Credit card (automatic),41,95771,377.9,8.3,7.3,No
0564-MUUQK,Female,No,20,Yes,Yes,Fiber optic,Yes,Month-to-month,Yes,Bank transfer (automatic),59,61864,534.6,1.1,4.4,No
5054-IEXZT,Male,No,1,Yes,No,Fiber optic,No,Month-to-month,Yes,,51,35384,510.8,3.9,5.5,Yes
5834-ASPWA,Male,No,1,Yes,Yes,Fiber optic,No,Month-to-month,No,Electronic check,37,78151,596.9,8,3.7,Yes
0701-RFGFI,Female,Yes,49,Yes,No,Fiber optic,No,Month-to-month,No,Bank transfer (automatic),43,53047,332.7,2.4,6.2,No
0019-EFAEP,Female,No,72,Yes,No,Fiber optic,No,Two year,Yes,Bank transfer (automatic),50,36442,582.9,0.4,10,No
5619-PTMIK,Female,No,46,Yes,No phone service,DSL,No,Month-to-month,Yes,Electronic check,42,67227,,8.3,6.5,No
3737-XBQDD,Male,No,24,Yes,No,Fiber optic,No,Month-to-month,Yes,Bank transfer (automatic),59,26732,663.2,0.8,6,No
5882-CMAZQ,Female,Yes,5,No,Yes,DSL,Yes,Month-to-month,Yes,Electronic check,23,69475,0,2.6,7.2,No
5846-QFDFI,Female,No,33,Yes,Yes,Fiber optic,Yes,Month-to-month,Yes,Credit card (automatic),68,18000,323,1.3,7.8,No
4445-KWOKW,Female,No,42,Yes,Yes,DSL,No,One year,Yes,Bank transfer (automatic),73,57728,713.8,0.4,7.9,No
3511-APPBJ,Male,No,23,Yes,Yes,Fiber optic,No,One year,No,Credit card (automatic),52,56171,378.4,0,5.8,No
7967-HYCDE,Male,No,8,Yes,Yes,Fiber optic,No,Month-to-month,No,Bank transfer (automatic),,74372,529.9,2.7,7.6,No
2430-RRYUW,Male,No,66,Yes,Yes,DSL,No,One year,Yes,Mailed check,38,55471,204.2,0,8,No
3948-XHGNA,Male,No,24,Yes,No,DSL,No,Month-to-month,Yes,Bank transfer (automatic),65,55361,656,3.5,4.7,Yes
3723-BFBGR,Male,Yes,24,Yes,No,DSL,No,Month-to-month,Yes,Credit card (automatic),36,49926,832.6,2.1,5.5,No
0565-IYCGT,Male,No,,Yes,Yes,DSL,Yes,One year,No,Credit card (automatic),59,45686,652.7,3,6.5,Yes
5447-WZAFP,Female,Yes,53,Yes,No phone service,Fiber optic,No,One year,No,Mailed check,41,54631,329.9,1.9,7.3,No
5110-CHOPY,Female,No,60,No,Yes,DSL,No,Two year,Yes,Electronic check,47,109806,0,1.7,9.5,No
5445-UTODQ,Female,No,7,Yes,Yes,Fiber optic,No,Month-to-month,No,Electronic check,34,52169,600.8,18.9,7,Yes
4425-OWHWB,Female,No,20,Yes,No,No,No internet service,One year,No,Credit card (automatic),38,87514,437.5,0,5,No
7892-QVYKW,Female,No,23,Yes,No,Fiber optic,No,Month-to-month,No,Electronic check,45,63745,761.6,23.9,6.3,No
9675-ICXCT,Male,No,72,Yes,Yes,DSL,Yes,Two year,Yes,Electronic check,30,34003,400.4,5,8.3,No
1024-VRZHF,Male,No,11,Yes,Yes,Fiber optic,No,Month-to-month,Yes,Electronic check,71,87850,722.8,2.1,6,Yes
4703-MQYKT,Male,No,21,Yes,Yes,No,No internet service,Two year,Yes,Mailed check,21,33508,556.5,1.8,8.2,No
9497-QCMMS,Male,No,1,Yes,No,Fiber optic,No,Month-to-month,Yes,Electronic check,31,33911,654.4,3,3.9,Yes
5692-ICXLW,Male,No,31,Yes,No phone service,Fiber optic,No,Month-to-month,Yes,Electronic check,20,68234,818.9,13.5,6.3,No
0602-DDUML,Female,No,57,Yes,No,DSL,Yes,Two year,Yes,Mailed check,30,49917,280.2,0.5,8.1,No
2208-MPXIO,Female,No,45,Yes,Yes,No,No internet service,Two year,No,Bank transfer (automatic),50,47497,413.1,0,6.7,No
1960-UYCNN,Male,No,10,Yes,No,Fiber optic,No,Month-to-month,Yes,Electronic check,52,104586,813.3,10.9,6.9,No
0348-SDKOL,Female,No,58,Yes,No phone service,Fiber optic,Yes,Month-to-month,No,Credit card (automatic),39,56856,368.7,3.4,5.8,Yes
3190-FZATL,Male,Yes,14,Yes,Yes,No,No internet service,Month-to-month,Yes,Mailed check,33,21415,549.3,4.2,5.4,No
7336-RLLRH,Male,No,27,Yes,Yes,DSL,Yes,One year,Yes,Mailed check,63,70968,547.6,1.8,8,No
4373-MAVJG,Female,No,14,Yes,No,Fiber optic,No,Month-to-month,Yes,Bank transfer (automatic),51,45662,668.6,3.5,5.3,Yes
8901-HJXTF,Female,No,12,No,Yes,DSL,No,Month-to-month,No,Mailed check,40,53852,0,2.6,5.3,Yes
7710-JSYOA,Female,No,69,Yes,No,Fiber optic,Yes,Two year,Yes,Bank transfer (automatic),75,37940,615.4,1,8.2,No
5419-KLXBN,Female,No,25,Yes,Yes,Fiber optic,No,Month-to-month,Yes,Bank transfer (automatic),27,73259,490.5,3.1,2.5,Yes
3424-NMNBO,Male,No,58,Yes,No,Fiber optic,No,One year,No,Electronic check,39,59598,499.7,4.9,5.6,Yes
9885-MFVSU,Female,No,,No,Yes,DSL,Yes,Two year,No,Credit card (automatic),34,40170,0,2.6,10,No
4514-GFCFI,Female,No,16,Yes,No,Fiber optic,No,Month-to-month,Yes,Electronic check,32,112236,251,1.7,6.7,Yes
0607-MVMGC,Male,No,45,Yes,No,DSL,No,One year,Yes,Credit card (automatic),60,68365,314.9,1.4,6.6,No
3365-SAIGS,Female,No,17,Yes,No,Fiber optic,No,Month-to-month,No,Electronic check,58,46035,570.9,1.9,5.4,No
9828-AOQLM,Female,No,1,Yes,Yes,DSL,No,Month-to-month,Yes,Electronic check,89,43905,446.2,4.6,6.3,Yes
8022-BECSI,Male,No,22,Yes,Yes,No,No internet service,One year,No,Mailed check,36,93552,495,4.5,8.6,No
8000-REIQB,Female,Yes,1,Yes,Yes,Fiber optic,No,Month-to-month,Yes,Electronic check,46,81143,135.2,7.2,5.9,Yes
9993-LHIEB,Male,No,67,Yes,Yes,DSL,Yes,Two year,Yes,Mailed check,47,38317,668.2,,6.3,No
0266-CLZKZ,Female,No,67,Yes,Yes,Fiber optic,Yes,Two year,No,Bank transfer (automatic),41,94998,377.1,2.4,7.9,No
7615-ESMYF,Female,Yes,2,No,No,DSL,No,Month-to-month,Yes,Electronic check,48,30805,0,11.1,5.5,Yes
3858-VOBET,Male,No,23,Yes,No,Fiber optic,No,Month-to-month,No,Electronic check,54,56928,335,2.9,7.4,Yes
7020-OZKXZ,Female,No,9,Yes,No,Fiber optic,No,Month-to-month,Yes,Credit card (automatic),26,27690,686.6,3.6,7.8,No
3977-QCRSL,Female,Yes,5,Yes,No,No,No internet service,Month-to-month,No,Mailed check,46,41868,285.9,7.2,6.8,No
0017-DINOC,Male,No,54,No,Yes,DSL,Yes,Two year,Yes,Credit card (automatic),48,77272,0,2.1,6.5,No
1447-PJGGA,Female,No,57,Yes,Yes,Fiber optic,No,Two year,Yes,Electronic check,65,61806,644.8,12.5,3.8,Yes
8565-CLBZW,Male,No,24,Yes,Yes,Fiber optic,No,Month-to-month,Yes,Mailed check,47,49292,601,4.7,6.7,Yes
9139-WQQDY,Female,No,49,Yes,Yes,Fiber optic,No,One year,Yes,Mailed check,51,52691,,2.5,6.8,Yes
0224-HJAPT,Male,No,5,Yes,No,DSL,No,Month-to-month,No,Electronic check,,46374,748.4,4.3,6.5,Yes
8086-OVPWV,Male,Yes,2,Yes,Yes,Fiber optic,No,Month-to-month,No,Electronic check,41,67546,523.8,13.4,5.2,Yes
9430-FRQOC,Female,No,4,Yes,No,Fiber optic,Yes,Month-to-month,Yes,Mailed check,48,38114,464.6,2.6,4.9,Yes
7639-OPLNG,Male,No,70,Yes,No phone service,DSL,Yes,Two year,Yes,Bank transfer (automatic),52,48095,643.7,1.7,6.1,No
3074-GQWYX,Male,No,5,Yes,Yes,Fiber optic,No,Month-to-month,No,Bank transfer (automatic),56,74413,673,4.5,5.5,Yes
1492-QGCLU,Male,No,53,Yes,No,DSL,Yes,Month-to-month,No,Electronic check,64,66384,600.6,2.6,7.3,No
6845-RGTYS,Female,No,47,Yes,No,Fiber optic,No,Month-to-month,Yes,,29,41040,313,6,6.1,Yes
7328-OWMOM,Female,Yes,31,Yes,Yes,No,No internet service,One year,Yes,Credit card (automatic),87,94679,382.5,1.8,8.9,No
4418-LZMSV,Male,No,13,Yes,Yes,DSL,Yes,Month-to-month,Yes,Bank transfer (automatic),78,38068,289.3,1.2,9.5,No
5155-AZQPB,Female,No,28,Yes,Yes,DSL,No,Month-to-month,Yes,Mailed check,88,93950,559.7,3.9,7.6,No
8861-HGGKB,Female,No,10,Yes,Yes,Fiber optic,No,Month-to-month,No,Electronic check,41,69822,628.5,2.4,5.4,Yes
1087-GRUYI,Male,No,38,Yes,Yes,No,No internet service,Two year,No,Bank transfer (automatic),45,23732,377.5,0,7.5,No
7065-YUNRY,Female,No,,Yes,Yes,DSL,No,Month-to-month,No,Mailed check,36,33042,484.7,5.4,6.9,Yes
7694-VLBWQ,Male,No,67,Yes,Yes,Fiber optic,No,One year,No,Electronic check,37,68079,472.7,4,5.8,Yes
2546-KZAAT,Male,Yes,52,Yes,Yes,DSL,No,One year,Yes,Mailed check,66,41497,355,1.4,7.5,No
0181-RITDD,Male,No,62,Yes,No,Fiber optic,Yes,Two year,Yes,Mailed check,84,35403,572,3.9,8.3,No
5989-PGKJB,Female,No,16,Yes,Yes,Fiber optic,No,Month-to-month,No,Electronic check,51,152397,251.5,0.5,7.2,No
4795-KTRTH,Female,Yes,5,Yes,No,Fiber optic,No,Month-to-month,Yes,Electronic check,25,158936,550.6,10.4,4.4,Yes
8272-ONJLV,Male,No,12,Yes,Yes,Fiber optic,No,One year,Yes,Electronic check,43,39622,,1.5,6.3,No
1488-PBLJN,Female,No,72,Yes,Yes,Fiber optic,Yes,Two year,No,Bank transfer (automatic),45,40054,629.2,0.3,6.8,No
0308-GIQJT,Male,Yes,71,Yes,No,Fiber optic,Yes,One year,Yes,Bank transfer (automatic),62,48793,617.5,1.9,7.4,No
3778-FOAQW,Female,No,24,Yes,Yes,No,No internet service,One year,Yes,Mailed check,31,68816,525.5,3.7,8.6,No
4452-ROHMO,Female,No,,Yes,Yes,No,No internet service,Two year,No,Mailed check,31,116487,389.4,2.6,9.3,No
6481-OGDOO,Male,No,67,Yes,No,Fiber optic,No,One year,Yes,,68,64141,639.5,3.3,5.7,Yes
3090-LETTY,Male,No,2,Yes,Yes,DSL,No,Month-to-month,No,Bank transfer (automatic),64,35330,574.2,0.3,3.9,No
5349-AZPEW,Female,No,5,No,Yes,DSL,No,Month-to-month,Yes,Mailed check,26,30094,0,3.1,7.2,No
3753-TSEMP,Female,No,15,Yes,No,Fiber optic,No,Month-to-month,No,Electronic check,59,102547,353.6,9,5.3,Yes
8305-VHZBZ,Male,No,1,Yes,No,No,No internet service,Month-to-month,Yes,Mailed check,32,49124,495,7.5,5,Yes
9720-JJJOR,Male,Yes,41,Yes,Yes,DSL,No,One year,Yes,Bank transfer (automatic),61,41180,599.2,0.6,6.3,No
8100-HZZLJ,Female,No,,Yes,No phone service,DSL,No,Month-to-month,Yes,Electronic check,37,65703,719.3,3.5,6,No
8775-ERLNB,Male,No,1,Yes,Yes,Fiber optic,No,Month-to-month,No,Electronic check,27,64316,416.5,3.9,6.1,No
8309-IEYJD,Female,Yes,1,Yes,Yes,Fiber optic,No,Month-to-month,No,Mailed check,61,90974,339.3,2.5,9.2,No
9172-JITSM,Female,No,26,Yes,Yes,Fiber optic,No,Month-to-month,Yes,Electronic check,34,46826,509.2,6.1,5.2,Yes
6298-QDFNH,Male,No,22,Yes,No,Fiber optic,No,Month-to-month,No,Electronic check,38,34153,713.5,5.1,6.1,Yes
7398-HPYZQ,Male,No,71,Yes,No,DSL,Yes,Two year,No,Bank transfer (automatic),57,158439,610.3,0.9,8.7,No
3546-GHEAE,Male,Yes,7,Yes,No,No,No internet service,Two year,Yes,Mailed check,45,29343,506.5,1.5,7.5,No
7361-YPXFS,Female,No,28,Yes,No,DSL,Yes,Month-to-month,Yes,Bank transfer (automatic),35,45316,540.5,2.7,7.4,No
6557-BZXLQ,Male,No,16,Yes,No,Fiber optic,No,Month-to-month,Yes,Electronic check,50,41831,66.1,4.3,8.2,No
2550-QHZGP,Male,No,7,Yes,Yes,No,No internet service,One year,Yes,Mailed check,75,68074,478,4.9,8,No
7519-JTWQH,Female,Yes,69,Yes,No,Fiber optic,Yes,Two year,No,Bank transfer (automatic),18,102973,540.6,1.6,5.9,No
2538-OIMXF,Female,No,1,No,Yes,DSL,No,Month-to-month,No,Mailed check,55,38584,0,1.8,6.3,No
8543-MSDMF,Male,Yes,3,Yes,Yes,DSL,No,Month-to-month,Yes,Electronic check,54,38935,575.5,1.7,6.4,No
9961-JBNMK,Male,Yes,21,Yes,No,Fiber optic,No,Month-to-month,Yes,Bank transfer (automatic),55,26827,518.6,4.4,5,Yes
1170-SASML,Female,No,69,Yes,Yes,Fiber optic,No,Month-to-month,Yes,,47,60481,413,6,7.6,No
4872-JCVCA,Female,No,71,No,No phone service,DSL,Yes,Two year,Yes,Bank transfer (automatic),76,40480,0,1.1,8.8,No
5346-BZCHP,Female,No,69,Yes,No,No,No internet service,Two year,Yes,Mailed check,48,118520,375.3,2.1,8.1,No
2038-LLMLM,Female,No,48,Yes,No phone service,Fiber optic,Yes,Month-to-month,Yes,Electronic check,44,69283,432,2.3,7.6,No
6173-ITPWD,Male,No,47,Yes,Yes,Fiber optic,No,Month-to-month,No,Bank transfer (automatic),44,53802,502.6,4.3,5.8,Yes
9734-UYXQI,Female,No,2,Yes,No phone service,DSL,No,Month-to-month,Yes,Electronic check,20,74995,923,12.2,5.5,Yes
1216-BGTSP,Male,No,45,Yes,No,Fiber optic,Yes,Month-to-month,Yes,Credit card (automatic),46,65331,800.6,2.2,9.2,No
4138-NAXED,Male,No,51,Yes,No,Fiber optic,No,Month-to-month,Yes,Bank transfer (automatic),30,37694,562.9,1.2,6.6,No
2189-UXTKY,Female,Yes,22,Yes,No,DSL,Yes,Month-to-month,Yes,Electronic check,32,39272,548,13,6.6,Yes
0744-BIKKF,Male,No,72,Yes,Yes,DSL,Yes,Two year,No,,47,96524,479.8,2.2,7.9,No
7483-IQWIB,Male,No,37,Yes,Yes,Fiber optic,No,Month-to-month,No,Electronic check,51,44930,550.9,0.5,6.9,No
5248-KWLAR,Male,Yes,71,Yes,Yes,DSL,Yes,Two year,No,Electronic check,38,69509,882.7,0.5,6.2,No
4958-GZWIY,Male,No,7,Yes,No,DSL,No,Month-to-month,Yes,Electronic check,60,,456.8,2.8,6.5,Yes
7996-MHXLW,Female,No,66,Yes,No,No,No internet service,Two year,Yes,,55,59330,615.2,0.3,7.9,No
7833-PKIHD,Male,No,51,Yes,Yes,DSL,Yes,One year,No,Bank transfer (automatic),43,18213,231,4,9.1,No
7061-OVMIM,Female,Yes,30,Yes,No,No,No internet service,One year,No,Bank transfer (automatic),39,47921,438.3,0.9,8.9,No
5153-RTHKF,Female,No,34,Yes,No,Fiber optic,No,Month-to-month,No,Electronic check,62,37666,528.2,1.7,5.9,No
1852-QSWCD,Male,Yes,64,Yes,No,No,No internet service,Two year,No,Mailed check,42,47862,684.1,2.5,7.1,No
4832-VRBMR,Male,No,65,Yes,No,Fiber optic,No,One year,No,Bank transfer (automatic),62,66816,923.6,0.4,6.3,No
9079-LWTFD,Male,No,47,Yes,No,Fiber optic,Yes,Month-to-month,No,Mailed check,63,33388,521.1,5.9,8.1,No
6356-ELRKD,Female,No,1,Yes,Yes,Fiber optic,No,Month-to-month,Yes,Electronic check,22,58789,521.4,11.2,5.6,Yes
8624-GIOUT,Female,Yes,,Yes,No,DSL,No,Month-to-month,No,Credit card (automatic),,64762,508.8,2.1,4.1,Yes
3392-EHMNK,Female,No,,Yes,Yes,Fiber optic,Yes,Two year,Yes,Credit card (automatic),51,48912,709.1,2,7.7,No
5986-WWXDV,Male,No,39,Yes,Yes,No,No internet service,One year,No,Bank transfer (automatic),26,104032,448.2,0.2,4.7,No
3061-BCKYI,Male,No,14,Yes,Yes,No,No internet service,Month-to-month,No,Mailed check,36,69565,464,1.5,7.8,No
6179-GJPSO,Female,No,43,Yes,No,Fiber optic,Yes,Month-to-month,Yes,Credit card (automatic),77,45590,577.2,2.1,6.9,Yes
7901-TBKJX,Male,No,56,Yes,No,Fiber optic,No,Month-to-month,Yes,Electronic check,39,51019,461.7,2.5,6.6,No
7228-PAQPD,Female,No,14,Yes,No,DSL,Yes,One year,Yes,Credit card (automatic),46,46941,500.5,0.5,8.1,No
3177-LASXD,Female,No,1,Yes,No,Fiber optic,No,Month-to-month,Yes,Electronic check,50,55325,320.4,5.1,4.1,Yes
7746-QYVCO,Male,No,16,Yes,Yes,DSL,No,One year,No,Mailed check,38,27876,461.4,2.4,6.8,No
5804-HYIEZ,Male,No,70,Yes,No,Fiber optic,No,Month-to-month,No,Electronic check,18,54296,259.9,4.7,6.4,No
9919-FZDED,Male,No,72,Yes,No,DSL,No,Two year,No,Credit card (automatic),23,107579,762,1.4,9.3,No
5934-TSSAU,Female,No,23,Yes,No,Fiber optic,No,Month-to-month,Yes,Credit card (automatic),40,67885,463.6,1.8,6,No
3486-KHMLI,Male,No,21,Yes,No,No,No internet service,Month-to-month,Yes,Mailed check,39,65498,320,0,10,No
4897-QSUYC,Female,No,1,Yes,No,No,No internet service,Month-to-month,Yes,Mailed check,26,69634,487.2,2.8,5.6,Yes
1084-UQCHV,Male,Yes,1,Yes,Yes,Fiber optic,No,Month-to-month,Yes,Bank transfer (automatic),30,47135,606.8,5.4,6.4,Yes
8290-YWKHZ,Female,No,32,Yes,Yes,Fiber optic,No,Month-to-month,Yes,Electronic check,67,53135,404.9,5.5,7.8,Yes
2955-BJZHG,Male,No,17,Yes,Yes,Fiber optic,No,Month-to-month,No,Electronic check,34,56476,429.7,3.5,7.2,Yes
3806-DXQOM,Female,No,4,No,No,DSL,No,Month-to-month,Yes,Electronic check,75,121434,0,8.2,6.1,Yes
6784-XYJAE,Female,No,36,Yes,No,DSL,No,One year,Yes,Electronic check,49,76011,621.5,4,7.5,No
3933-DQPWX,Female,No,50,No,No phone service,DSL,Yes,Two year,Yes,Credit card (automatic),56,28508,0,2.1,8.9,No
6661-EIPZC,Female,No,48,No,Yes,DSL,Yes,Month-to-month,Yes,,41,46171,0,0,7.6,No
8957-THMOA,Female,No,50,Yes,No,No,No internet service,Two year,No,Credit card (automatic),69,28240,558.2,2.5,5.5,No
2251-PYLPB,Male,No,72,Yes,Yes,DSL,Yes,Two year,No,Credit card (automatic),51,55651,696.6,0.5,9.1,No
5555-RNPGT,Male,Yes,10,Yes,Yes,No,No internet service,Month-to-month,No,Credit card (automatic),38,51701,462.5,2.9,8.6,No
1057-FOGLZ,Female,No,18,Yes,Yes,No,No internet service,Month-to-month,Yes,Mailed check,74,122873,724.5,1.3,7.6,No
9300-RENDD,Male,No,1,Yes,No,Fiber optic,No,Month-to-month,No,,47,29327,330.8,8.2,5.4,Yes
0761-AETCS,Female,No,1,Yes,No,No,No internet service,Month-to-month,Yes,Electronic check,59,87941,441.5,9.3,7,Yes
8087-LGYHQ,Male,No,9,Yes,Yes,Fiber optic,No,Month-to-month,Yes,Electronic check,45,41202,556,3.4,7.5,No
4137-BTIKL,Male,No,2,Yes,No,Fiber optic,No,Month-to-month,Yes,Mailed check,41,62083,552.2,1.3,5.7,No
2190-BCXEC,Female,Yes,40,Yes,Yes,Fiber optic,Yes,Month-to-month,Yes,Credit card (automatic),82,43396,449.3,3.3,6.8,No
6227-FBDXH,Male,No,69,Yes,No phone service,Fiber optic,No,One year,Yes,Bank transfer (automatic),46,63556,649,0.4,5.7,No
2153-MREFK,Female,No,37,Yes,No,Fiber optic,Yes,One year,No,Electronic check,81,42347,775.5,7.2,8.8,Yes
2911-WDXMV,Male,No,18,Yes,No,Fiber optic,No,Month-to-month,No,Credit card (automatic),31,85640,631,1.5,6.2,No
7206-PQBBZ,Male,No,11,Yes,No,Fiber optic,No,Month-to-month,No,Electronic check,43,76810,546.4,5.6,9.2,No
3106-ULWFW,Female,No,8,Yes,No,Fiber optic,No,Month-to-month,Yes,Credit card (automatic),46,57707,425.8,2.3,5.8,Yes
0925-VYDLG,Female,No,3,Yes,No,Fiber optic,No,Month-to-month,No,Electronic check,35,53487,507.2,7.5,7.4,Yes
4547-FZJWE,Male,No,55,Yes,Yes,DSL,No,One year,No,Credit card (automatic),34,57332,534.3,0.4,7.3,No
7422-WNBTY,Male,Yes,33,Yes,Yes,Fiber optic,No,Month-to-month,Yes,Electronic check,65,55072,551.4,2.6,5.8,No
0842-IWYCP,Female,No,46,Yes,No phone service,DSL,No,Month-to-month,No,Bank transfer (automatic),79,47153,438.9,1.5,9.9,No
3521-HTQTV,Male,No,34,Yes,Yes,No,No internet service,Two year,Yes,Bank transfer (automatic),42,22513,373.6,0,6.1,No
3744-ZBHON,Female,No,3,Yes,No,No,No internet service,Month-to-month,No,Electronic check,40,33354,375,2.6,6.7,No
3373-DIUUN,Male,No,30,Yes,Yes,No,No internet service,Two year,Yes,Mailed check,54,91266,504.2,0.8,9.3,No
8383-SGHJU,Female,No,33,Yes,No,DSL,Yes,One year,Yes,Electronic check,46,40886,979,4.1,8.4,No
7607-QKKTJ,Male,No,45,Yes,Yes,Fiber optic,No,One year,Yes,Credit card (automatic),74,42032,582.2,1.4,6.6,No
7707-PYBBH,Male,Yes,,Yes,Yes,DSL,Yes,Month-to-month,Yes,Mailed check,27,129018,436.6,2.8,5.9,No
8984-HPEMB,Female,Yes,71,Yes,No,Fiber optic,Yes,Two year,Yes,Electronic check,38,55619,721.8,3.7,6.4,No
4349-GFQHK,Male,No,1,Yes,No,DSL,No,Month-to-month,No,,26,50691,540.6,5.3,4.3,Yes
4139-DETXS,Female,No,72,No,Yes,DSL,Yes,Two year,Yes,Bank transfer (automatic),65,97793,0,0.5,7,No
9779-DPNEJ,Female,No,22,Yes,Yes,Fiber optic,No,Month-to-month,Yes,Electronic check,68,116220,324.1,6.8,5.5,No
9805-FILKB,Male,Yes,46,Yes,Yes,No,No internet service,One year,Yes,Bank transfer (automatic),49,52429,395.2,0.9,8.2,No
5793-YOLJN,Female,No,55,Yes,Yes,No,No internet service,Two year,No,Mailed check,47,87962,680.1,2.1,7.5,No
0673-IGUQO,Male,No,1,Yes,Yes,No,No internet service,Month-to-month,Yes,Mailed check,52,29129,359.9,4.6,5.7,No
4123-FCVCB,Female,No,12,Yes,No,DSL,Yes,One year,Yes,Mailed check,51,82633,,4.4,8.6,No
8819-IMISP,Male,No,31,Yes,No,Fiber optic,No,Month-to-month,No,Electronic check,48,80179,605.9,1.7,6.5,No
7802-EFKNY,Male,No,5,No,Yes,DSL,No,Month-to-month,No,Electronic check,70,49261,0,4,4.7,Yes
8311-UEUAB,Female,No,67,Yes,Yes,DSL,No,Two year,No,Electronic check,18,99818,311,10.3,7.1,No
5858-EAFCZ,Male,No,1,Yes,No,DSL,No,Month-to-month,Yes,Mailed check,30,65348,438.2,5,8,No
8035-BUYVG,Male,No,40,No,Yes,DSL,No,One year,Yes,Electronic check,52,23276,0,2.2,4.7,Yes
1163-ONYEY,Male,No,41,Yes,No,DSL,No,Month-to-month,No,Credit card (automatic),78,46703,545.7,0.9,8.6,No
9787-XVQIU,Male,No,1,Yes,Yes,Fiber optic,No,Month-to-month,No,Electronic check,47,92579,502.7,6.4,6.5,Yes
8945-MUQUF,Male,No,51,Yes,No phone service,Fiber optic,No,One year,Yes,Electronic check,37,49745,682.6,5.7,7,Yes
5656-MJEFC,Male,No,42,No,No,DSL,Yes,Two year,No,Credit card (automatic),21,50754,0,1.1,7.7,No
6082-OQFBA,Male,No,23,Yes,No,No,No internet service,One year,Yes,Mailed check,44,41099,709.3,0,10,No
8051-HJRLT,Female,No,1,Yes,No,Fiber optic,No,Month-to-month,Yes,Electronic check,50,36258,395.8,5.2,5.5,Yes
8974-OVACP,Female,Yes,1,Yes,No,No,No internet service,Month-to-month,Yes,Mailed check,43,202263,442,2.8,7.6,No
4010-YLMVT,Female,Yes,56,Yes,No phone service,Fiber optic,No,Month-to-month,Yes,Credit card (automatic),65,83863,434.1,3.4,10,No
1379-FRVEB,Male,No,15,Yes,No,Fiber optic,No,Month-to-month,No,Electronic check,44,30932,522.6,3.5,4.3,No
8612-GXIDD,Male,No,12,Yes,No,No,No internet service,Two year,Yes,Bank transfer (automatic),63,93319,969.5,1.4,6.4,No
6288-CHQJB,Female,No,54,Yes,Yes,DSL,Yes,Two year,Yes,Bank transfer (automatic),33,45369,431.8,1.7,8.3,No
8160-HOWOX,Female,No,7,Yes,No,DSL,No,Month-to-month,No,Electronic check,44,58668,518,0.9,6.6,No
3023-GFLBR,Female,Yes,33,Yes,Yes,Fiber optic,No,Month-to-month,No,Credit card (automatic),75,47556,497.5,2.7,6.4,Yes
6648-INWPS,Male,Yes,16,Yes,No,No,No internet service,Month-to-month,Yes,Electronic check,26,121560,379.8,6.6,6.4,No
4223-BKEOR,Female,Yes,21,Yes,No,DSL,No,One year,No,Mailed check,46,63667,557.8,1.3,7.5,No
4079-VTGLK,Male,No,30,Yes,No,DSL,No,Two year,Yes,Electronic check,60,95676,622.8,2.4,6,No
1763-WQFUK,Male,No,3,Yes,Yes,DSL,Yes,Month-to-month,No,Mailed check,26,71464,506.7,5.9,7.4,No
1391-UBDAR,Male,Yes,11,Yes,Yes,Fiber optic,No,Month-to-month,Yes,Electronic check,60,84611,581.1,3.2,6,No
8894-JVDCV,Female,No,62,Yes,No,Fiber optic,Yes,One year,Yes,,28,162524,636.4,1.9,5.6,No
2023-VQFDL,Male,No,18,Yes,No,No,No internet service,Month-to-month,Yes,Electronic check,51,50764,135.1,7.1,8.9,No
1345-GKDZZ,Male,No,6,Yes,Yes,No,No internet service,Month-to-month,No,Mailed check,59,46609,612.5,5.1,6.6,No
2014-MKGMH,Female,Yes,46,Yes,No phone service,Fiber optic,No,One year,Yes,Electronic check,81,46843,791.3,1.6,7.3,No
5628-FCGYG,Male,No,21,Yes,Yes,Fiber optic,No,Month-to-month,Yes,,58,25753,419.9,3,8.4,No
2560-WBWXF,Male,No,68,Yes,Yes,No,No internet service,Two year,Yes,Bank transfer (automatic),64,58989,444,0.9,6.9,No
0248-IPDFW,Female,Yes,1,Yes,Yes,DSL,No,Month-to-month,No,Electronic check,65,104473,644.7,15.1,6.7,No
7978-DKUQH,Female,No,25,Yes,No,Fiber optic,No,Month-to-month,Yes,Electronic check,60,33893,500.6,10.3,4.8,No
4335-UPJSI,Female,No,24,Yes,No,No,No internet service,Two year,Yes,Mailed check,77,92718,655.9,1.7,7.6,No
0524-IAVZO,Female,No,30,Yes,No phone service,Fiber optic,No,Month-to-month,Yes,Electronic check,65,44560,656.7,6.8,5.4,Yes
2737-YNGYW,Female,No,2,Yes,Yes,Fiber optic,No,Month-to-month,Yes,Electronic check,46,,281.6,9.5,3.6,Yes
1784-EZDKJ,Male,No,51,Yes,Yes,Fiber optic,No,One year,No,Bank transfer (automatic),42,37732,509.9,1.3,6.8,No
9297-FVVDH,Female,No,57,Yes,No,DSL,Yes,Two year,No,Electronic check,37,91039,693.4,1.7,9.1,No
8007-YYPWD,Female,No,15,Yes,No,No,No internet service,Two year,No,Bank transfer (automatic),64,52816,575.9,0.8,5.6,No
7101-HRBLJ,Female,Yes,72,Yes,No,DSL,Yes,Two year,No,Bank transfer (automatic),36,91337,397.4,0.9,7.6,No
5159-YFPKQ,Female,No,2,Yes,No,Fiber optic,No,Month-to-month,Yes,Electronic check,37,38564,372.7,3.3,5.1,Yes
6635-CPNUN,Male,Yes,28,Yes,No,Fiber optic,No,Month-to-month,No,Credit card (automatic),44,58103,591.8,4,5.8,No
4021-RQSNY,Male,Yes,29,Yes,No,Fiber optic,No,Month-to-month,Yes,Electronic check,31,37631,486.9,13,5.4,Yes
5453-YBTWV,Male,Yes,70,Yes,Yes,Fiber optic,Yes,Two year,Yes,Credit card (automatic),45,63191,454,0,9.6,No
5039-LZRQT,Female,No,13,Yes,No,No,No internet service,One year,No,Mailed check,34,32344,579.7,0.8,7,No
2931-VUVJN,Female,No,59,Yes,No,Fiber optic,Yes,One year,Yes,Electronic check,18,163689,791.6,2.7,7.1,No
9061-TIHDA,Male,Yes,13,Yes,No,Fiber optic,No,Month-to-month,No,Electronic check,34,49381,735.3,7.6,3.9,Yes
8699-ASUFO,Male,No,7,Yes,Yes,Fiber optic,No,Month-to-month,Yes,Mailed check,31,44310,621.5,6.9,2.8,Yes
6418-PIQSP,Female,No,62,Yes,No phone service,DSL,Yes,Two year,Yes,Mailed check,40,54431,454.5,2.2,7.2,No
8220-OCUFY,Female,No,21,Yes,Yes,DSL,Yes,One year,No,Electronic check,41,54321,477,1.7,7.4,No
3995-WFCSM,Female,Yes,2,Yes,Yes,DSL,No,Month-to-month,Yes,Electronic check,47,71508,278.4,6.1,7.2,No
1895-QTKDO,Female,No,1,Yes,No phone service,DSL,No,Month-to-month,No,Credit card (automatic),27,150030,432.9,1.4,5.3,No
2038-OEQZH,Male,No,4,Yes,No,Fiber optic,No,Month-to-month,Yes,Electronic check,34,33591,464.5,5.8,5.5,No
1178-PZGAB,Female,No,19,Yes,No phone service,No,No internet service,One year,Yes,Credit card (automatic),65,64350,356.9,0.7,7.9,No
7927-AUXBZ,Female,No,30,Yes,Yes,Fiber optic,Yes,Month-to-month,No,Electronic check,78,65514,855.2,4.7,7.3,Yes
2626-VEEWG,Male,No,67,Yes,No,No,No internet service,Two year,No,Credit card (automatic),42,53847,755.7,0,8,No
2878-RMWXY,Male,No,72,Yes,Yes,Fiber optic,No,Two year,No,Credit card (automatic),44,105243,524.5,0.8,8.2,No
1657-DYMBM,Male,Yes,53,Yes,Yes,No,No internet service,Two year,Yes,Credit card (automatic),40,75815,656.5,5.7,8.9,No
7311-MQJCH,Female,No,5,Yes,No,No,No internet service,One year,No,Electronic check,50,71198,486.2,5,7.2,No
7375-WMVMT,Male,No,71,Yes,No,Fiber optic,Yes,Two year,Yes,Credit card (automatic),29,41307,170.8,4,8.7,No
1136-XGEQU,Female,Yes,50,Yes,No,DSL,Yes,One year,Yes,Credit card (automatic),45,71732,496.9,0.1,5.1,No
2530-FMFXO,Male,Yes,56,Yes,Yes,Fiber optic,Yes,Two year,No,Electronic check,73,32877,835.8,4.7,7.9,No
6844-DZKRF,Male,No,2,Yes,Yes,DSL,Yes,Month-to-month,Yes,Credit card (automatic),68,27738,627,6.3,7.2,No
4695-WJZUE,Female,No,2,Yes,Yes,Fiber optic,No,Month-to-month,No,Electronic check,48,35367,762.4,6.9,5.4,Yes
7619-ODSGN,Male,No,24,Yes,Yes,DSL,No,Month-to-month,No,Electronic check,26,39394,688.3,3.9,6.4,Yes
5970-GHJAW,Male,No,46,Yes,No,No,No internet service,Two year,No,Credit card (automatic),,38944,709.5,0.9,8,No
8879-XUAHX,Male,No,71,Yes,Yes,Fiber optic,Yes,Two year,No,Electronic check,55,103487,487.7,5.3,7.8,No
3689-MOZGR,Female,No,29,No,Yes,DSL,Yes,Month-to-month,Yes,Electronic check,49,102010,0,4.1,7,No
4195-PNGZS,Male,No,69,Yes,Yes,No,No internet service,Two year,No,Bank transfer (automatic),30,46957,752.4,2.4,4.6,No
5003-XZWWO,Male,No,71,Yes,No,DSL,Yes,Two year,Yes,Credit card (automatic),75,74381,513.9,2.8,8.1,No
3988-RQIXO,Female,No,1,Yes,Yes,Fiber optic,No,Month-to-month,Yes,Electronic check,64,44634,38.1,3,6,Yes
7622-FWGEW,Male,No,56,Yes,No,DSL,Yes,Two year,No,Bank transfer (automatic),51,167761,523.9,0.8,6.5,No
6922-NCEDI,Male,No,,Yes,No,No,No internet service,One year,Yes,,22,112804,310.9,1.5,8,No
2514-GINMM,Male,No,1,Yes,No,Fiber optic,No,Month-to-month,Yes,Electronic check,18,186589,488.3,5.6,6.8,Yes
9891-NQDBD,Female,No,28,Yes,Yes,No,No internet service,One year,Yes,Mailed check,27,55681,542.8,3.7,8.2,No
6131-IUNXN,Female,No,,Yes,Yes,No,No internet service,Month-to-month,Yes,Mailed check,60,88430,553.9,10.2,6.3,No
8548-AWOFC,Male,No,66,Yes,Yes,DSL,Yes,Month-to-month,No,Electronic check,21,77089,508.2,1.1,7.1,No
9798-DRYDS,Female,No,17,Yes,No phone service,DSL,Yes,One year,No,Mailed check,29,42517,761.6,1.3,6.2,No
8532-UEFWH,Male,No,52,Yes,Yes,No,No internet service,Two year,Yes,Mailed check,48,32739,702.1,1.2,8.3,No
6296-DDOOR,Female,No,,Yes,No,DSL,No,One year,No,Electronic check,47,41812,542.4,5.4,6.5,No
7951-VRDVK,Female,No,,Yes,No,DSL,Yes,One year,No,Bank transfer (automatic),46,21729,510.4,3.5,6.8,No
5931-FLJJF,Male,No,7,Yes,Yes,Fiber optic,No,Month-to-month,No,Mailed check,48,101718,347.1,2.9,6.7,Yes
4815-YOSUK,Male,Yes,72,Yes,Yes,Fiber optic,Yes,One year,No,Credit card (automatic),20,56290,742.8,0,6.5,No
2659-VXMWZ,Male,No,67,Yes,Yes,Fiber optic,No,One year,Yes,Electronic check,78,45626,467.2,3.3,5.4,Yes
0380-NEAVX,Male,No,34,Yes,No,Fiber optic,No,One year,Yes,Electronic check,52,43902,211.6,5.2,6.5,No
3207-OYBWH,Male,No,57,Yes,No,Fiber optic,No,Month-to-month,No,,79,94487,383.8,9.9,4.8,Yes
4285-GYRQC,Female,No,7,Yes,No,Fiber optic,No,Month-to-month,No,Electronic check,47,57193,515.7,11.6,5.9,Yes
7216-EWTRS,Female,No,1,Yes,No,Fiber optic,No,Month-to-month,Yes,Electronic check,36,108218,820.7,3.8,5.7,Yes
4365-MSDYN,Male,No,8,Yes,Yes,No,No internet service,Month-to-month,Yes,Bank transfer (automatic),78,26137,344.3,0.6,8.2,No
7036-TYDEC,Female,No,69,Yes,No,Fiber optic,Yes,Two year,Yes,Electronic check,35,49475,297.1,8.5,6.4,No
5802-ADBRC,Female,No,50,Yes,No,Fiber optic,No,One year,No,Mailed check,50,60320,286.3,1.4,7.4,No
8076-FEZKJ,Male,No,10,Yes,Yes,No,No internet service,One year,No,Mailed check,76,48490,720.5,0.9,7.5,No
5197-YPYBZ,Female,No,12,Yes,Yes,No,No internet service,Two year,Yes,Credit card (automatic),69,44990,770.4,3.6,7.3,No
8337-MSSXB,Female,No,14,Yes,No phone service,Fiber optic,No,Month-to-month,Yes,Electronic check,39,35960,195.3,4.3,7.2,Yes
4312-GVYNH,Female,No,70,No,No,DSL,Yes,Two year,Yes,Bank transfer (automatic),33,97458,0,1.2,8.3,No
8495-LJDFO,Female,No,64,Yes,Yes,Fiber optic,Yes,Month-to-month,Yes,Bank transfer (automatic),46,59462,544.9,3.7,8.6,No
0839-JTCUD,Female,Yes,66,Yes,No,DSL,Yes,Two year,No,Credit card (automatic),33,28707,595,0.1,6.2,No
5494-WOZRZ,Female,No,71,Yes,No,DSL,Yes,Two year,Yes,Credit card (automatic),31,87355,202.9,2.1,8.3,No
1302-UHBDD,Male,No,20,Yes,Yes,Fiber optic,No,Month-to-month,Yes,Electronic check,43,35502,629.6,11.4,7.2,No
2234-EOFPT,Male,No,72,Yes,No phone service,DSL,Yes,Two year,Yes,Bank transfer (automatic),44,49461,,0,7.5,No
8619-IJNDK,Female,No,71,Yes,Yes,DSL,Yes,Two year,Yes,Credit card (automatic),21,28984,463,0.5,7.8,No
8378-LKJAF,Male,No,38,Yes,Yes,Fiber optic,No,Month-to-month,Yes,Credit card (automatic),31,59980,780.8,3.2,7.7,No
8182-BJDSI,Female,No,28,Yes,No,Fiber optic,No,Month-to-month,Yes,Electronic check,38,93683,292.4,6.6,3.2,Yes
2528-HFYZX,Male,No,17,Yes,Yes,Fiber optic,No,Month-to-month,No,Electronic check,69,108712,458.2,2.7,5.7,Yes
1153-GNOLC,Male,No,33,No,No,DSL,No,One year,No,Electronic check,30,64222,0,6.3,6.9,No
3298-QEICA,Female,No,23,No,Yes,DSL,Yes,Two year,Yes,Mailed check,36,18582,0,0.5,8.2,No
0788-DXBFY,Male,No,58,Yes,No,No,No internet service,One year,Yes,,34,55078,615,4,6.9,No
3597-YASZG,Female,No,70,Yes,Yes,Fiber optic,Yes,Two year,No,Bank transfer (automatic),53,101272,733.5,0.1,9.3,No
3496-LFSZU,Male,No,4,Yes,No,Fiber optic,No,Month-to-month,No,Electronic check,33,83801,493.6,23.5,8.1,No
5242-UOWHD,Male,No,45,Yes,No,No,No internet service,Two year,No,Mailed check,21,53210,472.7,0,7,No
2482-CZGBB,Male,Yes,10,Yes,No phone service,Fiber optic,No,Month-to-month,Yes,Electronic check,48,34727,644.9,4.8,5.6,Yes
6479-SZPLM,Male,Yes,36,Yes,No,No,No internet service,Two year,No,Credit card (automatic),40,34261,194.5,0.4,7.4,No
8097-VBQTZ,Male,No,54,Yes,No,DSL,Yes,Month-to-month,No,Mailed check,64,60728,583.6,2.2,5.6,No
4500-HKANN,Male,No,23,Yes,No,DSL,Yes,Two year,Yes,Mailed check,71,100858,566.7,2.1,8.7,No
9917-KWRBE,Female,No,41,Yes,No phone service,DSL,No,One year,Yes,Credit card (automatic),37,65489,425.9,1.4,6.1,No
3420-ZDBMA,Male,Yes,5,Yes,Yes,Fiber optic,No,Month-to-month,No,Mailed check,56,35100,611.4,7.1,6.7,No
2212-LYASK,Male,No,27,No,Yes,DSL,No,One year,No,Credit card (automatic),35,68008,0,1.1,8.6,No
1393-IMKZG,Female,No,1,Yes,Yes,Fiber optic,Yes,Month-to-month,Yes,Electronic check,18,106764,431.4,4.9,6.7,No
8069-RHUXK,Female,No,67,No,No,DSL,Yes,Two year,Yes,Credit card (automatic),46,48284,0,0.3,8,No
3398-GCPMU,Female,No,72,Yes,No phone service,DSL,Yes,Two year,Yes,Credit card (automatic),50,50424,649.6,1.1,5.7,No
2908-WGAXL,Female,No,56,Yes,No,No,No internet service,Two year,Yes,Credit card (automatic),28,37496,798,2.3,8.1,No
3378-AJRAO,Male,No,44,Yes,Yes,No,No internet service,One year,Yes,Electronic check,37,69955,359.5,2.4,6.5,No
1013-QCWAM,Female,No,66,Yes,Yes,Fiber optic,No,Month-to-month,No,Electronic check,63,84660,439.3,3.3,9,No
0866-QLSIR,Female,No,34,Yes,No,DSL,Yes,One year,Yes,Mailed check,54,28909,775.7,4.4,6.5,Yes
6050-FFXES,Female,No,69,Yes,No,Fiber optic,Yes,Two year,Yes,Bank transfer (automatic),78,74428,668.2,1.3,7.8,No
7181-BQYBV,Female,No,1,Yes,Yes,Fiber optic,No,Month-to-month,No,Electronic check,31,44056,595.7,4.6,4.8,Yes
0362-RAOQO,Female,No,40,Yes,No,No,No internet service,Two year,Yes,,44,23716,477.7,2,8.9,No
9554-DFKIC,Male,No,30,Yes,No,DSL,No,Month-to-month,Yes,Bank transfer (automatic),41,82673,826.7,0.7,7.8,No
5527-ACHSO,Female,No,11,Yes,Yes,DSL,Yes,Month-to-month,No,Mailed check,75,112626,391.4,4.8,6.6,No
0829-DDVLK,Female,No,15,Yes,No,No,No internet service,One year,No,Credit card (automatic),55,70977,454.2,0.6,8.2,No
1399-UBQIU,Male,No,11,Yes,No,DSL,No,Month-to-month,Yes,Electronic check,18,47812,305.1,5.3,7.1,No
1813-JLKWR,Female,Yes,64,Yes,Yes,No,No internet service,One year,Yes,Bank transfer (automatic),64,71189,703.8,0.5,5.9,No
0336-PIKEI,Male,No,72,Yes,Yes,DSL,Yes,Two year,No,Bank transfer (automatic),58,45428,419.4,2,8.7,No
7322-OCWHC,Male,No,72,Yes,Yes,Fiber optic,Yes,Two year,Yes,Bank transfer (automatic),53,59841,235.8,0.2,7.7,No
9537-VHDTA,Female,No,1,Yes,Yes,DSL,No,Month-to-month,Yes,Mailed check,77,54086,567.7,9.3,6.8,No
4957-TIALW,Female,No,15,Yes,Yes,DSL,Yes,One year,No,Credit card (automatic),68,42876,595,0.8,9.2,No
2054-PJOCK,Female,No,60,Yes,No,DSL,Yes,One year,Yes,Credit card (automatic),45,61457,595.2,0.6,5.9,No
9150-HEPMB,Male,No,56,Yes,Yes,DSL,No,One year,No,Mailed check,81,66549,435.9,1.3,5.8,No
9030-QGZNL,Female,No,8,Yes,Yes,No,No internet service,Two year,No,Mailed check,83,32433,309.3,2.2,10,No
6204-IEUXJ,Female,No,3,Yes,No,Fiber optic,Yes,Month-to-month,Yes,Credit card (automatic),40,140774,151.3,1.5,7.2,Yes
3126-WQMGH,Female,No,49,Yes,Yes,DSL,No,Month-to-month,No,Credit card (automatic),52,75692,481.7,0,4.1,No
4529-CKBCL,Female,No,2,Yes,No,Fiber optic,No,Month-to-month,No,Electronic check,55,113129,358.9,4.7,4.7,Yes
2506-CLAKW,Female,Yes,6,Yes,No,Fiber optic,Yes,Month-to-month,Yes,Bank transfer (automatic),37,37354,623.1,1.6,6.7,Yes
7176-WRTNX,Male,No,70,Yes,No phone service,Fiber optic,Yes,Two year,Yes,Bank transfer (automatic),26,31873,525.8,0.3,8.2,No
1583-IHQZE,Male,Yes,12,Yes,No,Fiber optic,Yes,Month-to-month,No,Mailed check,43,50265,354.3,2.9,7.5,Yes
5732-IKGQH,Male,No,52,Yes,Yes,Fiber optic,Yes,One year,No,Bank transfer (automatic),31,41560,430.2,0.8,8.2,No
9239-GZHZE,Female,No,72,Yes,No,Fiber optic,Yes,Two year,Yes,Credit card (automatic),43,29756,780.2,0.2,8.4,No
7205-BAIAD,Female,No,40,Yes,No,No,No internet service,Two year,Yes,Bank transfer (automatic),53,57918,514.3,1.6,7.6,No
0151-ONTOV,Female,No,1,Yes,No,Fiber optic,No,Month-to-month,No,,44,49954,432.6,4.1,6.9,Yes
4140-MUHUG,Female,No,3,Yes,Yes,Fiber optic,No,Month-to-month,No,Electronic check,42,29240,676.2,7.9,4.3,Yes
0093-EXYQL,Female,No,40,Yes,No,Fiber optic,No,Month-to-month,No,Electronic check,40,45707,538,5.8,5.4,No
8064-RAVOH,Male,No,1,Yes,No,DSL,No,Month-to-month,Yes,Electronic check,27,92460,565.7,1.4,7.3,No
0219-QAERP,Male,No,30,Yes,Yes,No,No internet service,One year,No,Credit card (automatic),18,73380,413.1,0.7,6.8,No
0320-JDNQG,Male,No,23,Yes,Yes,Fiber optic,Yes,Month-to-month,Yes,Electronic check,52,139222,409.9,2.5,3.7,Yes
7180-PISOG,Male,No,1,Yes,No,Fiber optic,No,Month-to-month,Yes,Electronic check,45,36353,589.6,3.2,4.2,Yes
9168-INPSZ,Female,Yes,44,Yes,Yes,Fiber optic,Yes,Month-to-month,Yes,,63,27360,271.2,0,7.2,No
3571-RFHAR,Male,No,65,Yes,No,Fiber optic,Yes,Month-to-month,No,Electronic check,46,72594,482.2,4.9,4.1,Yes
0015-UOCOJ,Female,No,7,Yes,Yes,DSL,No,Month-to-month,No,Electronic check,47,37409,255.8,15.2,7,No
5334-AFQJB,Male,No,72,Yes,Yes,No,No internet service,Two year,Yes,Credit card (automatic),33,24733,614.2,3,7.3,No
2754-SDJRD,Female,No,8,Yes,Yes,Fiber optic,Yes,Month-to-month,Yes,Credit card (automatic),52,51070,817.8,1.8,9.8,No
9578-VRMNM,Female,No,16,Yes,No phone service,DSL,No,Month-to-month,Yes,Credit card (automatic),64,69579,843.4,4.1,6.4,Yes
1587-FKLZB,Male,No,66,Yes,Yes,Fiber optic,No,Month-to-month,No,Credit card (automatic),33,66930,437.5,2,3,Yes
6140-QNRQQ,Male,No,1,Yes,Yes,Fiber optic,No,Month-to-month,Yes,Mailed check,29,102704,27.6,2,6.7,Yes
8963-JLGJT,Male,No,3,Yes,Yes,DSL,No,Month-to-month,Yes,Mailed check,40,78040,228.1,0.2,9.1,No
4307-KTUMW,Male,No,53,Yes,Yes,Fiber optic,No,Month-to-month,No,Electronic check,65,57544,603.4,5.7,6.7,Yes
1465-LNTLJ,Male,Yes,8,Yes,No,DSL,Yes,Month-to-month,No,Credit card (automatic),53,66834,509.3,0,5.4,No
5440-FLBQG,Male,No,,Yes,Yes,Fiber optic,Yes,Two year,Yes,Bank transfer (automatic),60,95885,577.3,2.5,7.9,Yes
2135-DQWAQ,Female,No,,Yes,No phone service,Fiber optic,No,Month-to-month,No,Mailed check,22,82569,631.8,1.7,6.1,No
4056-QHXHZ,Female,Yes,,Yes,No,Fiber optic,Yes,Two year,Yes,Mailed check,57,107696,,0.8,8.4,No
7470-MCQTK,Female,Yes,13,No,Yes,DSL,No,Month-to-month,No,Bank transfer (automatic),41,59837,0,2.3,7.2,Yes
7488-MXJIV,Female,No,4,Yes,Yes,Fiber optic,No,Month-to-month,No,Electronic check,71,73825,143,8.7,6.7,Yes
7401-JIXNM,Female,No,54,Yes,Yes,DSL,Yes,Two year,No,Credit card (automatic),51,91946,574.1,0,6.7,No
9339-FIIJL,Male,No,72,Yes,No phone service,DSL,Yes,Two year,Yes,Bank transfer (automatic),81,46542,573.5,1.3,7.1,No
2027-FECZV,Male,No,12,Yes,No,Fiber optic,No,Month-to-month,Yes,Electronic check,29,56842,523.4,7,4.4,Yes
2672-DZUOY,Male,No,1,No,Yes,DSL,No,Month-to-month,No,Electronic check,36,39638,0,4.7,5.7,Yes
4706-DGAHW,Male,No,1,Yes,No,DSL,No,Month-to-month,Yes,Electronic check,36,89847,519.3,6.5,6.7,No
3870-MQAMG,Female,No,54,Yes,Yes,Fiber optic,Yes,One year,Yes,Electronic check,74,32497,244.3,3.9,6.7,Yes
6670-MFRPK,Male,No,69,Yes,Yes,Fiber optic,No,Two year,No,Credit card (automatic),63,35960,303.3,0.6,8.3,No
6177-PEVRA,Female,Yes,48,Yes,Yes,DSL,No,Two year,No,Credit card (automatic),25,81252,410.4,1.9,7.8,No
4800-CZMPC,Female,No,48,Yes,Yes,Fiber optic,No,One year,Yes,Credit card (automatic),49,72357,634.4,3.3,6.4,Yes
4813-HQMGZ,Female,No,8,Yes,No,Fiber optic,Yes,Month-to-month,No,Electronic check,18,50884,698.8,3.8,8.3,No
7579-KKLOE,Male,Yes,71,Yes,Yes,DSL,Yes,Two year,Yes,Mailed check,18,,857.7,4.4,8.5,No
7377-DMMRI,Male,No,2,Yes,No,DSL,No,Month-to-month,Yes,Electronic check,29,55538,421.8,7.4,7.8,Yes
8402-EIVQS,Male,Yes,67,Yes,No,Fiber optic,No,One year,Yes,Credit card (automatic),50,40942,574.2,0,6.2,No
4947-DSMXK,Male,No,34,Yes,Yes,Fiber optic,No,Month-to-month,Yes,Bank transfer (automatic),45,46949,592.5,0,6.8,No
7245-NIIWQ,Female,No,3,Yes,No,Fiber optic,No,Month-to-month,No,Electronic check,45,76919,246.7,5.9,4.5,No
0002-ORFBO,Female,No,9,Yes,Yes,DSL,Yes,One year,No,Mailed check,45,33243,402.6,1.1,7.1,No
3324-OIRTO,Male,No,71,Yes,Yes,Fiber optic,No,One year,Yes,Bank transfer (automatic),23,47900,267.8,1,6.6,No
5414-OFQCB,Male,No,57,Yes,Yes,Fiber optic,Yes,Two year,No,Credit card (automatic),26,47309,497.4,0.7,5.8,No
4967-WPNCF,Male,No,72,No,No,DSL,Yes,Two year,Yes,,56,36971,0,1.3,6.9,No
8552-OBVRU,Female,No,48,Yes,No,Fiber optic,Yes,Month-to-month,Yes,Electronic check,39,112294,461.3,6.2,6.3,No
8499-BRXTD,Male,No,18,Yes,No,No,No internet service,One year,Yes,Mailed check,42,57155,415.6,2.5,6.6,No
9154-QDGTH,Male,No,43,Yes,Yes,Fiber optic,Yes,One year,No,Credit card (automatic),76,,,0,8.6,No
8197-BFWVU,Female,No,72,Yes,No phone service,DSL,Yes,Two year,Yes,,32,78228,797.9,2.6,7.6,No
2577-GVSIL,Male,No,,Yes,Yes,DSL,Yes,One year,No,Bank transfer (automatic),20,69956,566.2,1.6,6.8,No
9367-OIUXP,Male,Yes,4,Yes,No,No,No internet service,Month-to-month,Yes,Mailed check,21,47396,401.6,5.8,6.1,No
6770-UAYGJ,Female,No,49,Yes,No,No,No internet service,Two year,No,Mailed check,44,86412,416.1,1.2,7.5,No
6463-HHXJR,Female,No,71,Yes,Yes,Fiber optic,No,Two year,Yes,Bank transfer (automatic),39,48824,619.5,1.1,6.2,No
7928-VJYAB,Male,No,11,Yes,No,Fiber optic,No,Month-to-month,Yes,,35,107722,539.6,1.1,4.9,No
1187-WILMM,Male,No,63,Yes,No,DSL,Yes,Two year,No,Credit card (automatic),52,83415,573.1,1.2,8.3,No
9776-OJUZI,Female,Yes,65,Yes,Yes,Fiber optic,No,Month-to-month,No,Bank transfer (automatic),24,82680,508.2,1.9,7.6,No
1306-RPWXZ,Female,No,,Yes,Yes,No,No internet service,Two year,No,Credit card (automatic),28,124453,282.5,2,8.3,No
8949-JTMAY,Female,No,29,Yes,No phone service,Fiber optic,No,Month-to-month,No,Credit card (automatic),63,53325,437.9,3.4,5.7,Yes
2774-LVQUS,Female,No,15,Yes,No,Fiber optic,Yes,Month-to-month,No,Electronic check,37,68293,719.9,2.7,6.1,Yes
3097-PYWXL,Female,No,4,Yes,No,No,No internet service,Month-to-month,Yes,Electronic check,48,37052,545.7,5.8,4.8,No
2266-SJNAT,Female,No,72,Yes,Yes,Fiber optic,Yes,One year,No,Credit card (automatic),46,44364,758,1,7.4,No
0869-PAPRP,Female,No,26,Yes,Yes,Fiber optic,No,Month-to-month,Yes,Credit card (automatic),43,25029,464.6,1.3,8.1,No
4238-JSSWH,Female,Yes,,Yes,No,Fiber optic,No,Month-to-month,Yes,Bank transfer (automatic),49,42408,687,2.6,5.6,No
2972-YDYUW,Female,No,57,Yes,Yes,Fiber optic,Yes,One year,No,Electronic check,48,50255,480.4,0.3,7.1,No
1104-FEJAM,Male,No,28,Yes,Yes,DSL,No,Month-to-month,No,Electronic check,,33310,693.9,4.5,8,No
2809-ILCYT,Female,No,25,Yes,No,No,No internet service,One year,No,Mailed check,58,60559,685.8,0.7,7.3,No
5499-ECUTN,Female,No,47,Yes,Yes,DSL,No,One year,Yes,Credit card (automatic),52,30410,488.2,1.5,7.5,No
4981-FLTMF,Female,No,57,Yes,No,DSL,Yes,Month-to-month,No,Bank transfer (automatic),40,45620,694.1,0.2,4.4,No
9121-PHQSR,Male,No,16,Yes,Yes,Fiber optic,No,Month-to-month,No,Credit card (automatic),42,105529,710,1.8,5.7,No
3113-IWHLC,Male,Yes,5,Yes,No,DSL,No,Month-to-month,No,Mailed check,26,69837,409.7,7.2,6.6,No
3211-ILJTT,Male,No,17,Yes,No,Fiber optic,No,Month-to-month,No,Bank transfer (automatic),48,75594,746.1,5.1,5,Yes
4612-THJBS,Female,No,56,Yes,No,Fiber optic,No,One year,No,Bank transfer (automatic),59,60364,648.8,4.1,7.1,Yes
4277-BWBML,Male,No,72,Yes,Yes,No,No internet service,Two year,Yes,Bank transfer (automatic),33,66298,549.2,1.2,8.5,No
4094-NSEDU,Female,No,21,Yes,No,Fiber optic,No,Month-to-month,No,Electronic check,53,47219,458.3,4.4,6.2,Yes
0234-TEVTT,Female,Yes,48,No,No,DSL,No,One year,Yes,Credit card (automatic),31,69946,0,1.1,8.3,No
4304-TSPVK,Female,Yes,68,Yes,No,Fiber optic,Yes,Two year,Yes,Bank transfer (automatic),52,125330,397.4,1.8,8.1,No
1552-AAGRX,Female,No,30,Yes,Yes,Fiber optic,Yes,Month-to-month,No,Bank transfer (automatic),51,75299,487.3,9.4,7.7,No
2637-FKFSY,Female,No,3,Yes,No,DSL,No,Month-to-month,No,Mailed check,48,68492,466.1,9.2,10,No
9796-MVYXX,Female,No,14,No,Yes,DSL,Yes,Two year,No,Mailed check,58,35427,0,0,7.8,No
7874-ECPQJ,Female,No,4,Yes,No,No,No internet service,Month-to-month,No,Bank transfer (automatic),64,63667,549.9,2.9,8,No
0020-INWCK,Female,No,71,Yes,No,Fiber optic,No,Two year,Yes,Credit card (automatic),49,29384,564.9,1.1,7.9,No
7089-RKVSZ,Male,No,8,Yes,Yes,No,No internet service,One year,Yes,Mailed check,80,94816,729.1,2.8,8.6,No
2683-JXWQQ,Male,No,61,No,No,DSL,No,Month-to-month,No,Bank transfer (automatic),51,50263,0,0.4,6.6,No
9548-ZMVTX,Male,No,72,Yes,Yes,Fiber optic,Yes,Two year,No,Bank transfer (automatic),74,96362,719.8,0.1,6.4,No
8739-XNIKG,Female,No,5,Yes,No,Fiber optic,No,Month-to-month,No,Electronic check,26,85345,722.1,7.4,8,No
9755-JHNMN,Female,No,49,Yes,No,DSL,Yes,Two year,Yes,Bank transfer (automatic),72,77996,360.6,1.8,7.3,No
3981-QSVQI,Male,Yes,8,Yes,Yes,No,No internet service,Month-to-month,No,Bank transfer (automatic),38,52644,588.6,2.7,6.1,No
2789-HQBOU,Male,No,3,Yes,No,Fiber optic,No,Month-to-month,No,Electronic check,62,40001,391.5,5,4.8,No
9424-CMPOG,Male,No,9,Yes,No,No,No internet service,Two year,Yes,Mailed check,49,52069,460.6,1.4,7.4,No
5067-WJEUN,Male,No,67,Yes,No phone service,DSL,No,Two year,No,,37,,433.9,4.1,9,No
3450-WXOAT,Male,No,46,Yes,Yes,DSL,No,Month-to-month,Yes,Credit card (automatic),68,40199,561.3,0.3,8.8,No
9251-WNSOD,Female,No,67,Yes,Yes,DSL,No,One year,Yes,Mailed check,21,218596,779.8,0,8.4,No
6974-DAFLI,Female,No,55,Yes,No,No,No internet service,One year,Yes,Electronic check,46,34887,508.1,4,6.1,No
2616-UUTFK,Male,No,33,Yes,No,DSL,No,Month-to-month,Yes,Bank transfer (automatic),87,102420,586.8,1,6.2,No
7064-JHXCE,Male,Yes,62,Yes,Yes,No,No internet service,Two year,No,Credit card (automatic),63,76072,584.1,1.4,,No
5103-MHMHY,Female,Yes,1,Yes,No,DSL,No,Month-to-month,Yes,Mailed check,23,40945,456.6,6.2,7.4,Yes
7989-AWGEH,Male,No,49,No,No,DSL,No,Month-to-month,No,Electronic check,41,42250,0,8.6,7.6,No
4373-VVHQL,Male,No,1,Yes,No,DSL,No,Month-to-month,Yes,Electronic check,81,62901,379.9,5.1,5.7,No
4559-UWIHT,Male,No,14,Yes,Yes,Fiber optic,No,Month-to-month,Yes,Electronic check,82,18000,574.9,2.3,7.6,No
7268-IGMFD,Male,No,18,Yes,No phone service,Fiber optic,Yes,Month-to-month,No,Bank transfer (automatic),18,52625,543.5,2.6,9.5,No
1846-XWOQN,Female,Yes,1,Yes,Yes,Fiber optic,No,Month-to-month,Yes,,23,45404,408,2.7,6,Yes
0235-KGSLC,Female,No,1,Yes,No,Fiber optic,No,Month-to-month,No,Credit card (automatic),47,55332,371.3,2.3,3.9,Yes
6650-BWFRT,Female,No,72,Yes,Yes,Fiber optic,Yes,Two year,Yes,Credit card (automatic),39,26167,399.7,0.8,7.9,No
9570-KYEUA,Male,No,64,Yes,Yes,Fiber optic,Yes,Two year,Yes,Credit card (automatic),65,35348,815.2,3.1,7.7,No
6993-YGFJV,Male,No,69,Yes,No,Fiber optic,Yes,Two year,Yes,Bank transfer (automatic),59,58892,683.4,0.9,6.5,No
2712-SYWAY,Female,No,1,Yes,No,No,No internet service,Month-to-month,Yes,Electronic check,46,47143,600.4,2.6,7.4,No
0730-BGQGF,Male,No,,Yes,No,DSL,Yes,Two year,Yes,Credit card (automatic),49,47009,713.9,1.4,7.6,No
5498-IBWPI,Female,No,66,Yes,Yes,DSL,Yes,One year,Yes,Credit card (automatic),37,88853,429,2.1,6.9,No
9101-NTIXF,Male,No,2,Yes,Yes,No,No internet service,Month-to-month,No,Mailed check,31,61562,463.3,7.4,7,No
0013-SMEOE,Female,No,71,Yes,Yes,Fiber optic,Yes,Two year,Yes,Bank transfer (automatic),85,52645,451.5,1,7.3,No
9314-QDMDW,Male,No,11,Yes,Yes,DSL,No,One year,Yes,Electronic check,60,48589,417.3,2.8,8.2,No
9308-ANMVE,Male,No,47,Yes,Yes,DSL,No,Month-to-month,No,Electronic check,74,54456,406.6,2.1,7,No
2884-GBPFB,Female,Yes,35,Yes,No,Fiber optic,No,Month-to-month,No,Electronic check,42,31750,666.2,3.3,5.3,Yes
3757-NJYBX,Male,No,32,Yes,No,Fiber optic,No,Month-to-month,No,,45,68180,683.1,6.1,4.9,Yes
3413-DHLPB,Male,No,60,Yes,Yes,Fiber optic,Yes,Month-to-month,Yes,Bank transfer (automatic),38,32479,870.8,0.8,8.1,No
7649-PHJVR,Male,No,11,Yes,Yes,No,No internet service,One year,No,Mailed check,81,69445,539.6,0.8,7.5,No
6114-TCFID,Female,No,29,No,Yes,DSL,Yes,One year,Yes,Credit card (automatic),81,52933,0,0.4,8.4,No
3787-TRIAL,Male,No,21,No,Yes,DSL,No,Month-to-month,Yes,Electronic check,20,46617,0,10.3,8,No
2573-GYRUU,Male,No,48,Yes,No phone service,Fiber optic,No,Month-to-month,No,Credit card (automatic),37,71831,559.2,0.9,5.8,No
5156-UMKOW,Female,No,3,No,No,DSL,No,Month-to-month,Yes,Mailed check,32,37832,0,3.3,7.8,No
1247-QBVSH,Female,No,43,Yes,Yes,DSL,No,Month-to-month,No,Mailed check,27,74320,432.7,2.7,6,No
6734-GMPVK,Male,No,5,Yes,No phone service,Fiber optic,No,Month-to-month,Yes,Electronic check,67,82066,615,7.7,6.5,No
9822-OAOVB,Female,No,1,Yes,No,DSL,No,Month-to-month,No,Electronic check,33,38212,601.1,3.5,7.2,No
6161-ERDGD,Male,Yes,,Yes,No,DSL,Yes,One year,Yes,Electronic check,57,72248,664.2,4.9,8.2,No
1226-JZNKR,Female,Yes,8,Yes,No,No,No internet service,One year,Yes,Electronic check,27,68277,396.8,1.8,5.9,No
7318-EIVKO,Male,No,8,Yes,Yes,DSL,No,Month-to-month,No,Electronic check,41,65558,313,2.7,7.3,No
3771-PZOBW,Male,No,20,Yes,No phone service,Fiber optic,No,Month-to-month,No,Credit card (automatic),35,41307,756,5.3,6.7,No
5136-KCKGI,Female,No,33,Yes,Yes,Fiber optic,No,One year,No,Mailed check,40,89570,399.7,7.1,6.5,Yes
8231-BSWXX,Male,Yes,71,Yes,Yes,Fiber optic,No,One year,No,Credit card (automatic),55,51937,247,1.6,6.8,No
6486-LHTMA,Female,No,31,Yes,No,Fiber optic,No,One year,No,Electronic check,29,87141,478.3,2.7,6.6,No
4083-BFNYK,Female,No,38,Yes,No,Fiber optic,No,One year,No,Credit card (automatic),56,55042,513.3,0.4,5.9,No
3722-WPXTK,Male,No,1,Yes,No,Fiber optic,No,Month-to-month,Yes,Electronic check,37,62873,389,6.9,4.8,Yes
7389-KBFIT,Female,No,2,No,Yes,DSL,No,Month-to-month,Yes,Mailed check,74,32744,0,2.6,7.6,No
7176-WIONM,Female,No,12,No,Yes,DSL,No,Month-to-month,No,,45,52272,0,1.2,6.3,No
5141-ZUVBH,Female,No,9,Yes,Yes,Fiber optic,Yes,Month-to-month,Yes,Bank transfer (automatic),25,84578,54.4,1,8.3,No
1089-HDMKP,Male,No,11,Yes,No,DSL,Yes,Month-to-month,No,Electronic check,41,41793,374.3,2,6.6,No
7623-HKYRK,Male,No,6,Yes,No,No,No internet service,Month-to-month,No,Mailed check,33,46014,582.2,1.8,7.8,No
0310-SUCIN,Female,No,71,Yes,No,DSL,Yes,One year,No,Bank transfer (automatic),40,94398,,1.9,8.5,No
5197-PYEPU,Female,No,42,Yes,Yes,Fiber optic,No,One year,Yes,Credit card (automatic),73,42299,590,1.4,8.7,No
2929-ERCFZ,Female,No,8,Yes,Yes,Fiber optic,No,Month-to-month,No,Electronic check,35,41597,485.7,3.7,6.2,Yes
7548-SEPYI,Female,No,5,Yes,No,Fiber optic,No,Month-to-month,No,,53,95509,350.4,6.7,4.9,Yes
8835-VSDSE,Female,Yes,2,Yes,No,Fiber optic,No,Month-to-month,No,Electronic check,49,103888,561.2,6.8,5.1,Yes
6619-RPLQZ,Female,No,45,Yes,Yes,No,No internet service,Two year,Yes,Mailed check,41,72960,561.8,0.5,6.3,No
3275-RHRNE,Male,No,28,No,Yes,DSL,Yes,One year,No,Credit card (automatic),29,44433,0,0.8,6.5,No
3503-TYDAY,Female,Yes,43,Yes,No,Fiber optic,No,Month-to-month,Yes,Electronic check,56,66470,479.3,2.4,7,No
6901-GOGZG,Male,No,60,Yes,Yes,DSL,Yes,Two year,Yes,Electronic check,73,112167,683,2.4,8.2,No
1623-NLDOT,Female,No,42,No,No,DSL,Yes,One year,No,Mailed check,81,44923,0,3.8,7.1,Yes
7021-XSNYE,Male,No,7,No,No,DSL,Yes,Two year,Yes,Credit card (automatic),62,59087,0,2.8,8.5,No
9621-OUPYD,Female,No,25,Yes,Yes,No,No internet service,One year,No,Bank transfer (automatic),46,24190,706.7,1,6,No
9898-KZQDZ,Female,No,,Yes,No,Fiber optic,No,Month-to-month,No,Credit card (automatic),30,69957,704.7,4.8,5.1,Yes
8982-NHAVY,Male,No,27,Yes,No,Fiber optic,No,One year,No,Bank transfer (automatic),59,35204,586.7,0.5,8.6,No
4307-KWMXE,Male,No,10,No,Yes,DSL,Yes,Month-to-month,No,Electronic check,38,,0,2.7,6,No
0141-YEAYS,Female,No,27,Yes,Yes,Fiber optic,No,Month-to-month,Yes,Bank transfer (automatic),45,60426,447.6,0.9,6.4,No
2450-ZKEED,Female,No,11,Yes,No,DSL,Yes,One year,Yes,Bank transfer (automatic),39,90255,732.4,1.7,9.6,No
3694-DELSO,Male,No,4,No,Yes,DSL,No,Month-to-month,No,Credit card (automatic),70,96942,0,0.9,8.5,No
3893-JRNFS,Male,No,68,No,No phone service,DSL,No,Month-to-month,Yes,Bank transfer (automatic),73,57300,0,1.8,6.2,No
9603-OAIHC,Male,Yes,1,Yes,No,Fiber optic,No,Month-to-month,No,Electronic check,45,22176,705.1,2,5.9,No
1133-KXCGE,Female,No,18,Yes,No,No,No internet service,One year,Yes,Mailed check,30,44349,460.3,0.1,6.8,No
5236-PERKL,Female,No,57,Yes,No,Fiber optic,No,Two year,No,Bank transfer (automatic),31,49491,447.4,1.1,7.1,Yes
0142-GVYSN,Male,No,26,Yes,No,No,No internet service,Month-to-month,Yes,Electronic check,35,51386,600.9,0.7,7,No
1049-FYSYG,Female,Yes,17,No,Yes,DSL,No,Month-to-month,No,Credit card (automatic),54,73646,0,0.8,8.2,No
7854-FOKSF,Male,No,1,No,Yes,DSL,No,Month-to-month,No,Electronic check,44,48577,0,4.6,6.8,Yes
2519-FAKOD,Male,No,38,Yes,Yes,Fiber optic,No,Month-to-month,No,Bank transfer (automatic),24,47213,848.2,5.2,4.5,Yes
8406-LNMHF,Male,No,59,Yes,No,Fiber optic,No,One year,Yes,Credit card (automatic),31,38835,488.2,3.8,9,No
1821-BUCWY,Male,No,30,Yes,No,DSL,No,Two year,No,Mailed check,37,88751,482.1,1.6,9.1,No
8263-JQAIK,Male,No,2,No,No,DSL,No,Month-to-month,No,Mailed check,37,32992,0,10.6,5.8,Yes
0023-UYUPN,Female,No,50,Yes,Yes,No,No internet service,One year,Yes,Electronic check,78,57540,739.2,5.4,7.5,No
8314-DPQHL,Male,No,9,No,No,DSL,Yes,One year,No,Mailed check,49,51433,0,3.1,8.2,No
1465-WCZVT,Female,No,3,Yes,Yes,No,No internet service,Month-to-month,No,Mailed check,45,73188,494.5,5,7.5,No
9481-SFCQY,Female,No,14,Yes,No,DSL,No,Month-to-month,No,Credit card (automatic),47,109884,414.9,0.9,5.1,No
6360-SVNWV,Female,No,31,Yes,Yes,Fiber optic,No,Month-to-month,No,Credit card (automatic),59,118215,221.4,3.5,7.1,No
0567-GGCAC,Female,No,7,Yes,No,DSL,No,Month-to-month,Yes,Electronic check,45,34608,472.1,1.1,6.6,No
7089-IVVAZ,Female,No,8,Yes,Yes,Fiber optic,Yes,Month-to-month,Yes,Bank transfer (automatic),43,20852,582.5,3.8,7.4,Yes
8884-MRNSU,Male,Yes,17,Yes,No,No,No internet service,One year,No,Bank transfer (automatic),80,53586,143.2,1,6.6,No
2171-UDMFD,Male,No,32,Yes,Yes,No,No internet service,Month-to-month,Yes,Credit card (automatic),69,67998,557.9,2.1,5.1,No
9050-IKDZA,Female,No,2,Yes,Yes,Fiber optic,No,Month-to-month,No,Mailed check,46,63941,77.1,3.3,5.3,No
2205-YMZZJ,Male,No,7,Yes,No,Fiber optic,No,Month-to-month,Yes,Electronic check,51,42142,584.4,2.7,6.9,Yes
9802-CAQUT,Female,No,72,Yes,No,Fiber optic,No,Two year,No,Credit card (automatic),38,122184,612.1,2,6.9,No
1254-IZEYF,Female,No,31,Yes,No phone service,Fiber optic,No,Month-to-month,No,Electronic check,43,54493,341.7,10,6,Yes
0187-WZNAB,Female,No,27,Yes,No,Fiber optic,No,Month-to-month,Yes,Mailed check,80,29919,684.4,7.5,4.8,No
9492-TOKRI,Female,No,18,Yes,Yes,Fiber optic,No,Month-to-month,Yes,Credit card (automatic),39,45790,405.7,1.4,6,Yes
1475-VWVDO,Male,No,7,Yes,No phone service,Fiber optic,No,Month-to-month,Yes,,38,93294,597.5,1,5.4,No
9221-OTIVJ,Female,No,,Yes,Yes,Fiber optic,No,Month-to-month,No,Electronic check,71,39273,704.5,7.9,4,Yes
1357-MVDOZ,Male,No,11,Yes,Yes,DSL,No,Month-to-month,No,Bank transfer (automatic),70,77826,363.2,7.2,7.5,No
7602-MVRMB,Female,No,72,Yes,Yes,Fiber optic,Yes,Two year,No,Bank transfer (automatic),72,46225,671,0,9.7,No
3325-FUYCG,Male,No,28,Yes,Yes,Fiber optic,No,One year,Yes,Electronic check,22,20258,465.6,14.4,4.5,Yes
5908-QMGOE,Male,No,15,Yes,Yes,Fiber optic,No,Month-to-month,Yes,Credit card (automatic),43,61184,993.6,1.6,6,Yes
1197-BVMVG,Female,No,4,Yes,No,Fiber optic,No,Month-to-month,Yes,Electronic check,21,62898,693.7,1.6,6.8,No
5406-KGRMX,Female,No,71,Yes,No,No,No internet service,Two year,Yes,Electronic check,49,47136,596.5,1.6,7.5,No
8481-YYXWG,Female,No,5,Yes,No,Fiber optic,Yes,Month-to-month,Yes,Electronic check,45,35165,351.4,3,6.7,Yes
5968-HYJRZ,Male,No,47,Yes,No phone service,No,No internet service,Two year,No,Mailed check,66,43788,691.4,0.9,5.5,No
5198-EFNBM,Male,No,57,Yes,No phone service,Fiber optic,No,One year,No,Electronic check,43,43042,396.8,4.4,7.5,No
7516-GMHUV,Male,No,50,Yes,No phone service,Fiber optic,No,Two year,Yes,Credit card (automatic),24,19041,727.4,0.7,10,No
7140-ADSMJ,Male,Yes,8,Yes,Yes,No,No internet service,Month-to-month,No,Credit card (automatic),84,73869,649.7,0.7,8,No
2230-XTUWL,Female,No,48,Yes,Yes,No,No internet service,Two year,Yes,Mailed check,76,73318,743.1,0.7,8.5,No
7706-YLMQA,Female,No,70,Yes,No phone service,No,No internet service,One year,Yes,Bank transfer (automatic),77,76332,278.8,2.2,9.3,No
2585-KTFRE,Male,No,1,Yes,Yes,DSL,Yes,Month-to-month,No,Bank transfer (automatic),29,42925,528.2,4.3,7.3,No
7994-UYIVZ,Male,No,8,Yes,Yes,Fiber optic,No,Month-to-month,No,Bank transfer (automatic),18,42920,520.8,5.8,6.5,No
2609-IAICY,Female,No,1,Yes,No,Fiber optic,No,Month-to-month,Yes,Electronic check,31,93860,651.5,6.3,6.3,Yes
1740-CSDJP,Male,No,1,No,No,DSL,No,Month-to-month,Yes,Bank transfer (automatic),54,41315,0,1.8,6.5,Yes
7717-BICXI,Male,No,60,Yes,Yes,No,No internet service,Two year,Yes,Mailed check,50,88468,139,2.4,8.5,No
6559-RAKOZ,Male,No,,Yes,No,Fiber optic,Yes,One year,Yes,Electronic check,82,42603,647.3,3.9,7.1,No
2636-OHFMN,Male,Yes,4,No,Yes,DSL,No,Month-to-month,No,Electronic check,44,46373,0,7.4,4.2,Yes
4716-MRVEN,Female,No,29,Yes,No,No,No internet service,One year,No,Mailed check,46,27451,334.4,1.9,7.9,No
2143-LJULT,Female,No,67,Yes,No,No,No internet service,Two year,No,Credit card (automatic),29,62489,669.2,1.2,6.7,No
1323-OOEPC,Female,No,53,Yes,Yes,Fiber optic,No,Month-to-month,No,Credit card (automatic),73,78220,486.6,,5.5,Yes
3200-MNQTF,Male,Yes,67,Yes,No,DSL,Yes,Two year,No,Credit card (automatic),28,37921,529.9,3.6,7,No
6164-HXUGH,Female,No,6,Yes,Yes,No,No internet service,Month-to-month,Yes,Mailed check,70,47845,544.3,4.8,9.7,No
5630-IXDXV,Female,No,47,Yes,No phone service,Fiber optic,No,Month-to-month,Yes,Electronic check,34,62964,448.6,3.2,7.1,No
0320-DWVTU,Female,No,53,Yes,No,Fiber optic,Yes,Two year,Yes,Mailed check,46,63337,383.4,3.4,9,No
9135-MGVPY,Male,No,69,Yes,No,DSL,Yes,Two year,No,Mailed check,58,61079,565.4,4.3,7.7,No
1212-GLHMD,Male,No,3,Yes,No,Fiber optic,No,Month-to-month,Yes,Mailed check,68,18000,605.8,0.7,6.3,No
7878-JGDKK,Male,No,4,Yes,Yes,DSL,No,Month-to-month,Yes,Mailed check,32,26559,199,0.8,5.3,No
1088-AUUZZ,Male,No,56,Yes,Yes,DSL,Yes,Two year,Yes,Credit card (automatic),45,55496,444.1,1.2,7.9,No
0397-GZBBC,Male,No,59,Yes,No,Fiber optic,No,Month-to-month,No,Bank transfer (automatic),30,63394,545.8,4.8,4.4,Yes
6614-YWYSC,Male,No,61,Yes,No,No,No internet service,Two year,No,Bank transfer (automatic),36,30331,807.9,3.1,,No
9588-OZDMQ,Female,Yes,2,Yes,Yes,DSL,No,Month-to-month,Yes,Electronic check,88,37919,418.2,9.2,,No
7641-EUYET,Male,No,46,Yes,Yes,Fiber optic,No,Month-to-month,Yes,Electronic check,41,39955,710.1,13.9,6.8,Yes
6476-EPYZR,Male,No,12,Yes,Yes,No,No internet service,Month-to-month,No,Mailed check,52,105434,583.1,0.7,5.1,No
9921-ZVRHG,Female,No,14,Yes,Yes,Fiber optic,No,Month-to-month,Yes,,31,150410,519.2,1.8,4.9,Yes
1174-FGIFN,Female,No,28,Yes,No,Fiber optic,Yes,One year,No,Electronic check,44,37431,445.2,6,7.9,No
6620-HVDUJ,Male,No,24,Yes,No,DSL,Yes,Month-to-month,Yes,Bank transfer (automatic),34,27017,348.3,2.6,7.5,No
4701-MLJPN,Male,No,31,Yes,Yes,DSL,Yes,Month-to-month,Yes,Electronic check,42,33716,618.1,,6,Yes
1032-MAELW,Female,Yes,68,Yes,No phone service,DSL,Yes,One year,Yes,Electronic check,47,54478,672.1,7.1,9.6,No
7641-TQFHN,Male,No,39,Yes,No,Fiber optic,Yes,Two year,Yes,Mailed check,37,58915,810.9,0.3,6.4,No
1552-TKMXS,Female,No,42,Yes,Yes,No,No internet service,Month-to-month,No,Credit card (automatic),67,68690,323,2.4,6.7,No
9206-GVPEQ,Male,No,13,No,Yes,DSL,Yes,Month-to-month,No,Electronic check,47,98177,0,5.9,8.9,Yes
8622-ZLFKO,Female,No,6,Yes,Yes,Fiber optic,No,Month-to-month,No,Electronic check,76,112055,736.1,1.1,6.9,No
1596-BBVTG,Male,No,35,Yes,No,Fiber optic,No,Month-to-month,Yes,Credit card (automatic),45,71427,680.6,4.2,4.8,Yes
6188-UXBBR,Female,No,38,Yes,Yes,No,No internet service,One year,Yes,Credit card (automatic),36,26542,320.7,3.8,6.9,No
2333-KWEWW,Male,No,18,Yes,No,No,No internet service,Two year,No,Credit card (automatic),,85641,714.3,0.6,7.2,No
5702-SKUOB,Female,No,4,Yes,No,No,No internet service,Month-to-month,Yes,Mailed check,43,90264,391.3,3.2,4.7,No
1134-YWTYF,Male,No,27,Yes,Yes,DSL,Yes,Month-to-month,Yes,Electronic check,65,125217,659.1,5.5,6.8,No
6061-GWWAV,Male,No,41,Yes,No,DSL,No,One year,Yes,Mailed check,71,57121,307.2,1,6.1,No
0679-TDGAK,Male,No,50,Yes,No,DSL,Yes,One year,Yes,Electronic check,41,27704,414.3,12.6,9.9,No
6585-WCEWR,Male,Yes,72,Yes,No,No,No internet service,Two year,Yes,Electronic check,48,33120,507.1,13.4,6.6,No
9067-YGSCA,Female,No,70,Yes,No,No,No internet service,One year,Yes,Credit card (automatic),82,59947,621.2,4.3,8.2,No
9067-SQTNS,Male,No,44,Yes,No,No,No internet service,One year,No,Bank transfer (automatic),78,32090,193.6,1.1,6.8,No
8433-WXGNA,Male,No,2,Yes,No,Fiber optic,No,Month-to-month,Yes,Electronic check,47,42048,303.1,4.3,4.1,Yes
1776-SPBWV,Female,No,34,Yes,No,No,No internet service,One year,No,Bank transfer (automatic),63,73214,596,1.8,6.9,No
8735-SDUFN,Female,Yes,72,Yes,No phone service,No,No internet service,Two year,No,Bank transfer (automatic),43,39918,771.8,2.1,5.8,No
9668-PUGNU,Male,No,71,Yes,Yes,No,No internet service,Two year,Yes,Electronic check,40,72361,733.6,0.1,8.5,No
9405-GPBBG,Female,No,64,Yes,No,Fiber optic,Yes,Two year,Yes,Credit card (automatic),34,18000,497.9,0.6,5.2,No
1926-QUZNN,Female,No,72,Yes,No,No,No internet service,Two year,Yes,Bank transfer (automatic),39,27350,531.6,0.6,7.5,No
3707-GNWHM,Male,No,1,Yes,No,Fiber optic,No,Month-to-month,No,Mailed check,50,56120,632.1,3.5,3.1,Yes
7016-NVRIC,Male,Yes,29,Yes,No,Fiber optic,No,One year,Yes,Bank transfer (automatic),33,56601,288.4,5,8.1,No
5829-NVSQN,Female,Yes,,Yes,Yes,DSL,Yes,One year,No,Bank transfer (automatic),34,67050,530.5,0,7.5,No
9565-AXSMR,Male,No,52,Yes,Yes,No,No internet service,Two year,No,Mailed check,44,69222,624.6,1.4,7.4,No
8922-LIEGH,Female,No,25,Yes,Yes,Fiber optic,No,Month-to-month,Yes,Electronic check,61,35701,747.8,,5.7,Yes
8869-LIHMK,Female,No,64,Yes,Yes,Fiber optic,Yes,Two year,Yes,Bank transfer (automatic),52,62297,447.9,0.8,7.4,No
8245-UMPYT,Female,No,16,Yes,Yes,Fiber optic,No,Month-to-month,Yes,Electronic check,86,40446,723.5,1.6,4.5,Yes
5186-SAMNZ,Male,No,1,Yes,Yes,Fiber optic,No,Month-to-month,No,Bank transfer (automatic),88,112084,52.9,3.7,4.7,Yes
0447-RXSGD,Male,Yes,24,Yes,Yes,Fiber optic,No,Month-to-month,No,Bank transfer (automatic),76,50108,687.1,3.1,6.2,No
4927-WWOOZ,Male,No,2,Yes,No,Fiber optic,No,Month-to-month,No,Electronic check,52,22756,947.8,1.6,4.5,No
5788-YPOEG,Female,No,34,Yes,No,DSL,Yes,Two year,Yes,Mailed check,39,64537,309.1,2.8,6.3,No
5373-SFODM,Male,No,,Yes,No,Fiber optic,No,Month-to-month,No,Credit card (automatic),64,66501,781.6,7.1,5,Yes
0661-KBKPA,Male,No,53,Yes,No,DSL,Yes,One year,No,Mailed check,41,43076,511.4,1,7.4,No
9081-WWXKP,Female,No,47,Yes,No,No,No internet service,Two year,Yes,Credit card (automatic),47,106910,239.5,0,5.9,No
0784-ZQJZX,Male,No,72,Yes,No,No,No internet service,Two year,No,Credit card (automatic),80,33686,510.1,1.3,9.1,No
3133-PZNSR,Male,No,72,Yes,Yes,Fiber optic,Yes,Two year,Yes,Credit card (automatic),35,63315,841.3,3.4,7.5,No
5766-ZJYBB,Male,No,1,Yes,Yes,No,No internet service,Month-to-month,Yes,Mailed check,21,48440,498.8,3.1,4.6,Yes
8931-GJJIQ,Female,No,,Yes,Yes,Fiber optic,No,Month-to-month,No,Electronic check,40,80314,719,5.5,4.6,Yes
4277-PVRAN,Female,No,8,Yes,No phone service,Fiber optic,No,Month-to-month,No,Bank transfer (automatic),31,53546,402.4,2.9,6.5,Yes
0022-TCJCI,Male,No,45,Yes,No,DSL,No,One year,Yes,Credit card (automatic),50,146648,430.1,1.9,9.1,Yes
0722-SVSFK,Female,No,7,Yes,No,Fiber optic,Yes,Month-to-month,Yes,Electronic check,33,21534,324.8,1.2,9.1,No
3612-YVGSJ,Female,No,71,Yes,Yes,No,No internet service,Two year,Yes,Credit card (automatic),86,52645,381.9,1.8,7.8,No
9825-YCXWZ,Female,No,41,Yes,No,Fiber optic,Yes,One year,Yes,Bank transfer (automatic),74,87199,191.8,1,8.9,No
5397-NSKQG,Male,No,67,No,No phone service,DSL,No,Two year,Yes,Credit card (automatic),37,41139,0,0.6,6.8,No
8565-HBFNN,Male,Yes,69,Yes,No,Fiber optic,Yes,One year,Yes,Credit card (automatic),36,34043,611.7,0.8,8.2,No
2000-DHJUY,Female,No,70,Yes,Yes,DSL,Yes,Two year,No,Bank transfer (automatic),38,48948,724,1,6.7,No
0203-HHYIJ,Male,No,,Yes,Yes,No,No internet service,One year,No,Bank transfer (automatic),72,40650,635.4,1.9,5.8,Yes
8670-ERCJH,Male,No,72,Yes,Yes,Fiber optic,Yes,Two year,No,Bank transfer (automatic),53,58733,327.3,1.1,7.6,No
7758-UJWYS,Male,No,34,No,No,DSL,Yes,Two year,Yes,Electronic check,36,53624,0,3,9.3,No
2050-ONYDQ,Female,No,65,Yes,Yes,No,No internet service,Two year,Yes,Credit card (automatic),72,33410,747.1,0,7.7,No
7055-JCGNI,Female,No,70,Yes,No,Fiber optic,Yes,Two year,Yes,,59,90877,765,2.9,8.6,No
0739-UUAJR,Female,No,72,No,Yes,DSL,No,Two year,Yes,Credit card (automatic),35,41168,0,1.3,7.6,No
4826-DXMUP,Male,Yes,,Yes,Yes,DSL,Yes,One year,No,Mailed check,65,81929,543.1,1.2,7.4,No
0952-KMEEH,Male,No,13,Yes,Yes,Fiber optic,No,Month-to-month,No,Mailed check,47,47382,586.3,4.8,7.2,Yes
7285-KLOTR,Female,Yes,12,Yes,No,DSL,No,One year,Yes,Electronic check,36,39597,900.3,2.5,7.8,No
0654-PQKDW,Female,No,62,Yes,Yes,DSL,Yes,One year,Yes,Bank transfer (automatic),41,20155,374,0.6,8.6,No
7175-NTIXE,Female,Yes,25,Yes,No,DSL,Yes,Month-to-month,Yes,Credit card (automatic),43,55699,449.6,0.4,5.9,No
7963-SHNDT,Female,No,,No,Yes,DSL,Yes,Two year,Yes,Mailed check,63,41784,0,4.1,8,No
9796-BPKIW,Male,No,8,Yes,Yes,Fiber optic,No,Month-to-month,Yes,Credit card (automatic),52,104313,852.9,0.9,8.3,No
0188-GWFLE,Male,Yes,2,Yes,No phone service,No,No internet service,Month-to-month,No,Mailed check,54,35127,643.3,6.9,7.4,No
8129-GMVGI,Female,No,56,Yes,Yes,No,No internet service,Two year,Yes,Mailed check,36,47479,697.5,2.3,7.7,No
2882-DDZPG,Female,No,12,Yes,Yes,No,No internet service,Month-to-month,No,,18,84408,514.2,1.9,6.8,No
3547-LQRIK,Female,Yes,47,Yes,Yes,No,No internet service,One year,Yes,Electronic check,74,55836,580.3,1.7,7.2,No
9137-NOQKA,Male,No,2,Yes,No phone service,No,No internet service,Month-to-month,Yes,Electronic check,32,79493,717.5,2.5,7.9,No
5843-TTHGI,Female,No,18,Yes,No,DSL,No,Month-to-month,No,Mailed check,29,118531,434.2,5.8,7,No
1849-RJYIG,Female,Yes,8,Yes,Yes,DSL,No,Month-to-month,Yes,Electronic check,33,72688,426.4,5.5,7.8,No
8868-GAGIO,Male,No,45,Yes,No,Fiber optic,No,Month-to-month,Yes,Mailed check,18,46903,308.6,2.4,6.6,No
4061-UKJWL,Male,No,3,Yes,Yes,DSL,No,Month-to-month,Yes,Mailed check,45,48756,275.7,2,6.3,No
5380-XPJNZ,Female,No,38,Yes,Yes,No,No internet service,One year,Yes,Mailed check,55,49101,595,1.7,6.8,No
8263-QMNTJ,Male,No,72,Yes,No,Fiber optic,Yes,Two year,Yes,Electronic check,82,18000,588.9,4.4,7.2,No
8178-EYZUO,Male,No,46,Yes,Yes,Fiber optic,No,Month-to-month,No,Electronic check,21,62735,523.2,2.4,5,Yes
3230-JCNZS,Female,No,71,Yes,No phone service,Fiber optic,No,Two year,Yes,Credit card (automatic),26,50531,622.7,,7.9,No
0277-ORXQS,Male,No,66,No,Yes,DSL,Yes,Two year,Yes,Bank transfer (automatic),38,40513,0,0.4,8.6,No
5130-IEKQT,Male,No,25,Yes,Yes,Fiber optic,No,Month-to-month,No,Mailed check,65,96824,758.4,4.2,6.2,Yes
3230-WYKIR,Male,No,18,Yes,Yes,DSL,Yes,One year,Yes,Credit card (automatic),65,53104,637.9,3.8,5.8,Yes
7996-BPXHY,Female,Yes,13,Yes,No,No,No internet service,Two year,Yes,Bank transfer (automatic),33,55833,644.6,0.8,8.3,No
3227-WLKLI,Female,Yes,65,Yes,Yes,DSL,Yes,Two year,No,Bank transfer (automatic),44,18270,554.5,1,7.2,No
0407-BDJKB,Male,No,60,Yes,No,Fiber optic,No,Month-to-month,Yes,Electronic check,33,89772,250.2,8,,Yes
2266-FUBDZ,Male,No,15,Yes,No phone service,No,No internet service,Two year,Yes,Mailed check,75,59189,616.1,1.7,9,No
8237-ULIXL,Female,No,72,Yes,No,No,No internet service,Two year,No,Credit card (automatic),33,35252,477.2,3,6.3,No
9600-UDOPK,Male,No,30,Yes,No,Fiber optic,No,Month-to-month,Yes,Credit card (automatic),27,50417,418,2,6.5,Yes
8216-AZUUZ,Female,No,42,Yes,No,Fiber optic,Yes,Two year,No,Electronic check,80,149005,346.8,2.6,7.1,No
9153-BTBVV,Female,No,71,Yes,Yes,No,No internet service,Two year,No,Bank transfer (automatic),54,26174,626.6,0,5.2,No
4074-SJFFA,Female,Yes,1,Yes,Yes,DSL,No,Month-to-month,No,Mailed check,78,79657,617.6,4,5.3,Yes
3269-ATYWD,Male,Yes,39,Yes,No phone service,Fiber optic,No,Month-to-month,No,Bank transfer (automatic),47,34864,460.5,1.5,6.5,Yes
5186-PEIZU,Female,No,35,Yes,Yes,No,No internet service,Month-to-month,No,Bank transfer (automatic),46,75469,186,1,5.1,No
1074-AMIOH,Female,No,53,Yes,No,Fiber optic,Yes,Month-to-month,No,Bank transfer (automatic),49,64023,442.6,1.6,6.8,No
4910-GMJOT,Female,No,1,Yes,No,Fiber optic,No,Month-to-month,No,Electronic check,48,71757,513.7,4.1,5.2,Yes
0354-WYROK,Female,No,31,Yes,Yes,Fiber optic,Yes,Month-to-month,Yes,,39,43345,634.2,8.1,8.5,Yes
4361-FEBGN,Male,Yes,48,Yes,Yes,No,No internet service,Two year,Yes,Credit card (automatic),71,31013,610.3,0,7,No
7748-UMTRK,Female,No,30,Yes,No,Fiber optic,Yes,Month-to-month,Yes,Electronic check,,52173,733.7,3.3,6.6,No
0380-ZCSBI,Male,No,10,Yes,No,No,No internet service,Month-to-month,No,,19,37643,412.9,1.3,4.7,No
7145-FEJWU,Female,No,12,Yes,Yes,Fiber optic,No,Month-to-month,Yes,Electronic check,54,53433,668.7,1.6,6.6,No
6463-MVYRY,Female,No,57,Yes,No,DSL,Yes,Two year,Yes,Bank transfer (automatic),44,82643,155.2,3.5,7.9,No
3969-JQABI,Female,No,58,Yes,No,DSL,No,Month-to-month,No,Credit card (automatic),26,79330,627.7,5.3,7.3,No
9624-EGDEQ,Female,Yes,37,Yes,Yes,No,No internet service,Two year,Yes,Mailed check,37,40618,287.7,2.6,7.1,No
1051-EQPZR,Female,Yes,44,Yes,No,No,No internet service,Month-to-month,No,,28,41676,435.6,1.3,8.1,No
5849-ASHZJ,Male,No,27,Yes,Yes,No,No internet service,One year,Yes,Credit card (automatic),44,125888,867.9,0.3,7.1,No
5780-INQIK,Female,Yes,8,Yes,No,DSL,Yes,Month-to-month,Yes,Electronic check,60,74836,455.5,0.4,10,No
7576-OYWBN,Male,No,3,Yes,Yes,Fiber optic,No,Month-to-month,No,Electronic check,54,62303,353.3,3,3.9,Yes
4526-ZJJTM,Female,No,25,Yes,Yes,Fiber optic,No,Month-to-month,Yes,Bank transfer (automatic),27,51007,,6.1,6.5,No
8384-FZBJK,Female,No,,Yes,Yes,Fiber optic,No,Month-to-month,No,Electronic check,32,89614,620.2,2,7.1,No
3750-RNQKR,Female,No,12,Yes,No,No,No internet service,Month-to-month,No,Mailed check,51,20596,304.1,3.8,5.1,No
0962-CQPWQ,Female,No,62,Yes,Yes,No,No internet service,Two year,Yes,Bank transfer (automatic),77,49833,451.8,0.8,10,No
3096-YXENJ,Female,No,65,Yes,Yes,Fiber optic,Yes,Two year,Yes,Bank transfer (automatic),27,76753,749.2,0,6,No
1265-BCFEO,Female,No,71,Yes,Yes,DSL,Yes,Two year,Yes,Bank transfer (automatic),45,77777,606.2,0.6,9.6,No
5837-LXSDN,Female,No,21,Yes,No,DSL,No,One year,No,Credit card (automatic),40,176546,169.3,0.9,7.6,No
5945-AZYHT,Male,Yes,71,Yes,Yes,Fiber optic,No,One year,No,Electronic check,26,26060,441.9,6.5,6.3,No
8325-QRPZR,Female,No,7,Yes,No,Fiber optic,No,Month-to-month,Yes,Electronic check,42,103847,445.9,2.8,5.1,No
6384-VMJHP,Female,No,72,Yes,Yes,DSL,Yes,Two year,Yes,Credit card (automatic),76,24150,427.8,1.8,9.1,No
2262-SLNVK,Female,No,1,Yes,Yes,Fiber optic,No,Month-to-month,Yes,Electronic check,36,47946,516.3,8.6,5.3,No
7730-CLDSV,Female,Yes,72,Yes,No,Fiber optic,Yes,Two year,Yes,Bank transfer (automatic),35,40468,881.3,3.8,7.2,No
1135-HIORI,Female,No,64,Yes,No,Fiber optic,Yes,One year,Yes,Electronic check,23,48576,473.2,1.1,7.6,No
0164-APGRB,Female,Yes,72,Yes,No,Fiber optic,Yes,Two year,Yes,Electronic check,66,74652,412.1,5.3,7.7,No
6481-ESCNL,Female,No,29,Yes,Yes,Fiber optic,No,Month-to-month,No,Bank transfer (automatic),23,18000,532.6,0.9,,No
1790-NESIO,Female,No,13,Yes,Yes,No,No internet service,Two year,Yes,Mailed check,48,51189,463,4.9,7.4,No
1550-EENBN,Female,No,31,Yes,No,Fiber optic,No,Month-to-month,Yes,Electronic check,71,75702,720.1,2,6,No
5539-TMZLF,Male,No,1,Yes,No phone service,Fiber optic,No,Month-to-month,No,Electronic check,53,45465,304.5,3.1,4.3,Yes
4323-SADQS,Male,Yes,7,No,No,DSL,Yes,Month-to-month,No,Electronic check,43,41933,0,10.1,7,Yes
4446-BZKHU,Male,No,61,Yes,No,Fiber optic,No,Month-to-month,No,Electronic check,21,71257,751.5,6.4,7.6,Yes
5202-IVJNU,Female,No,39,No,No,DSL,No,Month-to-month,Yes,,38,42950,0,6.3,6.1,Yes
5976-JCJRH,Male,Yes,10,Yes,No,Fiber optic,No,Month-to-month,No,Electronic check,20,54785,279.7,7.9,5.5,Yes
8198-RKSZG,Female,No,14,Yes,Yes,DSL,Yes,Month-to-month,No,Credit card (automatic),43,49603,726.4,0.3,7.6,No
0137-OCGAB,Female,No,,Yes,No phone service,Fiber optic,No,Month-to-month,Yes,Mailed check,50,20809,415.1,4.3,5.2,Yes
3351-NQLDI,Female,No,67,Yes,No,Fiber optic,Yes,One year,Yes,Credit card (automatic),41,29309,529.7,4,6.5,Yes
9297-EONCV,Female,No,72,Yes,Yes,DSL,Yes,Two year,Yes,Bank transfer (automatic),71,195908,636.3,0.3,7.9,No
7593-JNWRU,Male,No,6,Yes,No,DSL,No,Month-to-month,Yes,Bank transfer (automatic),44,60943,496.5,3.6,7.4,Yes
4588-YBNIB,Female,No,1,Yes,Yes,No,No internet service,Month-to-month,Yes,Mailed check,32,82925,385.5,2.3,8.9,Yes
1069-QJOEE,Male,No,25,Yes,Yes,No,No internet service,One year,Yes,Electronic check,40,38671,447.6,2.7,7,No
3336-JORSO,Female,No,33,Yes,Yes,Fiber optic,Yes,Month-to-month,Yes,Electronic check,69,49704,531.1,7.6,6.6,Yes
7799-DSEWS,Male,Yes,18,Yes,Yes,DSL,Yes,Month-to-month,No,Electronic check,,77211,676,8.9,6.3,No
8766-PAFNE,Male,No,71,Yes,No,DSL,Yes,Two year,No,Credit card (automatic),69,59418,466.3,0,9.8,No
5315-CKEQK,Male,No,28,Yes,Yes,DSL,No,One year,No,Electronic check,55,57970,776.7,12.6,8.9,No
3130-ICDUP,Female,No,2,Yes,No,Fiber optic,No,Month-to-month,No,Credit card (automatic),44,95843,464.1,2.9,6.5,No
0820-FNRNX,Male,Yes,17,Yes,Yes,DSL,Yes,Month-to-month,No,Mailed check,27,40225,711.5,2.2,7.9,No
0880-FVFWF,Male,Yes,,Yes,No,Fiber optic,No,Month-to-month,No,Electronic check,20,136391,331.1,0.8,7,No
4611-ANLQC,Female,Yes,60,No,No,DSL,No,One year,Yes,Electronic check,55,59367,0,2,7.5,No
4213-HKBJO,Female,Yes,33,Yes,No,No,No internet service,Two year,No,Credit card (automatic),18,123604,704.5,4,7.9,No
2792-LSHWX,Female,No,1,Yes,No phone service,Fiber optic,Yes,Month-to-month,No,Mailed check,46,106760,304.7,5.2,5.7,No
5028-GZLDO,Male,Yes,2,Yes,Yes,Fiber optic,No,Month-to-month,No,Credit card (automatic),36,57592,445.6,1.8,7,Yes
0014-BMAQU,Male,No,63,Yes,Yes,Fiber optic,Yes,Two year,No,Credit card (automatic),79,41266,591.4,1.9,7.4,No
6861-XWTWQ,Male,No,7,Yes,Yes,Fiber optic,No,Month-to-month,No,,18,93822,479.1,3.3,4.9,Yes
9018-PCIOK,Female,No,55,Yes,No phone service,DSL,No,Two year,No,Mailed check,25,141111,559,2.4,6.3,No
4837-QUSFT,Female,Yes,65,Yes,No,Fiber optic,Yes,One year,Yes,Bank transfer (automatic),72,70832,909.8,0.3,6,No
6877-TJMBR,Male,No,1,Yes,Yes,Fiber optic,Yes,Month-to-month,Yes,Electronic check,42,81604,572.8,2.5,5.6,Yes
9953-ZMKSM,Male,No,63,Yes,No,No,No internet service,Two year,No,Mailed check,45,35337,299.9,0,4.9,No
0907-HQNTS,Female,No,70,Yes,No,Fiber optic,Yes,Two year,Yes,Credit card (automatic),75,,773.2,2.2,7.4,No
7665-NKLAV,Female,Yes,36,No,No,DSL,Yes,Two year,Yes,Credit card (automatic),71,60348,0,1.5,9.1,No
6769-DCQLI,Male,No,52,Yes,No,Fiber optic,Yes,One year,Yes,Bank transfer (automatic),51,54560,436.4,1.9,8.1,Yes
2433-KMEAS,Male,No,22,Yes,No phone service,DSL,No,Month-to-month,No,Electronic check,83,41677,785,4.3,8.3,Yes
4391-LNRXK,Male,No,22,Yes,No phone service,Fiber optic,Yes,Month-to-month,Yes,Bank transfer (automatic),32,31339,386.1,1.7,7.7,No
8250-ZNGGW,Female,No,5,Yes,Yes,DSL,Yes,Month-to-month,Yes,Credit card (automatic),50,25025,528,2.8,9.3,No
2195-ZRVAX,Female,No,47,Yes,Yes,Fiber optic,No,Month-to-month,Yes,Electronic check,36,28873,325.7,2.6,4.2,Yes
3550-SAHFP,Female,Yes,33,Yes,No,Fiber optic,No,Month-to-month,Yes,Electronic check,18,53437,531.2,7.6,5.3,Yes
2011-TRQYE,Male,Yes,18,No,Yes,DSL,No,Month-to-month,Yes,Credit card (automatic),30,158278,0,6.5,5.1,Yes
8562-GHPPI,Female,No,1,Yes,Yes,No,No internet service,Month-to-month,Yes,Credit card (automatic),18,72119,620.8,4.9,7.1,No
5893-PYOLZ,Male,No,56,Yes,Yes,DSL,Yes,Two year,No,Credit card (automatic),35,73397,371.9,0,7.2,No
4986-MXSFP,Female,No,,Yes,No,No,No internet service,Month-to-month,Yes,Mailed check,57,43292,531.4,2.2,6.6,No
6131-FOYAS,Male,No,35,Yes,No,DSL,No,Month-to-month,Yes,Electronic check,39,46344,503.7,15.3,7.5,No
3027-YNWZU,Female,No,64,Yes,Yes,No,No internet service,Two year,No,Credit card (automatic),56,24458,648.3,0.7,7,No
5609-IMCGG,Female,No,15,Yes,No,Fiber optic,No,Month-to-month,Yes,Credit card (automatic),44,69815,379.1,2.9,6,No
4873-ILOLJ,Male,No,24,Yes,Yes,Fiber optic,No,Month-to-month,Yes,Electronic check,25,47621,465.3,2.7,5.3,Yes
4727-MCYZG,Male,No,1,Yes,Yes,DSL,No,Month-to-month,Yes,Mailed check,70,64693,751.6,5.2,7.2,No
9481-WHGWY,Female,No,70,Yes,No,DSL,Yes,Two year,Yes,Credit card (automatic),33,59948,285.7,1.7,9,No
2725-KXXWT,Male,No,1,Yes,No,Fiber optic,No,Month-to-month,Yes,Electronic check,40,116450,319.5,3.5,5.6,Yes
9565-DJPIB,Female,No,4,Yes,No,Fiber optic,No,Month-to-month,Yes,Mailed check,46,88093,567,4.1,7.9,Yes
4328-VUFWD,Female,Yes,39,Yes,No phone service,DSL,Yes,One year,No,Electronic check,64,79619,339.6,0.2,7.6,No
3301-LSLWQ,Female,No,29,Yes,No,DSL,No,Month-to-month,Yes,Electronic check,47,23159,688.9,3.5,7.8,No
7473-ZBDSN,Female,No,14,Yes,Yes,No,No internet service,Two year,Yes,,72,80100,465,0.9,9.9,No
3166-PNEOF,Female,No,61,Yes,No,DSL,Yes,Two year,Yes,Credit card (automatic),36,83321,478,0.8,7.2,No
5639-NTUPK,Male,No,13,Yes,Yes,DSL,No,Month-to-month,No,Credit card (automatic),54,52462,622.6,2.5,8.7,No
8780-YRMTT,Female,No,66,No,Yes,DSL,Yes,Two year,Yes,Mailed check,40,66951,0,2.3,9,No
8348-HFYIV,Male,Yes,2,No,No,DSL,No,Month-to-month,No,Electronic check,32,36401,0,3.6,5.1,Yes
5140-FOMCQ,Female,No,59,Yes,No,Fiber optic,No,One year,Yes,Credit card (automatic),76,107716,471.1,0,7.6,No
6242-SGYTS,Male,No,62,Yes,Yes,Fiber optic,No,One year,Yes,,40,46248,435,1,5.4,No
8166-ORCHU,Male,No,33,Yes,Yes,Fiber optic,Yes,One year,Yes,Electronic check,32,30011,393.2,5.6,8.7,No
8414-OOEEL,Male,No,66,Yes,Yes,DSL,Yes,Two year,Yes,Credit card (automatic),18,49949,731.4,0.7,5.9,No
8454-AATJP,Female,No,72,Yes,No phone service,Fiber optic,Yes,Two year,Yes,Credit card (automatic),52,109752,488.4,2.4,6.7,No
6849-WLEYG,Male,No,1,Yes,No,No,No internet service,Month-to-month,No,Mailed check,37,45527,446.2,3.5,4.8,Yes
4659-NZRUF,Female,Yes,19,Yes,Yes,Fiber optic,No,Month-to-month,Yes,Electronic check,26,43824,536.8,6.4,6.6,Yes
4531-AUZNK,Female,Yes,51,Yes,Yes,Fiber optic,Yes,One year,No,Mailed check,72,137966,627.3,1.3,7.5,No
4191-XOVOM,Male,No,63,Yes,Yes,Fiber optic,Yes,Month-to-month,Yes,Electronic check,47,33707,657.2,,8,No
2150-OEGBV,Male,Yes,27,Yes,No,No,No internet service,One year,Yes,Bank transfer (automatic),47,49643,317.6,0.5,8.7,No
8429-XIBUM,Male,No,22,Yes,No,Fiber optic,No,Month-to-month,No,Bank transfer (automatic),37,72330,527.8,3.5,8.1,Yes
1855-CFULU,Female,No,4,Yes,Yes,No,No internet service,Month-to-month,Yes,Mailed check,35,46651,622,1.6,5.5,No
4878-BUNFV,Male,No,42,Yes,No,No,No internet service,Two year,No,Mailed check,40,40636,361.8,0.3,8,No
1872-EBWSC,Female,No,29,Yes,No phone service,No,No internet service,One year,No,Mailed check,43,48095,502.3,3.2,9.3,No
2608-BHKFN,Female,No,4,Yes,Yes,Fiber optic,No,Month-to-month,Yes,Credit card (automatic),59,55112,326.8,9.4,3.7,Yes
7026-YMSBE,Male,No,30,Yes,Yes,No,No internet service,One year,No,Mailed check,37,88048,310.9,4.8,6,No
7341-LXCAF,Male,No,4,Yes,Yes,Fiber optic,No,Month-to-month,Yes,Electronic check,44,150681,762.6,3.1,5.1,Yes
6997-UVGOX,Male,No,71,Yes,Yes,DSL,Yes,Two year,No,Bank transfer (automatic),64,42235,389,0.6,8.1,No
9674-EHPPG,Male,No,46,No,Yes,DSL,Yes,Two year,Yes,Credit card (automatic),27,72750,0,0.8,6.3,No
9462-MJUAW,Male,No,4,Yes,No,DSL,No,Month-to-month,No,Mailed check,42,44956,670.7,4.6,5.5,Yes
8128-YVJRG,Female,No,7,Yes,Yes,Fiber optic,No,Month-to-month,No,Mailed check,51,49185,772.5,4.2,4.8,Yes
5440-VHLUL,Male,No,69,Yes,No,Fiber optic,Yes,One year,No,Bank transfer (automatic),37,48905,533.2,1.4,8.2,No
5781-BKHOP,Female,No,72,Yes,Yes,Fiber optic,No,Two year,No,Bank transfer (automatic),43,71920,705.6,1.1,7.1,No
4283-FUTGF,Male,No,19,Yes,Yes,Fiber optic,No,Month-to-month,Yes,Electronic check,37,19785,340.3,7.7,5.3,Yes
5213-TWWJU,Male,No,28,Yes,No,Fiber optic,Yes,Month-to-month,Yes,Electronic check,48,65997,520,2.9,8.8,No
1569-TTNYJ,Male,Yes,5,Yes,Yes,Fiber optic,No,Month-to-month,No,Electronic check,22,27192,619.7,6.2,6.5,Yes
8628-MFKAX,Female,No,72,Yes,Yes,Fiber optic,Yes,Two year,No,Credit card (automatic),77,53434,784.5,1.5,7.1,No
2397-BRLOM,Male,Yes,8,Yes,No,Fiber optic,No,Month-to-month,Yes,Credit card (automatic),32,49519,597.1,2.7,5.8,Yes
7629-WIXZF,Female,No,7,Yes,No,DSL,No,One year,No,Electronic check,59,112849,342.1,1,7.7,No
5445-GLVOT,Female,No,22,Yes,Yes,DSL,No,Month-to-month,No,Electronic check,52,40287,278.9,16.2,6,No
3976-HXHCE,Male,No,72,Yes,Yes,No,No internet service,Two year,Yes,Bank transfer (automatic),32,101449,549.6,0.3,7.8,No
2466-NEJOJ,Male,No,8,Yes,No,No,No internet service,Month-to-month,No,Credit card (automatic),39,88552,448.8,3.8,5.7,No
0254-KCJGT,Male,No,52,Yes,Yes,DSL,Yes,One year,Yes,Credit card (automatic),76,61525,652.3,2.2,7.4,No
5472-CVMDX,Female,No,,No,No,DSL,Yes,Two year,Yes,Mailed check,44,51129,0,0.5,9.2,No
6461-SZMCV,Female,Yes,,Yes,No,DSL,Yes,Two year,Yes,Bank transfer (automatic),53,49119,552.3,,7.3,No
8150-QUDFX,Male,Yes,2,Yes,No,No,No internet service,Month-to-month,No,Mailed check,35,118870,385.8,,5.9,No
9508-ILZDG,Female,No,34,Yes,No,Fiber optic,Yes,Month-to-month,No,Electronic check,36,36321,514.2,3.5,6.5,No
2346-DJQTB,Female,No,35,No,No,DSL,No,Month-to-month,Yes,Electronic check,47,202100,0,15.2,8.3,No
1697-LYYYX,Female,No,61,Yes,No,No,No internet service,One year,No,Credit card (automatic),55,96153,588,0.8,7.3,No
1942-OQFRW,Male,No,1,Yes,No phone service,DSL,No,Month-to-month,No,Electronic check,38,126170,639.6,5.8,6.2,No
4749-VFKVB,Female,No,1,Yes,Yes,DSL,No,Month-to-month,No,Mailed check,34,36644,536,3.7,5.9,Yes
9640-ZSLDC,Female,No,53,Yes,No,DSL,No,One year,No,Credit card (automatic),22,61738,427.7,1.3,8.3,No
4231-LZUYM,Female,No,72,Yes,No,No,No internet service,Two year,No,Bank transfer (automatic),44,51629,674.7,1,9.2,No
7598-UAASY,Male,No,,Yes,Yes,Fiber optic,No,Month-to-month,No,Electronic check,36,56093,171.1,17.2,6.2,Yes
7938-OUHIO,Male,Yes,3,Yes,No,Fiber optic,Yes,Month-to-month,No,Electronic check,43,45129,521.3,10,7.6,Yes
8510-AWCXC,Female,No,,Yes,Yes,Fiber optic,No,Month-to-month,No,Electronic check,77,44384,527.9,2.2,4.1,Yes
6128-AQBMT,Male,No,41,No,No,DSL,No,Month-to-month,Yes,Electronic check,42,50700,0,3.3,7.3,No
3594-BDSOA,Female,No,24,Yes,Yes,No,No internet service,One year,No,Credit card (automatic),27,92146,160,1.5,5,No
0431-APWVY,Female,No,28,Yes,No,Fiber optic,No,One year,Yes,Bank transfer (automatic),58,48309,526.9,2.1,5.2,Yes
5133-VRSAB,Male,No,8,No,Yes,DSL,No,Month-to-month,Yes,Mailed check,25,165390,0,2.2,8.5,No
5996-DAOQL,Male,Yes,1,Yes,Yes,No,No internet service,Month-to-month,No,Mailed check,24,34531,163.7,1.7,6.5,No
6838-YAUVY,Female,No,54,Yes,No,Fiber optic,Yes,Two year,Yes,Bank transfer (automatic),40,54891,,2.6,7.4,No
0484-JPBRU,Male,No,41,Yes,Yes,No,No internet service,Month-to-month,Yes,Bank transfer (automatic),35,48202,614.4,0.5,4.8,No
7883-ROJOC,Female,No,19,Yes,Yes,DSL,No,Month-to-month,Yes,Mailed check,55,35309,399.4,2.6,5.7,No
0244-LGNFY,Female,No,72,Yes,No,DSL,Yes,Two year,Yes,Bank transfer (automatic),40,18000,445.9,1,8.7,No
7274-CGTOD,Male,Yes,62,No,Yes,DSL,Yes,Two year,Yes,,44,56694,0,0.3,6.8,No
4295-YURET,Female,Yes,56,Yes,No phone service,DSL,Yes,Two year,Yes,Credit card (automatic),38,95342,553.6,4.3,7.7,No
3426-NIYYL,Male,No,15,Yes,Yes,DSL,No,Month-to-month,No,Electronic check,42,,504,7,6.1,Yes
8225-BTJAU,Male,No,10,Yes,No phone service,Fiber optic,No,Month-to-month,Yes,Electronic check,84,62672,490.4,5,6.8,Yes
4635-EJYPD,Male,No,32,Yes,No,No,No internet service,Two year,No,Mailed check,36,44826,477.6,2,7.8,No
1866-ZSLJM,Male,Yes,,Yes,No,No,No internet service,Month-to-month,Yes,Credit card (automatic),46,43710,240,9.1,8.7,No
4636-TVXVG,Male,Yes,62,Yes,No,No,No internet service,One year,Yes,Bank transfer (automatic),21,29068,352.2,1.1,6.5,No
4236-UJPWO,Female,No,2,No,No,DSL,No,Month-to-month,Yes,Electronic check,49,54629,0,5.1,7.2,No
9392-XBGTD,Male,Yes,27,Yes,Yes,No,No internet service,Two year,Yes,Mailed check,72,28645,458.2,,7.7,No
3387-VATUS,Male,No,5,Yes,No,Fiber optic,No,Month-to-month,No,Bank transfer (automatic),46,70145,820.7,3,4.3,Yes
6402-SSEJG,Female,Yes,25,No,No,DSL,No,One year,Yes,Electronic check,34,56416,0,3.6,6.7,No
1143-NMNQJ,Female,No,2,Yes,No,Fiber optic,No,Month-to-month,No,Electronic check,50,65692,556,5.9,6,Yes
1169-SAOCL,Male,No,49,Yes,Yes,Fiber optic,Yes,One year,Yes,Bank transfer (automatic),41,34779,776.3,0.6,6.4,No
1110-KYLGQ,Female,No,63,Yes,Yes,Fiber optic,No,Month-to-month,Yes,,30,59992,594.2,3.7,5.8,No
9929-PLVPA,Female,No,4,Yes,Yes,No,No internet service,Month-to-month,Yes,Credit card (automatic),80,46227,608.7,0.8,8.6,No
3518-PZXZQ,Female,No,1,Yes,No,DSL,No,Month-to-month,Yes,Mailed check,22,38217,366.2,2.2,5.5,No
2371-JUNGC,Male,No,11,Yes,No,No,No internet service,Month-to-month,No,Mailed check,35,66299,359.3,1.4,6.3,No
7693-QPEFS,Male,No,52,Yes,Yes,Fiber optic,No,Month-to-month,No,Bank transfer (automatic),29,93222,689.2,1.3,9.3,No
0924-BJCRC,Female,No,60,Yes,Yes,Fiber optic,No,Month-to-month,Yes,Electronic check,51,52921,650.4,1.1,5.3,No
5074-FBGHB,Male,No,64,Yes,Yes,Fiber optic,Yes,One year,Yes,Credit card (automatic),90,34435,858.9,0.7,7.6,No
2351-BKRZW,Female,No,43,Yes,Yes,DSL,No,Two year,No,Bank transfer (automatic),54,81826,341.9,,8.6,No
4455-BFSPD,Female,No,61,Yes,No,Fiber optic,Yes,One year,Yes,Bank transfer (automatic),43,79920,570,0.5,4.8,No
0415-MOSGF,Female,No,1,Yes,Yes,DSL,No,Month-to-month,No,Mailed check,79,56969,25,3.3,7.1,Yes
1724-BQUHA,Male,No,5,Yes,No,Fiber optic,No,Month-to-month,Yes,Electronic check,45,37941,529.8,10,6.1,Yes
3948-KXDUF,Male,No,66,Yes,No,DSL,Yes,Two year,Yes,Bank transfer (automatic),34,118446,502.5,0.9,7.6,No
2323-ARSVR,Male,No,67,Yes,No,Fiber optic,Yes,Two year,Yes,Electronic check,29,78990,366.5,4.6,6.8,No
0815-MFZGM,Female,No,42,Yes,No,Fiber optic,Yes,Two year,No,Credit card (automatic),33,87529,531.8,0.2,6.4,No
4826-XTSOH,Male,No,1,Yes,Yes,Fiber optic,No,Month-to-month,Yes,Electronic check,64,79038,629.6,10.2,4,Yes
5480-XTFFL,Female,No,31,Yes,No,No,No internet service,Two year,No,Mailed check,20,,564,3.3,7.3,No
8295-FHIVV,Male,No,7,Yes,No,No,No internet service,Month-to-month,No,Mailed check,50,109182,567.8,8.7,6.6,No
2495-INZWQ,Male,No,4,No,Yes,DSL,No,Month-to-month,No,Electronic check,79,65832,0,6.2,6.3,Yes
9086-YJYXS,Male,No,34,Yes,No,DSL,No,One year,No,Bank transfer (automatic),42,46307,457.2,2.7,5.1,No
1179-INLAT,Male,No,3,Yes,No,No,No internet service,One year,Yes,Mailed check,69,118676,165.1,2.6,7,No
7909-FIOIY,Female,No,19,No,No,DSL,No,Month-to-month,No,Mailed check,81,81288,0,0.2,7.1,No
4139-SUGLD,Male,No,31,No,No,DSL,Yes,Month-to-month,Yes,Bank transfer (automatic),18,28281,0,6.7,7.1,Yes
6857-VWJDT,Female,Yes,1,Yes,Yes,Fiber optic,No,Month-to-month,Yes,Mailed check,32,62786,528.1,2.6,6.3,Yes
6351-SCJKT,Male,No,3,No,No,DSL,Yes,Month-to-month,No,Mailed check,42,81634,0,2.4,7.2,No
5468-BPMMO,Male,No,46,Yes,No,No,No internet service,Month-to-month,No,Electronic check,21,30909,557,3.8,5.8,No
5624-BQSSA,Female,No,1,Yes,No,No,No internet service,Month-to-month,Yes,Mailed check,49,68338,463.6,3.3,7.7,Yes
0197-PNKNK,Female,No,69,Yes,Yes,Fiber optic,No,One year,Yes,Bank transfer (automatic),48,47432,533.8,1.4,6.3,No
2439-QKJUL,Male,No,5,Yes,Yes,No,No internet service,Month-to-month,Yes,Mailed check,73,27859,518.9,4.4,8.1,No
1194-SPVSP,Male,No,1,Yes,No,No,No internet service,Month-to-month,No,Bank transfer (automatic),51,35691,410,2.4,5.1,No
9534-NSXEM,Male,No,26,Yes,Yes,No,No internet service,One year,Yes,Credit card (automatic),32,49736,734.6,0.7,6.5,No
2408-WITXK,Female,No,10,No,Yes,DSL,No,Month-to-month,No,,36,50559,0,4.6,5.5,Yes
8929-KSWIH,Male,No,25,Yes,Yes,Fiber optic,Yes,Two year,No,Bank transfer (automatic),30,50893,470.7,1.4,6.7,No
2250-IVBWA,Male,No,64,Yes,No,Fiber optic,No,Month-to-month,Yes,Electronic check,52,52421,483.6,0.6,4.7,No
1810-MVMAI,Male,No,30,Yes,No,DSL,Yes,Month-to-month,Yes,Electronic check,38,99830,750.8,9.1,7.6,No
9506-UXUSK,Male,No,13,Yes,Yes,Fiber optic,No,Month-to-month,No,Electronic check,40,87738,304.4,5.3,7.2,No
1229-RCALF,Female,No,64,Yes,Yes,Fiber optic,Yes,One year,No,Electronic check,49,58927,485.9,3.5,7.8,No
3572-UOLYZ,Female,No,46,Yes,Yes,Fiber optic,Yes,Month-to-month,No,,35,103363,222,2.5,7.6,No
1429-UYJSV,Female,No,12,Yes,No phone service,No,No internet service,One year,Yes,Mailed check,36,123956,421.1,1,6.5,No
5577-OTWWW,Female,No,15,Yes,No,No,No internet service,Month-to-month,Yes,Bank transfer (automatic),32,,224.6,3.7,8.7,Yes
6100-QQHEB,Male,No,17,Yes,Yes,Fiber optic,No,Month-to-month,No,Electronic check,24,75370,785,3.3,9.1,Yes
6366-XIVKZ,Female,No,13,Yes,No phone service,DSL,No,Month-to-month,Yes,Mailed check,48,38405,134.4,2.6,9.1,No
3470-OBUET,Female,No,67,Yes,Yes,DSL,Yes,Two year,No,Credit card (automatic),23,110812,626.9,1.3,6.9,No
2770-NSVDG,Male,No,24,No,Yes,DSL,No,Month-to-month,No,Electronic check,51,118646,0,8.2,7.4,No
9375-MHRRS,Male,No,6,Yes,No,DSL,Yes,Month-to-month,Yes,Mailed check,44,61054,490,9.8,9.3,No
2634-HCZGT,Male,No,53,Yes,No,DSL,Yes,One year,Yes,Electronic check,21,56777,1096.7,2,8.3,Yes
7503-QQRVF,Male,No,16,Yes,Yes,Fiber optic,No,Month-to-month,Yes,Credit card (automatic),65,58883,433.1,6.1,5.5,Yes
4860-YZGZM,Male,No,10,Yes,Yes,No,No internet service,Month-to-month,No,Electronic check,25,65628,405.1,1.4,5.5,No
6599-GZWCM,Female,No,13,Yes,No,Fiber optic,No,One year,Yes,Mailed check,32,65659,,1.2,7.5,No
2691-NZETQ,Male,No,9,Yes,No,Fiber optic,No,Month-to-month,Yes,Electronic check,50,42692,445.8,4.1,4.6,Yes
4404-HIBDJ,Female,No,,Yes,No phone service,DSL,Yes,One year,Yes,Mailed check,72,124469,434.3,1.4,6.6,Yes
5533-NHFRF,Male,No,7,No,No,DSL,Yes,Month-to-month,Yes,Electronic check,44,76980,0,5.1,8,No
7037-MTYVW,Male,No,38,Yes,Yes,DSL,Yes,Two year,No,Bank transfer (automatic),35,54897,285.6,1.3,8.5,No
4760-THGOT,Female,No,43,Yes,No,Fiber optic,No,Month-to-month,Yes,Electronic check,54,,493.2,1.2,5.8,No
7295-JOMMD,Female,No,4,Yes,No,Fiber optic,Yes,Month-to-month,Yes,Bank transfer (automatic),23,45960,522.9,7.2,6.5,Yes
4016-BJKTZ,Female,No,25,Yes,Yes,Fiber optic,Yes,Two year,Yes,Electronic check,33,73319,505,2.6,6.9,No
6584-VQMYT,Male,No,27,Yes,No,DSL,No,One year,No,Mailed check,72,43554,645.1,1,6.4,No
9838-BFCQT,Male,No,72,Yes,No,No,No internet service,Two year,No,Mailed check,46,44525,592.8,7,7.2,No
2790-XUYMV,Male,Yes,71,Yes,Yes,Fiber optic,No,One year,Yes,Credit card (automatic),31,90680,861.7,0.9,9.6,No
0581-MDMPW,Female,No,24,Yes,Yes,Fiber optic,No,Month-to-month,No,Credit card (automatic),31,70788,387.4,5.4,5.9,No
5013-SBUIH,Female,No,50,Yes,Yes,Fiber optic,Yes,Two year,No,Electronic check,30,68424,743.7,7.2,6.7,Yes
1023-BQXZE,Male,No,57,Yes,Yes,DSL,No,Two year,No,Bank transfer (automatic),48,82273,464.7,0.6,6.3,No
9163-GHAYE,Female,No,15,Yes,No phone service,DSL,No,Month-to-month,Yes,Electronic check,36,38330,496.5,3.7,7,No
3904-UKFRE,Male,Yes,4,Yes,No,Fiber optic,No,Month-to-month,Yes,Electronic check,64,86579,627.4,0.6,7.2,No
5353-WILCI,Female,No,28,Yes,No,DSL,No,Month-to-month,Yes,Electronic check,70,52059,710.7,5.3,6.4,No
0709-TVGUR,Female,No,9,Yes,No,Fiber optic,No,Month-to-month,Yes,Electronic check,58,53590,724.1,5.4,5,Yes
0058-EVZWM,Female,No,55,Yes,Yes,Fiber optic,No,Month-to-month,Yes,Bank transfer (automatic),37,46434,454.7,1.7,6.9,No
6023-YEBUP,Male,No,,Yes,No,Fiber optic,No,Month-to-month,Yes,Electronic check,56,78526,651.8,8.1,5.6,Yes
7209-JCUDS,Male,No,10,Yes,Yes,Fiber optic,No,Month-to-month,Yes,Electronic check,70,,688.3,4.4,3.9,Yes
7009-PCARS,Male,No,55,Yes,No,No,No internet service,One year,Yes,Bank transfer (automatic),44,51673,367.2,2.9,5.5,No
0519-DRGTI,Female,No,20,Yes,No,No,No internet service,Month-to-month,Yes,Mailed check,24,35198,508.7,4.1,5.7,No
1017-FBQMM,Female,Yes,62,Yes,Yes,Fiber optic,Yes,One year,No,Credit card (automatic),33,25246,1161.5,2.3,6.6,No
3001-CBHLQ,Male,No,32,Yes,No,Fiber optic,Yes,Month-to-month,No,Electronic check,30,61214,556.7,,6,Yes
1985-MBRYP,Female,Yes,43,Yes,No,No,No internet service,Two year,No,Bank transfer (automatic),57,18982,321,0.7,7.5,No
6158-DWPZT,Male,No,9,No,No phone service,DSL,No,One year,Yes,Bank transfer (automatic),26,29629,0,2.3,6.4,Yes
9372-TXXPS,Female,No,60,Yes,Yes,DSL,Yes,Two year,No,Bank transfer (automatic),31,106112,616.3,0.2,6.6,No
3259-QMXUN,Male,Yes,58,Yes,Yes,DSL,No,Two year,No,Electronic check,38,39171,600.9,5.4,3.8,No
1015-JPFYW,Male,Yes,7,Yes,No,No,No internet service,One year,No,Mailed check,70,84565,367.1,3.2,7.4,No
6645-MXQJT,Male,No,2,Yes,Yes,Fiber optic,No,Month-to-month,No,Electronic check,34,115901,535.9,1.6,6.7,No
4360-QRAVE,Male,No,37,No,No,DSL,No,Month-to-month,No,Electronic check,49,60324,0,4,6.5,No
8433-WPJTV,Female,No,65,Yes,No,Fiber optic,Yes,One year,Yes,Bank transfer (automatic),62,70451,831.8,1,6.3,No
5804-JMYIO,Female,Yes,39,Yes,Yes,No,No internet service,Two year,Yes,Mailed check,51,38546,634.7,1.3,8.9,No
3763-GCZHZ,Male,No,66,Yes,No,Fiber optic,Yes,One year,Yes,Electronic check,36,62285,653.1,12.2,5.8,Yes
6484-LATFU,Male,No,68,Yes,Yes,No,No internet service,Two year,Yes,Mailed check,86,76854,599.8,1.6,6.4,No
7599-NTMDP,Female,No,62,No,Yes,DSL,Yes,Two year,Yes,Bank transfer (automatic),56,28014,0,0.8,8.6,No
0772-GYEQQ,Male,No,3,Yes,No,Fiber optic,Yes,Month-to-month,Yes,Mailed check,46,24134,495.5,3.1,6.2,Yes
0536-ACXIP,Female,Yes,72,Yes,No phone service,Fiber optic,No,Two year,Yes,,35,58574,433.5,1.9,8.5,No
0936-NQLJU,Female,No,41,Yes,No,No,No internet service,Two year,No,Credit card (automatic),41,36001,392,1.2,5.9,No
4831-EOBFE,Male,No,29,Yes,Yes,Fiber optic,No,Month-to-month,No,Credit card (automatic),65,39766,614.2,6.2,4,Yes
1575-KRZZE,Female,No,4,Yes,No,DSL,No,Month-to-month,No,Electronic check,45,57369,627.4,9.9,6.2,No
3251-YMVWZ,Male,No,53,Yes,No,No,No internet service,One year,Yes,Bank transfer (automatic),42,121212,432.4,2.5,9.2,No
4102-OQUPX,Male,No,1,Yes,No,Fiber optic,No,Month-to-month,Yes,Electronic check,36,121921,691,13,6.6,Yes
9170-GYZJC,Female,No,41,Yes,No,DSL,Yes,Month-to-month,Yes,Credit card (automatic),43,82143,450.5,3.5,7.1,Yes
4884-LEVMQ,Male,Yes,39,Yes,No,No,No internet service,Two year,Yes,,36,93991,315.8,1.4,9.3,No
8857-CUPFQ,Male,No,63,Yes,No phone service,No,No internet service,Two year,No,Mailed check,42,30833,335,4.7,9.2,No
7610-TVOPG,Male,No,15,Yes,Yes,No,No internet service,Month-to-month,Yes,Electronic check,65,87509,495.9,3.5,8.7,No
3638-DIMPH,Female,No,13,Yes,Yes,DSL,No,One year,Yes,Electronic check,44,54386,442.8,0.2,7.8,No
1845-ZLLIG,Male,Yes,1,Yes,No,DSL,No,Month-to-month,Yes,Mailed check,57,51892,364.4,1.8,4.8,No
8559-WNQZS,Male,No,1,Yes,No,No,No internet service,Two year,Yes,Mailed check,53,61553,697.1,1.8,8.1,No
3999-QGRJH,Male,No,8,Yes,Yes,Fiber optic,No,Month-to-month,No,Electronic check,67,73671,471.4,2.1,3.5,Yes
1699-UOTXU,Male,No,60,Yes,No,DSL,No,Two year,Yes,,35,58800,521,1.7,8.5,No
2454-RPBRZ,Female,Yes,12,Yes,No,Fiber optic,No,Month-to-month,No,Electronic check,42,80785,840.6,2.9,6.1,Yes
0635-WKOLD,Male,No,40,Yes,No,DSL,Yes,One year,Yes,Credit card (automatic),18,32758,355.2,1.4,8.5,No
5993-JSUWV,Female,No,66,Yes,No,DSL,No,Two year,No,Bank transfer (automatic),33,,583.6,0.9,8.8,No
4518-FZBSX,Male,No,42,Yes,No phone service,No,No internet service,One year,Yes,Mailed check,38,62873,374.9,1.2,7.7,No
5387-ASZNZ,Female,No,66,Yes,No,DSL,Yes,One year,Yes,Credit card (automatic),51,36813,551.3,1.2,9.4,No
6988-CJEYV,Male,No,49,Yes,Yes,Fiber optic,No,Month-to-month,Yes,Electronic check,60,55643,599.9,1.4,6.5,No
2002-MZHWP,Female,Yes,1,Yes,Yes,No,No internet service,Month-to-month,No,Mailed check,74,46659,341.9,1.7,6.9,Yes
3097-FQTVJ,Female,No,41,Yes,No,No,No internet service,Two year,No,Mailed check,58,87771,629.7,1.2,8.6,No
5465-BUBFA,Female,No,41,Yes,No,No,No internet service,Two year,No,Bank transfer (automatic),20,208032,311.5,1.5,5.6,No
7299-GNVPL,Female,No,23,Yes,No phone service,Fiber optic,Yes,Month-to-month,No,,27,63263,862.6,2.7,9.1,No
9743-DQKQW,Male,No,,No,No phone service,DSL,No,Month-to-month,Yes,Electronic check,70,98311,0,4.3,7,No
1215-VFYVK,Female,No,4,No,Yes,DSL,Yes,Month-to-month,Yes,Mailed check,63,72330,0,0,6.3,No
9371-BITHB,Female,No,52,Yes,Yes,No,No internet service,Two year,No,Mailed check,28,83468,386.5,5.5,8.9,No
2265-CYWIV,Female,No,4,Yes,No phone service,Fiber optic,No,Month-to-month,Yes,Electronic check,72,47034,605.5,1.8,3.5,Yes
9093-FPDLG,Female,No,11,Yes,No phone service,Fiber optic,Yes,Month-to-month,No,,35,40884,384.4,0.7,7.4,No
0541-FITGH,Female,No,2,Yes,Yes,DSL,No,Month-to-month,No,Mailed check,31,59031,225.6,4.6,8.1,No
6985-HAYWX,Female,No,26,Yes,No phone service,Fiber optic,No,Month-to-month,Yes,Bank transfer (automatic),26,48565,853.3,4.7,7,No
7508-KBIMB,Male,No,24,Yes,No,DSL,No,One year,No,Credit card (automatic),49,40311,308.3,0.2,8.4,No
6838-HVLXG,Female,No,12,Yes,Yes,No,No internet service,Month-to-month,No,Mailed check,81,93028,334.5,3.7,6.2,No
2277-DJJDL,Male,No,60,Yes,Yes,Fiber optic,Yes,Month-to-month,No,Electronic check,37,48478,709.9,11.2,6.3,No
1897-OKVMW,Female,No,,Yes,No,DSL,Yes,Two year,No,Mailed check,37,69288,594,2.4,9.8,No
5485-ITNPC,Male,No,66,Yes,No,DSL,Yes,Two year,Yes,Bank transfer (automatic),25,46927,786.1,1.7,9.3,No
0233-FTHAV,Female,No,60,Yes,Yes,Fiber optic,No,One year,No,Bank transfer (automatic),70,50366,586.1,0,7.8,No
4644-PIZRT,Male,No,17,Yes,No,DSL,No,One year,No,Bank transfer (automatic),63,98700,745.3,1.5,5.8,No
8922-NPKBJ,Male,No,42,Yes,No,No,No internet service,Two year,Yes,Mailed check,49,59152,586.6,3.4,7.7,No
2740-TVLFN,Male,No,1,Yes,No,DSL,No,Month-to-month,Yes,Electronic check,58,81817,543.5,2.9,6.6,No
7771-CFQRQ,Female,No,47,Yes,No,DSL,Yes,Two year,Yes,Bank transfer (automatic),49,69281,417.9,3.3,8.1,No
9512-PHSMG,Female,Yes,10,Yes,Yes,No,No internet service,Month-to-month,Yes,Mailed check,77,40697,233.9,1.6,8.3,No
6963-EZQEE,Male,No,70,Yes,No,DSL,Yes,Two year,No,Credit card (automatic),22,92233,866.5,1.8,7.8,No
2452-KDRRH,Male,No,67,Yes,No,Fiber optic,No,Month-to-month,Yes,Credit card (automatic),45,28503,554.2,3.5,5.3,No
2004-OCQXK,Female,No,1,Yes,Yes,Fiber optic,No,Month-to-month,No,Electronic check,42,66775,336.8,3.8,8,Yes
5027-QPKTE,Male,No,7,Yes,No,Fiber optic,No,Month-to-month,Yes,Electronic check,36,87366,521.1,4.3,5.2,Yes
4146-SVFUD,Male,No,1,Yes,No,DSL,No,Month-to-month,No,Mailed check,45,50535,533,1.7,5.9,No
1564-HJUVY,Male,No,4,Yes,Yes,DSL,Yes,Month-to-month,No,Bank transfer (automatic),69,33033,578.2,1.6,7.5,No
3617-XLSGQ,Female,No,66,Yes,No,Fiber optic,No,Two year,Yes,Bank transfer (automatic),75,28143,836,3.9,3.7,No
7517-LDMPS,Female,No,12,Yes,Yes,Fiber optic,No,Month-to-month,No,Electronic check,36,119021,502.1,5.9,7.7,No
7244-KXYZN,Female,No,24,Yes,No,No,No internet service,One year,No,Credit card (automatic),49,45623,544.8,2.2,7,No
5226-NOZFC,Male,Yes,26,Yes,No,Fiber optic,No,Month-to-month,Yes,Electronic check,42,68855,327,0.9,6.3,No
2672-HUYVI,Female,No,6,Yes,Yes,Fiber optic,No,Month-to-month,No,Electronic check,84,23190,339.8,7.6,4.2,Yes
1400-WIVLL,Male,No,,Yes,No,Fiber optic,Yes,Two year,No,Electronic check,41,24156,854.6,4.4,6.8,No
7508-MYBOG,Male,No,14,Yes,Yes,Fiber optic,No,Month-to-month,No,Electronic check,34,67824,583,4.5,,Yes
8148-NLEGT,Female,No,42,Yes,No,No,No internet service,Two year,Yes,Electronic check,55,53004,523,5,6.8,No
0148-DCDOS,Male,No,25,Yes,Yes,Fiber optic,No,Month-to-month,No,Bank transfer (automatic),31,47585,546.8,3.4,7.2,Yes
8347-GDTMP,Female,No,64,Yes,No,No,No internet service,Two year,Yes,Credit card (automatic),38,82385,253.2,1.1,7.1,No
9992-RRAMN,Male,No,22,Yes,No,Fiber optic,No,Month-to-month,Yes,Electronic check,29,,661.5,3.1,7.5,Yes
6746-WAUWT,Male,No,19,Yes,No,No,No internet service,One year,No,Credit card (automatic),50,64828,498.2,2,5.9,No
0310-MVLET,Female,No,61,Yes,No,Fiber optic,No,Month-to-month,No,Electronic check,27,58978,367.6,11.2,5.9,Yes
0428-IKYCP,Male,Yes,22,Yes,No,Fiber optic,No,Month-to-month,Yes,,31,43329,503.2,2.5,8.3,No
4550-VBOFE,Male,No,70,Yes,Yes,Fiber optic,No,Month-to-month,No,Electronic check,42,125365,580.2,2.7,3.6,Yes
2187-PKZAY,Male,No,12,Yes,No,Fiber optic,No,Month-to-month,No,,35,93121,247.8,3,5.1,No
4003-OCTMP,Female,No,31,Yes,No,DSL,Yes,One year,Yes,Electronic check,40,98450,341.4,2.7,7.7,No
6652-YFFJO,Female,No,11,Yes,Yes,DSL,No,Month-to-month,Yes,Electronic check,87,33885,48.4,1.2,6,No
7225-IILWY,Male,No,68,Yes,No,No,No internet service,Two year,No,Mailed check,43,63662,767.2,1.2,8.5,No
5248-RPYWW,Female,No,72,Yes,Yes,DSL,Yes,Two year,No,Bank transfer (automatic),81,193057,429.8,1.2,9.9,No
7923-IYJWY,Male,No,67,Yes,No,Fiber optic,Yes,Two year,Yes,Credit card (automatic),47,41644,640.3,1,6.8,No
3170-GWYKC,Female,Yes,60,Yes,Yes,Fiber optic,Yes,Month-to-month,Yes,Bank transfer (automatic),35,90618,228.3,2.9,6.1,No
5696-QURRL,Male,No,1,Yes,No,DSL,No,Month-to-month,No,Mailed check,47,27109,564.9,6.8,5.3,Yes
7409-KIUTL,Female,No,1,Yes,Yes,Fiber optic,No,Month-to-month,No,Electronic check,24,96785,578.2,4.3,5,Yes
9830-ECLEN,Male,No,58,No,Yes,DSL,No,One year,Yes,Mailed check,44,122525,0,0.5,6.3,No
1732-VHUBQ,Female,Yes,47,Yes,No,Fiber optic,No,Month-to-month,No,Bank transfer (automatic),25,38861,626.9,5,6.2,Yes
0495-RVCBF,Female,No,1,Yes,Yes,Fiber optic,No,Month-to-month,No,Electronic check,69,71677,566.6,7.4,7.7,Yes
2668-TZSPS,Male,No,1,Yes,No,No,No internet service,Month-to-month,Yes,Mailed check,50,100209,197.7,0,8.1,No
7854-EDSSA,Male,No,22,Yes,Yes,DSL,No,Month-to-month,Yes,Electronic check,56,80260,618.3,4.4,7.4,Yes
8869-TORSS,Female,No,48,Yes,Yes,DSL,Yes,One year,Yes,Credit card (automatic),42,71953,477.6,2.4,6.4,Yes
7446-SFAOA,Female,No,37,Yes,Yes,No,No internet service,One year,No,Bank transfer (automatic),24,52251,637,0,5.6,No
9522-ZSINC,Male,No,13,Yes,No,No,No internet service,One year,Yes,Electronic check,62,92650,439.7,2.2,6.6,No
8234-GSZYK,Male,No,43,Yes,No,No,No internet service,Two year,Yes,Bank transfer (automatic),26,28263,718.9,1.7,9.1,No
6505-OZNPG,Female,No,6,No,No,DSL,Yes,Two year,No,Mailed check,21,57711,,1.2,7.1,No
6164-HAQTX,Male,No,71,No,No,DSL,Yes,Two year,No,Bank transfer (automatic),49,53273,0,1.7,9.3,No
0679-IDSTG,Female,No,1,Yes,Yes,Fiber optic,No,Month-to-month,Yes,Electronic check,81,24180,494.3,9.1,5.8,Yes
7765-LWVVH,Female,No,72,Yes,Yes,Fiber optic,No,Two year,Yes,Electronic check,70,83361,682.7,1.7,5.9,No
1658-TJVOA,Female,No,6,Yes,Yes,Fiber optic,No,Month-to-month,No,Electronic check,64,31832,468.9,0.8,6.8,No
0953-LGOVU,Male,No,12,No,No phone service,DSL,Yes,Month-to-month,No,Mailed check,51,104336,0,1.6,5.4,No
2115-BFTIW,Male,No,25,Yes,Yes,Fiber optic,No,Month-to-month,Yes,Mailed check,59,45474,403.5,5.5,5,Yes
4692-NNQRU,Female,No,21,Yes,No,Fiber optic,Yes,One year,Yes,Electronic check,21,80163,327.8,1.9,5.2,No
7742-MYPGI,Female,Yes,6,Yes,No,DSL,Yes,Month-to-month,No,Mailed check,63,52532,235.7,1.8,7.6,No
0611-DFXKO,Male,No,20,Yes,Yes,Fiber optic,No,Month-to-month,Yes,Mailed check,49,103916,148.2,10.4,5.6,Yes
7780-OTDSO,Male,No,18,Yes,Yes,Fiber optic,No,Month-to-month,Yes,Electronic check,22,24260,726.1,3.6,5.5,Yes
9619-GSATL,Female,No,43,Yes,No,DSL,Yes,One year,Yes,Electronic check,45,55799,662,1.6,7.3,No
5622-UEJFI,Female,No,35,Yes,Yes,No,No internet service,Two year,Yes,Credit card (automatic),68,82050,593.9,0.4,8.4,No
9747-DDZOS,Female,No,1,Yes,No,Fiber optic,No,Month-to-month,Yes,Bank transfer (automatic),37,59282,545.2,4.5,4.1,Yes
0674-DGMAQ,Male,Yes,32,Yes,Yes,Fiber optic,No,Month-to-month,No,Electronic check,56,41446,796.7,0.2,5.5,No
6203-HBZPA,Male,No,52,No,No,DSL,Yes,Two year,Yes,Credit card (automatic),18,36550,0,2.3,7.9,No
0484-FFVBJ,Male,No,32,Yes,No,DSL,No,One year,Yes,Bank transfer (automatic),58,53145,474,0.5,6.9,No
0301-FIDRB,Female,Yes,72,No,No,DSL,Yes,Two year,Yes,Bank transfer (automatic),80,61871,0,2.7,7.9,No
4139-JPIAM,Male,No,51,No,No,DSL,Yes,Month-to-month,No,Credit card (automatic),42,40591,0,3.6,8.8,No
2181-TIDSV,Male,No,68,Yes,No phone service,No,No internet service,Two year,No,Bank transfer (automatic),85,46087,464.2,1.5,9.6,No
2761-XECQW,Male,No,8,No,Yes,DSL,No,Month-to-month,No,Mailed check,37,128266,0,8.9,5.1,No
1936-CZAKF,Male,No,49,No,No,DSL,No,Two year,Yes,Credit card (automatic),43,59733,0,2.2,7.9,No
9453-PATOS,Female,Yes,72,Yes,No,DSL,Yes,Two year,Yes,Mailed check,60,38914,496.4,2.1,8.6,No
0564-JJHGS,Male,No,9,Yes,No phone service,Fiber optic,No,Month-to-month,Yes,Electronic check,30,123643,433.6,,4.9,Yes
3348-CFRNX,Female,Yes,28,Yes,Yes,Fiber optic,No,Month-to-month,Yes,Mailed check,29,117696,593.1,6.3,7.6,Yes
4402-FTBXC,Male,No,54,Yes,Yes,Fiber optic,No,Month-to-month,Yes,Mailed check,47,78833,385.7,0.9,7.3,No
1428-GTBJJ,Male,No,11,Yes,No,Fiber optic,No,Month-to-month,Yes,Electronic check,43,76174,405.4,18.9,7.3,Yes
2931-XIQBR,Female,No,50,Yes,No phone service,Fiber optic,Yes,One year,No,Mailed check,76,62332,529.3,1,5.8,No
0106-UGRDO,Female,No,69,Yes,No,Fiber optic,Yes,Two year,Yes,Electronic check,46,42395,911.2,1.1,7.1,No
5542-TBBWB,Male,No,1,Yes,Yes,Fiber optic,No,Month-to-month,Yes,Electronic check,43,71962,616.1,13,6.1,No
1930-QPBVZ,Male,No,68,Yes,Yes,Fiber optic,Yes,Two year,No,Bank transfer (automatic),33,54039,763.2,4.8,6.9,No
2606-PKWJB,Male,No,40,No,No,DSL,Yes,One year,Yes,Mailed check,81,90665,0,4.6,7.3,No
5322-ZSMZY,Male,No,31,Yes,Yes,No,No internet service,Two year,Yes,Mailed check,76,65150,435.2,5,4.9,No
8059-UDZFY,Female,No,,Yes,No phone service,Fiber optic,No,Month-to-month,Yes,Bank transfer (automatic),38,46829,495.2,2,5.7,No
7740-BTPUX,Male,No,55,Yes,No,Fiber optic,Yes,Two year,No,Electronic check,41,52113,550.6,5.2,9.2,No
5220-AGAAX,Male,No,,Yes,Yes,No,No internet service,Two year,No,Bank transfer (automatic),20,63828,667.2,0.6,7.1,No
0208-BPQEJ,Female,No,12,Yes,No,No,No internet service,Month-to-month,Yes,Bank transfer (automatic),53,50187,452.1,1.7,6.9,No
9435-JMLSX,Male,No,71,Yes,No,DSL,Yes,Two year,No,Bank transfer (automatic),46,,488.9,1.1,7.5,No
3352-ALMCK,Male,No,40,Yes,No,Fiber optic,No,Month-to-month,Yes,Mailed check,73,49110,840.5,3,6.3,No
5312-IRCFR,Female,No,64,Yes,No,Fiber optic,No,One year,No,Electronic check,70,48769,507.6,1.7,7.4,No
5294-IMHHT,Male,No,53,Yes,Yes,Fiber optic,Yes,One year,No,,72,38817,904.9,0.8,9.7,No
8802-UNOJF,Male,No,12,Yes,Yes,Fiber optic,Yes,Month-to-month,Yes,Mailed check,27,26558,419.2,2.9,5.9,Yes
6313-GIDIT,Male,No,53,No,No,DSL,No,Month-to-month,No,Electronic check,44,23357,0,12.7,5.4,Yes
6176-YJWAS,Male,No,72,Yes,Yes,Fiber optic,No,Two year,No,Credit card (automatic),61,64175,805.7,1.4,7.7,No
5310-NOOVA,Male,No,46,Yes,Yes,No,No internet service,Two year,Yes,Electronic check,64,65479,318.4,9.9,7.9,No
4526-EXKKN,Male,No,40,Yes,Yes,No,No internet service,Two year,Yes,Mailed check,65,28391,663.7,0.7,8.7,No
5311-IHLEI,Male,Yes,12,No,No,DSL,Yes,Month-to-month,Yes,Bank transfer (automatic),43,34153,0,4.3,8.4,No
3987-KQDDU,Male,No,9,Yes,No,Fiber optic,No,Month-to-month,No,Electronic check,18,27390,607.1,3,4.8,No
3404-JNXAX,Female,No,51,Yes,No,Fiber optic,Yes,Month-to-month,No,Electronic check,67,67600,859.6,5.3,7.4,No
5131-PONJI,Male,No,49,Yes,No,Fiber optic,No,Month-to-month,No,Credit card (automatic),40,50930,689.3,0.9,4.6,No
2845-AFFTX,Male,Yes,,Yes,Yes,Fiber optic,No,Month-to-month,No,Electronic check,72,25550,709.7,4.5,3.6,Yes
3489-VSFRD,Female,Yes,56,Yes,No,DSL,Yes,One year,No,Credit card (automatic),83,88107,623.4,0.2,8.8,No
3345-JHUEO,Male,No,4,Yes,Yes,No,No internet service,Month-to-month,No,Electronic check,69,64195,193.4,0.2,7.2,No
5815-HGGHV,Male,No,20,Yes,Yes,DSL,Yes,One year,Yes,Mailed check,63,44829,614.3,3.2,6.6,No
5260-UMPWX,Female,No,26,Yes,Yes,No,No internet service,Month-to-month,Yes,Credit card (automatic),49,107724,662.4,4.1,6.7,No
2249-YPRNG,Female,No,20,Yes,No,Fiber optic,No,Month-to-month,No,Bank transfer (automatic),22,63110,626.2,4.6,5.7,Yes
7410-YTJIK,Female,No,7,Yes,No,Fiber optic,No,Month-to-month,Yes,Mailed check,48,18000,722.9,9.4,5.3,Yes
4626-GYCZP,Male,Yes,7,Yes,No,Fiber optic,No,Month-to-month,Yes,Electronic check,64,37328,423,10.1,3.7,Yes
5649-RXQTV,Male,No,51,Yes,No phone service,Fiber optic,No,Month-to-month,No,Electronic check,23,32912,617.6,6.3,6.3,No
2674-MIAHT,Female,No,4,Yes,No,Fiber optic,No,Month-to-month,Yes,Mailed check,18,97133,536.7,1.1,8.5,No
2576-HXMPA,Female,No,1,Yes,No,No,No internet service,Month-to-month,Yes,Credit card (automatic),,81399,604.3,3,7,No
7587-AOVVU,Male,No,27,Yes,No,Fiber optic,Yes,Month-to-month,No,Electronic check,44,73119,746.2,10,7.3,No
5590-BYNII,Male,No,22,Yes,No,Fiber optic,No,Month-to-month,No,Electronic check,48,43017,407.5,6.1,7.7,Yes
6898-MDLZW,Male,No,12,Yes,Yes,DSL,Yes,Month-to-month,Yes,Mailed check,33,102583,578.8,1.1,7.9,No
3237-AJGEH,Female,No,3,No,Yes,DSL,Yes,Month-to-month,No,Mailed check,42,36989,0,2.9,7.8,Yes
4707-YNOQA,Female,No,34,Yes,No phone service,No,No internet service,One year,Yes,Credit card (automatic),34,43967,,1.7,7.6,No
9357-UJRUN,Male,No,24,Yes,No,DSL,Yes,One year,No,Electronic check,56,64710,741,2.7,5.2,No
1591-NFNLQ,Male,No,51,Yes,No,Fiber optic,No,Month-to-month,No,Credit card (automatic),42,52077,747.6,2.9,5,Yes
8648-PFRMP,Female,No,14,No,Yes,DSL,No,Month-to-month,No,Electronic check,24,47720,0,5.8,7.6,No
7663-CUXZB,Male,No,59,Yes,No,Fiber optic,Yes,Two year,Yes,Electronic check,46,82575,558.7,4.1,9.5,No
0258-NOKBL,Male,No,3,Yes,No,Fiber optic,No,Month-to-month,Yes,Electronic check,29,35895,315,5.6,9,No
1163-VIPRI,Female,Yes,65,Yes,Yes,Fiber optic,Yes,Two year,No,Electronic check,52,81366,721.1,5.9,7.7,No
2815-CPTUL,Male,No,5,Yes,No,Fiber optic,No,Month-to-month,No,Mailed check,20,61318,594.6,8.9,6,Yes
9348-ROUAI,Female,No,59,Yes,Yes,DSL,Yes,Two year,Yes,Credit card (automatic),46,68578,810,0.3,7.7,No
9443-JUBUO,Male,No,72,No,Yes,DSL,Yes,Two year,No,Credit card (automatic),63,51740,0,1.8,7.8,No
0596-BQCEQ,Female,Yes,62,Yes,No,Fiber optic,No,Month-to-month,No,Electronic check,72,86893,368,3.4,4.6,Yes
1481-ZUWZA,Male,Yes,28,Yes,Yes,Fiber optic,No,Month-to-month,Yes,Credit card (automatic),50,51768,471.2,3,3.1,Yes
3043-TYBNO,Male,No,3,Yes,No,DSL,Yes,Month-to-month,Yes,Mailed check,18,,140.8,1.1,7.4,No
4830-FAXFM,Male,No,19,Yes,Yes,No,No internet service,Month-to-month,No,Credit card (automatic),29,109003,367.1,4.8,6.6,No
5906-BFOZT,Male,No,1,Yes,Yes,No,No internet service,Month-to-month,No,Mailed check,56,75833,339.8,5.5,7.2,No
2960-NKRSO,Male,No,24,Yes,Yes,Fiber optic,Yes,Month-to-month,No,Electronic check,44,,291.6,5.1,6.2,No
8996-ZROXE,Male,No,57,Yes,No,DSL,Yes,One year,Yes,Electronic check,38,61683,505.9,3.4,7,No
5598-IKHQQ,Female,No,72,Yes,Yes,No,No internet service,Two year,Yes,Credit card (automatic),28,26527,516.4,0.2,8.3,No
0397-ZXWQF,Male,No,67,Yes,No,No,No internet service,Two year,Yes,Bank transfer (automatic),64,77876,668.8,1.8,5.5,No
5266-PFRQK,Male,No,52,Yes,Yes,No,No internet service,One year,No,Credit card (automatic),59,,749.7,2.2,7.2,No
4674-HGNUA,Male,No,71,Yes,No,DSL,Yes,Two year,Yes,Credit card (automatic),23,45636,532.4,1.6,9.2,No
6765-MBQNU,Female,No,26,Yes,Yes,No,No internet service,One year,Yes,Mailed check,34,37814,764.5,2,6,No
9786-IJYDL,Female,No,35,Yes,Yes,Fiber optic,Yes,Two year,No,Mailed check,58,30942,444.9,0.5,8,No
1303-SRDOK,Female,No,55,Yes,Yes,Fiber optic,No,Two year,Yes,Credit card (automatic),42,55711,396.1,0.8,6,No
3769-MHZNV,Female,No,33,Yes,No,No,No internet service,Two year,Yes,Mailed check,42,45313,585.2,5.6,8.8,No
6295-OSINB,Male,No,72,Yes,No phone service,Fiber optic,No,Two year,Yes,Electronic check,63,81677,637.4,4.1,7.7,No
3308-MHOOC,Male,No,1,Yes,No,No,No internet service,Month-to-month,Yes,Mailed check,55,76505,456.6,1.5,6.9,No
2309-OSFEU,Male,No,10,No,Yes,DSL,No,Month-to-month,Yes,Mailed check,77,21917,0,7.3,6.7,Yes
2207-QPJED,Female,No,37,Yes,Yes,Fiber optic,Yes,Month-to-month,No,Electronic check,76,93069,440.6,0.8,7.4,No
4177-JPDFU,Male,No,12,No,Yes,DSL,Yes,Month-to-month,Yes,Mailed check,24,76283,0,3,8.4,No
2239-CFOUJ,Male,No,1,Yes,No,No,No internet service,One year,No,Mailed check,82,48629,317.8,2.7,6.8,No
8046-DNVTL,Male,No,62,No,Yes,DSL,Yes,Two year,Yes,Credit card (automatic),69,58714,0,2.3,8.6,No
2209-XADXF,Female,No,1,No,No phone service,DSL,No,Month-to-month,Yes,Bank transfer (automatic),65,62052,0,1.3,7.6,No
6620-JDYNW,Female,No,18,Yes,Yes,DSL,No,Month-to-month,Yes,Mailed check,43,39183,479.9,2.4,7.6,No
1891-FZYSA,Male,Yes,69,Yes,No,Fiber optic,No,Month-to-month,Yes,Electronic check,46,87099,624.1,3.4,7.9,Yes
4770-UEZOX,Male,Yes,2,Yes,No phone service,Fiber optic,No,Month-to-month,No,Electronic check,76,45459,449.8,3.4,6.2,No
1038-RQOST,Male,Yes,19,Yes,No,No,No internet service,Month-to-month,No,,44,86437,280.9,3.2,6.6,No
7613-LLQFO,Male,No,12,Yes,Yes,Fiber optic,No,Month-to-month,No,Electronic check,67,97020,516,6.6,5.4,Yes
4568-TTZRT,Male,No,9,Yes,Yes,No,No internet service,Month-to-month,No,Mailed check,44,31177,486,1.8,6.1,No
9513-DXHDA,Male,Yes,27,Yes,No,DSL,Yes,One year,Yes,Electronic check,64,39420,489.1,3.6,8.1,No
2640-PMGFL,Male,No,27,Yes,No,Fiber optic,Yes,Month-to-month,No,Electronic check,41,35646,596.5,6.4,7.9,Yes
3801-HMYNL,Male,No,1,Yes,Yes,Fiber optic,No,Month-to-month,No,Mailed check,46,42275,393.4,8.4,5.6,Yes
0516-QREYC,Female,Yes,24,Yes,Yes,No,No internet service,Month-to-month,No,Mailed check,54,31759,425.2,4.5,5.8,No
9685-WKZGT,Male,No,14,Yes,Yes,Fiber optic,No,Month-to-month,No,Electronic check,54,81497,520.8,8.8,5.8,Yes
6022-UGGSO,Female,No,32,Yes,Yes,Fiber optic,No,Month-to-month,Yes,Electronic check,47,151907,372.7,3.9,3.9,Yes
8084-OIVBS,Female,No,11,Yes,No,No,No internet service,One year,No,Mailed check,28,50899,463.9,1.1,8.8,No
8896-BQTTI,Male,No,1,Yes,No,No,No internet service,Month-to-month,No,Mailed check,33,48347,738,1.3,7.9,No
3865-QBWSJ,Male,No,38,Yes,Yes,Fiber optic,No,Month-to-month,No,Mailed check,37,46535,773.7,0,5.7,No
3352-RICWQ,Female,No,9,Yes,Yes,No,No internet service,Two year,Yes,Mailed check,38,109289,404.1,1.6,8.3,No
2160-GPFXD,Male,No,54,Yes,Yes,DSL,Yes,Two year,Yes,Credit card (automatic),60,175404,492.3,1,7.2,No
2065-MMKGR,Female,No,29,Yes,Yes,DSL,No,One year,No,Credit card (automatic),41,45839,614.9,0,7.6,No
5857-TYBCJ,Male,No,44,Yes,No,Fiber optic,No,Month-to-month,No,Electronic check,69,38578,577.2,3,5.4,No
1498-NHTLT,Male,No,59,Yes,No,DSL,Yes,Two year,Yes,Electronic check,55,51890,31.2,5.4,7.6,No
4484-CGXFK,Female,No,3,Yes,No phone service,DSL,No,Month-to-month,Yes,Electronic check,42,48060,573.2,5.1,6.4,Yes
1402-PTHGN,Female,No,18,Yes,No,DSL,Yes,One year,Yes,Mailed check,60,54181,711,4.7,8.7,No
4176-RELJR,Male,No,67,Yes,No phone service,No,No internet service,Two year,No,Credit card (automatic),53,35350,603,0.1,8.7,No
6214-EDAKZ,Female,No,22,Yes,Yes,DSL,Yes,Month-to-month,No,Electronic check,32,114167,504.9,1.8,5.8,Yes
5199-FPUSP,Male,No,33,No,Yes,DSL,Yes,One year,Yes,Credit card (automatic),39,48174,0,3.9,8.4,No
6377-KSLXC,Male,No,5,Yes,No,No,No internet service,Month-to-month,No,Mailed check,45,50246,377.2,2.7,9.6,No
1796-JANOW,Female,No,2,Yes,No,No,No internet service,Month-to-month,No,Mailed check,71,66757,455.4,8.8,7.1,No
0238-WHBIQ,Male,No,72,Yes,Yes,DSL,Yes,Two year,Yes,Credit card (automatic),76,152475,553.6,2.1,7.7,No
8735-NBLWT,Male,No,9,Yes,No,No,No internet service,Month-to-month,Yes,,18,74600,439,6.9,7.8,No
6651-RLGGM,Male,No,67,Yes,No,No,No internet service,Two year,Yes,Mailed check,77,62089,758.9,0.4,6.6,No
6127-ISGTU,Female,No,16,Yes,Yes,Fiber optic,No,Month-to-month,Yes,Electronic check,55,33304,572.7,2.8,5.4,Yes
1614-JBEBI,Female,No,8,Yes,No phone service,No,No internet service,Month-to-month,No,Mailed check,42,157450,481.7,1.9,6.9,No
8740-XLHDR,Male,No,,No,Yes,DSL,Yes,Month-to-month,Yes,Mailed check,28,78988,0,4.8,7.3,Yes
1208-DNHLN,Male,No,23,Yes,No phone service,DSL,No,One year,Yes,Credit card (automatic),32,53374,922.2,2.5,6.2,Yes
1761-AEZZR,Male,No,1,Yes,Yes,Fiber optic,No,Month-to-month,Yes,Electronic check,73,163823,494.3,3.8,4.7,Yes
3923-CSIHK,Female,No,50,Yes,No,Fiber optic,No,Month-to-month,Yes,Electronic check,29,88413,730.6,13.3,5.8,Yes
5696-EXCYS,Male,No,17,Yes,No,No,No internet service,Two year,Yes,Credit card (automatic),63,42855,440.5,0.8,9.7,No
5795-KTGUD,Female,No,68,Yes,Yes,Fiber optic,No,Two year,Yes,,41,43886,670.3,2.5,8.2,No
7120-RFMVS,Male,Yes,1,Yes,Yes,Fiber optic,No,Month-to-month,Yes,Electronic check,64,85323,839.1,4.1,5.9,Yes
7924-GJZFI,Female,No,25,Yes,Yes,Fiber optic,No,Month-to-month,Yes,Electronic check,73,55671,326,1.9,6.7,No
4702-HDRKD,Male,No,67,No,No,DSL,Yes,One year,Yes,Bank transfer (automatic),43,151653,0,1.3,7.9,No
8512-WIWYV,Male,No,32,Yes,Yes,No,No internet service,One year,Yes,Credit card (automatic),47,19655,460.3,1.4,6.5,No
5897-ZYEKH,Female,No,67,Yes,No,Fiber optic,No,One year,Yes,Electronic check,26,50280,355.5,,5.2,No
5456-ITGIC,Male,No,72,No,No,DSL,Yes,Two year,No,Credit card (automatic),58,33701,0,1.1,8.4,No
7317-GGVPB,Male,Yes,71,Yes,No,Fiber optic,Yes,Two year,Yes,Credit card (automatic),61,76225,637,1.6,5.6,Yes
1406-PUQVY,Male,No,1,Yes,No,DSL,No,Month-to-month,Yes,Electronic check,23,34606,456.3,12.3,8.5,No
1322-AGOQM,Male,No,46,No,No,DSL,No,Month-to-month,No,Bank transfer (automatic),51,103368,0,5.9,6.4,Yes
3677-IYRBF,Female,No,2,No,No,DSL,No,Month-to-month,Yes,Electronic check,24,40124,0,2.4,8.5,Yes
5692-FPTAH,Female,No,1,Yes,Yes,DSL,No,Month-to-month,No,Mailed check,64,98186,400.4,3.3,6.3,Yes
9114-AAFQH,Female,No,48,Yes,No,DSL,No,One year,Yes,Electronic check,37,84386,441.6,2.1,5.2,No
8715-KKTFG,Female,No,61,Yes,Yes,Fiber optic,Yes,One year,No,,48,98466,517,3,8.7,No
1550-LOAHA,Female,No,32,Yes,No,Fiber optic,No,Month-to-month,Yes,Bank transfer (automatic),22,62110,532.1,2.5,4.2,Yes
1728-BQDMA,Female,Yes,2,Yes,Yes,DSL,No,Month-to-month,No,Electronic check,35,95265,336.8,5.4,6.5,No
0268-QKIWO,Female,No,3,Yes,Yes,No,No internet service,Month-to-month,Yes,Electronic check,77,42016,819,18.7,5.5,Yes
0876-WDUUZ,Female,No,5,Yes,Yes,Fiber optic,Yes,Month-to-month,No,Credit card (automatic),54,55328,664.1,4.2,7.1,Yes
5117-ZSMHQ,Female,No,71,Yes,No phone service,DSL,Yes,Two year,No,Bank transfer (automatic),37,55635,792.5,1.9,6.9,No
5151-HQRDG,Male,No,37,Yes,Yes,DSL,No,Month-to-month,No,Mailed check,33,79258,388.5,1.2,7,No
0960-HUWBM,Male,No,65,Yes,No,Fiber optic,Yes,Two year,Yes,Bank transfer (automatic),41,41593,466.9,2.1,6.7,No
6465-GSRCL,Female,Yes,67,Yes,No,Fiber optic,Yes,One year,Yes,Bank transfer (automatic),18,46888,468.4,0.6,6.7,No
0617-FHSGK,Male,Yes,49,Yes,Yes,Fiber optic,No,Month-to-month,Yes,Credit card (automatic),49,39907,805.3,5.2,6.9,Yes
0263-FJTQO,Male,No,50,Yes,No,DSL,Yes,Two year,Yes,Credit card (automatic),50,121537,776.5,0.9,8.5,No
7319-ZNRTR,Male,No,25,Yes,No,No,No internet service,One year,Yes,Electronic check,38,135481,486.9,0.7,6.9,No
2858-MOFSQ,Female,No,17,Yes,Yes,DSL,No,One year,Yes,Mailed check,31,92281,596.1,3.7,7.1,Yes
7503-EPSZW,Female,No,64,Yes,Yes,No,No internet service,Two year,No,Mailed check,35,68044,515.3,3.3,6.3,No
7089-XXAYG,Male,No,25,No,Yes,DSL,No,One year,No,Credit card (automatic),64,50644,0,0,6.5,No
8118-LSUEL,Male,No,23,Yes,No,Fiber optic,No,Month-to-month,Yes,Electronic check,25,47740,736.1,9.6,5.1,Yes
8070-AAWZP,Male,No,24,No,No,DSL,Yes,Month-to-month,Yes,Mailed check,36,41529,0,1.4,6.5,No
1666-JXLKU,Female,No,37,Yes,Yes,Fiber optic,No,Month-to-month,No,Electronic check,39,32825,422.7,2.6,5.8,No
7855-DIWPO,Female,No,21,Yes,No phone service,Fiber optic,No,Month-to-month,Yes,Electronic check,51,50034,387.2,,6.4,No
5133-POWUA,Male,No,1,Yes,No,DSL,No,Month-to-month,No,Mailed check,34,80452,662,6.4,7.3,No
5652-MSDEY,Female,No,10,Yes,No,Fiber optic,No,Month-to-month,No,Mailed check,19,56410,673.5,2.5,5,No
7005-CCBKV,Male,No,6,Yes,No phone service,Fiber optic,No,Month-to-month,No,Electronic check,50,88083,315.8,7.3,6.9,Yes
1810-BOHSY,Male,No,51,Yes,Yes,Fiber optic,No,One year,No,Credit card (automatic),74,40936,332.7,4.6,7,No
1784-BXEFA,Female,No,10,Yes,No,No,No internet service,Month-to-month,Yes,Mailed check,29,57526,,0.1,,No
7351-MHQVU,Female,No,6,No,No,DSL,Yes,Month-to-month,Yes,Credit card (automatic),52,118041,0,0.8,7.7,No
9224-VTYID,Male,No,47,Yes,No,DSL,Yes,Two year,Yes,Mailed check,43,134359,554.1,1,6.2,No
9500-IWPXQ,Female,No,61,Yes,Yes,DSL,Yes,One year,Yes,Electronic check,29,77738,749.3,2,9.1,No
5762-TJXGK,Female,Yes,52,No,No,DSL,No,Two year,No,Bank transfer (automatic),50,57168,0,3.5,7.5,No
4504-YOULA,Female,No,35,Yes,No,DSL,No,Month-to-month,Yes,Credit card (automatic),51,55247,551.3,2.1,10,No
5569-IDSEY,Male,No,71,Yes,No,Fiber optic,No,One year,No,Bank transfer (automatic),18,37661,826.1,0.3,5.6,No
4250-FDVOU,Female,Yes,6,Yes,No,DSL,No,Month-to-month,Yes,Electronic check,40,41797,743.8,7.8,6.7,Yes
7284-ZZLOH,Male,No,45,Yes,Yes,DSL,No,Two year,Yes,Credit card (automatic),64,43051,294.9,2.1,8.5,No
5277-ZLOOR,Female,Yes,2,Yes,Yes,Fiber optic,No,Month-to-month,No,Electronic check,76,115395,332.4,5,5.8,Yes
2141-RRYGO,Female,No,4,Yes,Yes,DSL,No,Month-to-month,Yes,Bank transfer (automatic),53,59071,517.3,4,6.5,Yes
1777-JYQPJ,Male,Yes,2,No,Yes,DSL,No,Month-to-month,Yes,Mailed check,33,60488,0,6.2,6.2,No
6376-GAHQE,Male,No,4,Yes,No,Fiber optic,No,Month-to-month,Yes,Electronic check,33,67838,392.4,3.1,5.3,Yes
3401-URHDA,Male,No,51,Yes,No,DSL,Yes,One year,No,Credit card (automatic),35,57113,412.3,1.1,7.8,No
1599-EAHXY,Male,No,60,Yes,Yes,No,No internet service,One year,Yes,Credit card (automatic),38,68961,513.5,0.2,8.2,No
8631-XVRZL,Male,No,9,Yes,No,No,No internet service,One year,Yes,Mailed check,26,34825,236.9,0.3,7.5,No
5052-PNLOS,Male,No,3,Yes,No,Fiber optic,No,Month-to-month,No,Bank transfer (automatic),33,29898,408.1,3.2,4.6,Yes
3853-LYGAM,Male,No,17,Yes,No phone service,Fiber optic,Yes,Month-to-month,Yes,Bank transfer (automatic),64,67608,640.8,5.6,6.3,No
6979-ZNSFF,Female,No,8,Yes,No,Fiber optic,No,Month-to-month,No,Electronic check,26,58744,556.7,5.3,4.8,Yes
5751-USDBL,Male,No,46,Yes,No,DSL,Yes,Two year,No,Mailed check,56,80533,638.6,5.5,6.8,No
5680-LQOGP,Female,Yes,68,Yes,No,DSL,Yes,Two year,Yes,Credit card (automatic),32,68724,25,2.2,6.2,No
2386-LAHRK,Male,No,,Yes,No,DSL,No,Month-to-month,Yes,Mailed check,37,104864,431.6,,5.3,Yes
8189-DUKMV,Female,Yes,4,Yes,No phone service,No,No internet service,One year,No,Bank transfer (automatic),51,26340,343.2,5.1,8,No
6032-IGALN,Female,No,1,No,Yes,DSL,No,Month-to-month,No,Mailed check,31,28426,0,1.5,7.7,Yes
9931-DCEZH,Male,No,28,Yes,No,DSL,Yes,One year,Yes,Credit card (automatic),77,48014,684.3,0,7.8,No
1898-JSNDC,Female,No,39,Yes,No,DSL,No,One year,Yes,Credit card (automatic),45,40048,237.6,1.8,7.9,No
0315-LVCRK,Male,No,11,Yes,No,Fiber optic,No,Month-to-month,Yes,Electronic check,67,50004,367.5,5.1,5.6,No
3911-RSNHI,Female,Yes,71,No,Yes,DSL,Yes,Two year,Yes,Credit card (automatic),28,96409,0,0,8.1,No
2410-CIYFZ,Male,Yes,2,Yes,Yes,No,No internet service,Month-to-month,No,Mailed check,23,52149,289.5,3.5,6.4,No
4248-HCETZ,Male,No,30,Yes,Yes,Fiber optic,No,Month-to-month,No,Mailed check,28,71130,566.4,4.4,4.8,Yes
5505-OVWQW,Female,No,17,Yes,Yes,No,No internet service,One year,No,Mailed check,34,31489,668.1,1.8,6.8,No
7271-AJDTL,Female,No,55,Yes,Yes,Fiber optic,No,Month-to-month,Yes,Credit card (automatic),28,59440,682.6,0.6,5,No
1867-TJHTS,Female,Yes,58,Yes,Yes,Fiber optic,No,Month-to-month,Yes,Bank transfer (automatic),44,62619,619.4,1.8,7.7,No
0516-WJVXC,Female,Yes,5,Yes,No,DSL,Yes,Month-to-month,Yes,Electronic check,21,77035,343.4,7.8,7.6,Yes
9174-FKWZE,Female,No,1,Yes,No,No,No internet service,Month-to-month,No,Electronic check,52,93074,350,10.4,5.7,Yes
6860-YRJZP,Male,No,,Yes,No,Fiber optic,No,Month-to-month,Yes,Electronic check,44,110712,782.6,0.9,7.1,No
4429-WYGFR,Male,No,26,Yes,No,DSL,Yes,Month-to-month,Yes,Bank transfer (automatic),29,30540,304.7,0.5,6.2,No
2817-LVCPP,Female,No,50,Yes,No phone service,No,No internet service,Two year,No,Credit card (automatic),25,42292,633.1,1.1,8.7,No
5038-ETMLM,Female,No,,Yes,No,Fiber optic,Yes,Two year,Yes,Bank transfer (automatic),87,35935,572.8,1.8,7.5,No
5056-FIMPT,Female,No,43,Yes,No,Fiber optic,Yes,One year,Yes,Credit card (automatic),35,58714,614.8,1.5,6.8,No
4521-WFJAI,Male,No,56,Yes,No,No,No internet service,Two year,No,Bank transfer (automatic),36,21894,852.1,3.3,8.5,No
6569-KTMDU,Female,No,1,Yes,No phone service,No,No internet service,Month-to-month,Yes,Mailed check,73,31125,538,2.7,6.6,No
8809-RIHDD,Male,Yes,72,Yes,No,Fiber optic,No,Two year,No,Electronic check,46,83447,517,8,6.5,Yes
8809-XKHMD,Male,Yes,72,Yes,Yes,Fiber optic,Yes,Two year,Yes,Bank transfer (automatic),45,116312,655,1.2,6.2,No
0396-YCHWO,Male,No,36,Yes,Yes,Fiber optic,No,Month-to-month,Yes,Electronic check,58,60992,437.2,3.7,6.6,No
0867-LDTTC,Male,Yes,5,Yes,No,DSL,Yes,Month-to-month,No,Bank transfer (automatic),43,92886,597.5,1.8,6.6,No
4822-NGOCH,Female,No,13,Yes,No phone service,Fiber optic,No,Month-to-month,Yes,Electronic check,50,50543,600.4,4.2,4.4,Yes
9391-DXGGG,Female,No,44,Yes,No,Fiber optic,No,One year,No,Credit card (automatic),20,65959,126.4,0,5.4,No
9844-FELAJ,Female,No,70,Yes,No,Fiber optic,Yes,One year,Yes,Electronic check,38,45077,348.5,9.5,5.5,No
2122-SZZZD,Male,Yes,44,Yes,No,No,No internet service,One year,No,Credit card (automatic),54,68694,582.6,1.1,8.9,No
5307-DZCVC,Female,No,32,Yes,Yes,Fiber optic,No,Month-to-month,Yes,Credit card (automatic),65,46334,830.1,5.5,5.7,Yes
3148-AOIQT,Female,No,69,Yes,No,No,No internet service,Two year,No,Credit card (automatic),37,55884,605.4,1.3,7.6,No
8679-JOEVF,Female,No,16,Yes,No,DSL,Yes,Month-to-month,Yes,Electronic check,46,65523,569.8,9.3,6.1,Yes
8395-ETZKQ,Male,No,68,Yes,Yes,No,No internet service,One year,Yes,Bank transfer (automatic),54,107354,410.6,0,6.9,No
6692-YQHXC,Male,No,16,Yes,No phone service,Fiber optic,No,Month-to-month,Yes,Credit card (automatic),72,37428,414.4,0.7,7.7,No
3889-VWBID,Male,No,68,Yes,No,DSL,Yes,Two year,No,Bank transfer (automatic),74,58916,493.4,1.3,9.8,No
5222-JCXZT,Male,No,4,Yes,No,No,No internet service,Month-to-month,Yes,,46,32569,262.3,8.3,7.2,No
9754-CLVZW,Female,No,26,No,No,DSL,Yes,Month-to-month,Yes,Credit card (automatic),18,125260,0,1.5,6.9,No
1432-FPAXX,Female,No,29,No,No,DSL,No,Month-to-month,Yes,Electronic check,56,,0,10.2,8.4,Yes
2739-CCZMB,Male,No,5,Yes,Yes,No,No internet service,Month-to-month,Yes,Credit card (automatic),71,42872,535.5,0.1,10,No
7080-TNUWP,Male,No,70,Yes,Yes,Fiber optic,No,One year,Yes,Bank transfer (automatic),81,67630,830.1,0.5,7.6,No
0496-AHOOK,Male,No,24,Yes,No,DSL,Yes,One year,Yes,Bank transfer (automatic),81,55998,408.4,0.8,6.7,No
8336-TAVKX,Female,No,72,Yes,No,DSL,Yes,Two year,Yes,Bank transfer (automatic),70,24547,809.8,2.8,7.4,No
2468-SJFLM,Male,Yes,1,Yes,Yes,Fiber optic,Yes,Month-to-month,No,Mailed check,83,58616,508.4,5.1,7.4,No
3181-VTHOE,Male,No,70,No,Yes,DSL,Yes,One year,Yes,Bank transfer (automatic),48,68742,0,0.8,9.5,No
7168-HDQHG,Female,No,36,Yes,No,No,No internet service,Month-to-month,Yes,Bank transfer (automatic),19,43310,286.9,4.2,8.7,No
4803-AXVYP,Female,No,38,Yes,No phone service,Fiber optic,Yes,Month-to-month,Yes,Electronic check,25,44263,525.3,24,3.6,Yes
3884-HCSWG,Female,No,17,Yes,No phone service,Fiber optic,No,Month-to-month,Yes,Electronic check,54,101871,500.2,3.2,5.7,Yes
4567-AKPIA,Female,Yes,41,Yes,No phone service,Fiber optic,Yes,One year,Yes,Bank transfer (automatic),43,20829,435.6,0.9,6.1,No
5077-DXTCG,Female,No,,Yes,Yes,DSL,No,Month-to-month,No,Electronic check,40,38367,532.8,8.6,6.1,Yes
1142-WACZW,Male,No,2,No,Yes,DSL,Yes,Month-to-month,No,Bank transfer (automatic),40,46912,0,4.2,3.8,Yes
7901-HXJVA,Male,No,14,Yes,No,Fiber optic,No,Month-to-month,Yes,Electronic check,48,71628,340.2,6.6,7,No
5649-ANRML,Male,No,2,Yes,No,Fiber optic,Yes,Month-to-month,Yes,Credit card (automatic),19,42742,520.7,3.8,6.4,Yes
4892-VLANZ,Male,No,1,Yes,Yes,No,No internet service,Month-to-month,No,Mailed check,67,67853,267.8,7.3,5.1,Yes
5924-IFQTT,Male,Yes,13,Yes,Yes,DSL,Yes,Month-to-month,Yes,Electronic check,53,58777,645.9,5.8,9.1,No
7968-QUXNS,Male,No,6,Yes,No,No,No internet service,Month-to-month,No,Mailed check,37,73316,507.5,0,5.9,No
2919-HBCJO,Female,No,4,Yes,No,Fiber optic,No,Month-to-month,Yes,Bank transfer (automatic),42,89018,345.7,4.4,8.2,Yes
4236-XPXAV,Female,Yes,5,Yes,No,Fiber optic,Yes,Month-to-month,Yes,Mailed check,69,29629,282.1,1.6,8.9,Yes
8903-WMRNW,Female,No,15,Yes,No phone service,Fiber optic,No,Month-to-month,Yes,Electronic check,71,50291,346.2,9.3,5.9,No
2452-SNHFZ,Female,No,47,Yes,No,Fiber optic,No,Month-to-month,Yes,Credit card (automatic),35,47622,442.4,3.7,8,No
3629-WEAAM,Female,No,8,Yes,No phone service,DSL,Yes,Month-to-month,Yes,Mailed check,25,26773,571.1,7.6,6.4,No
6029-CSMJE,Male,No,17,No,No,DSL,No,Month-to-month,Yes,Mailed check,53,27027,0,1.9,8.3,No
7993-NQLJE,Male,No,15,Yes,Yes,Fiber optic,No,Month-to-month,Yes,Mailed check,55,49536,291.4,0.9,7,No
9909-DFRJA,Female,No,26,Yes,No,Fiber optic,Yes,One year,No,Bank transfer (automatic),43,38875,142.2,0.1,7.2,No
9099-FTUHS,Female,No,23,Yes,No,DSL,No,Month-to-month,No,Electronic check,45,113863,731.4,5.3,5.4,No
0581-BXBUB,Female,No,4,Yes,No,Fiber optic,No,Month-to-month,No,Electronic check,69,78234,150.3,0.1,8.9,No
4962-CHQPW,Male,No,29,Yes,Yes,No,No internet service,One year,Yes,,36,56312,513.4,3,9.1,No
9467-ROOLM,Female,Yes,25,Yes,Yes,No,No internet service,Month-to-month,Yes,Mailed check,37,42008,541.3,3.1,8.8,No
3030-YZADT,Male,No,9,Yes,Yes,DSL,No,Month-to-month,Yes,Mailed check,36,103441,563.8,3.2,5.4,Yes
7410-KTVFV,Male,No,18,Yes,No,DSL,No,Month-to-month,Yes,Mailed check,54,44911,220.2,5.4,4.6,Yes
5150-ITWWB,Male,No,3,Yes,No,Fiber optic,No,Month-to-month,No,Electronic check,32,159581,444.8,4.1,6.9,No
2253-KPMNB,Female,No,69,No,Yes,DSL,Yes,Two year,Yes,Bank transfer (automatic),28,72652,0,3.2,5.5,No
1345-ZUKID,Male,No,14,Yes,No,No,No internet service,One year,Yes,Mailed check,31,48109,209.2,2.7,7.7,No
6429-SHBCB,Male,No,19,Yes,Yes,DSL,No,Month-to-month,No,Mailed check,22,76982,504.3,7,5.8,No
9281-OFDMF,Male,No,39,Yes,Yes,Fiber optic,No,Month-to-month,Yes,Electronic check,54,56981,647.8,7.8,6.3,No
2603-HVKCG,Male,Yes,31,Yes,No,Fiber optic,No,Month-to-month,Yes,Electronic check,41,94814,551.5,2.6,8.8,No
1834-WULEG,Male,Yes,24,Yes,No phone service,No,No internet service,One year,Yes,Mailed check,45,95525,635.3,0,8,No
9097-ZUBYC,Male,No,14,Yes,No,DSL,Yes,Month-to-month,No,Bank transfer (automatic),30,27834,562.8,3.3,8.9,No
5148-ORICT,Female,Yes,64,Yes,No,DSL,Yes,Two year,Yes,Mailed check,32,38627,560.3,2.6,6,No
4893-GYUJU,Female,No,50,Yes,Yes,No,No internet service,One year,Yes,Mailed check,45,93944,204.8,1.7,7.4,No
4578-PHJYZ,Male,No,52,Yes,No,DSL,Yes,One year,Yes,Electronic check,45,63260,434.2,2.1,7.4,No
7272-QDCKA,Male,No,28,Yes,No,Fiber optic,No,One year,No,Electronic check,31,28413,299.5,2.5,8.4,No
8908-SLFCJ,Female,No,21,Yes,Yes,No,No internet service,Two year,Yes,Credit card (automatic),73,47282,527.8,1.1,10,No
8393-DLHGA,Male,No,25,Yes,No,Fiber optic,No,Month-to-month,No,Electronic check,61,66372,520.5,5.4,8.6,Yes
9766-HGEDE,Female,No,17,Yes,Yes,No,No internet service,One year,Yes,Mailed check,81,23321,542.6,0.4,9.3,No
6968-MHOMU,Male,No,58,No,No,DSL,No,One year,No,Credit card (automatic),77,93972,0,2.4,8.9,No
7395-IGJOS,Male,No,17,Yes,Yes,Fiber optic,No,Month-to-month,No,Bank transfer (automatic),82,19997,326.8,3.7,4.9,Yes
5044-XDPYX,Female,No,51,Yes,No,No,No internet service,Two year,Yes,Mailed check,33,57783,468.4,3.7,8.4,No
1814-WFGVS,Male,No,72,No,No,DSL,Yes,Two year,No,Mailed check,51,66965,0,2.6,6.8,No
2834-SPCJV,Male,No,52,Yes,Yes,Fiber optic,No,Month-to-month,No,Electronic check,37,173469,655.3,6.9,4.2,Yes
3721-WKIIL,Female,No,27,Yes,Yes,No,No internet service,Two year,Yes,Mailed check,39,41742,547.6,0.8,7.6,No
6734-CKRSM,Female,No,3,Yes,No phone service,No,No internet service,Month-to-month,No,Mailed check,43,47510,314.6,0,5.2,No
1265-ZFOSD,Female,No,64,Yes,No,DSL,Yes,Two year,Yes,Mailed check,39,,684.5,0,7,No
6568-POCUI,Female,No,45,Yes,Yes,Fiber optic,Yes,Two year,No,Credit card (automatic),85,118975,308.3,1.5,6.7,No
7890-VYYWG,Male,No,3,No,No,DSL,No,Month-to-month,No,Mailed check,52,58808,0,6.2,6.9,Yes
5197-LQXXH,Female,No,71,Yes,Yes,DSL,Yes,Two year,Yes,Credit card (automatic),71,135408,712.1,0.8,9.4,No
9907-SWKKF,Female,No,1,No,No,DSL,No,Month-to-month,Yes,Mailed check,49,45445,0,2.7,4.4,Yes
3457-PQBYH,Female,No,58,Yes,No,No,No internet service,Two year,No,Credit card (automatic),31,48240,642.4,3.9,6.9,No
7682-AZNDK,Male,Yes,34,Yes,Yes,Fiber optic,No,Month-to-month,No,Electronic check,31,39186,314.2,1.5,5.3,No
0587-DMGBH,Female,No,8,Yes,No,DSL,No,Month-to-month,Yes,Electronic check,68,74394,84.2,6.2,7.5,Yes
5384-ZTTWP,Female,Yes,15,Yes,No,No,No internet service,Month-to-month,No,Mailed check,68,97370,593.3,0.4,8.4,No
3745-HRPHI,Male,No,66,No,No,DSL,Yes,Two year,Yes,Bank transfer (automatic),52,43032,0,0.4,6.7,No
7636-OWBPG,Male,No,12,No,No,DSL,No,Month-to-month,Yes,Credit card (automatic),58,67093,0,1.2,6.3,No
1231-YNDEK,Male,No,58,Yes,No,No,No internet service,Two year,Yes,Bank transfer (automatic),81,57258,379.7,0,7.6,No
1407-DIGZV,Female,Yes,3,Yes,No,No,No internet service,Two year,No,Mailed check,55,130558,495,3.1,6.8,No
6397-JNZZG,Female,Yes,43,No,Yes,DSL,No,Month-to-month,No,Credit card (automatic),28,65113,0,6.6,5.2,Yes
0570-BFQHT,Female,No,9,Yes,No phone service,Fiber optic,No,Month-to-month,Yes,Electronic check,43,24043,383.1,3.8,6.9,No
4393-OBCRR,Female,No,3,Yes,No,No,No internet service,One year,Yes,,31,80525,220.9,0.8,7.1,No
3523-QRQLL,Female,Yes,22,Yes,Yes,DSL,No,One year,No,Bank transfer (automatic),31,25502,409.4,3.6,7.2,Yes
8564-LDKFL,Male,No,40,Yes,No,Fiber optic,No,One year,Yes,Bank transfer (automatic),39,71733,565.3,0.4,7.9,No
3696-DFHHB,Female,Yes,68,Yes,Yes,No,No internet service,Two year,Yes,Bank transfer (automatic),18,39674,271,0.8,10,No
0895-DQHEW,Male,Yes,,Yes,No,Fiber optic,No,Month-to-month,Yes,Electronic check,34,52002,669.2,6.5,7.2,Yes
4717-GHADL,Female,No,50,Yes,No,DSL,Yes,Two year,Yes,Mailed check,49,33685,706.4,7.4,7,No
5501-TVMGM,Male,No,,Yes,Yes,DSL,No,Month-to-month,No,Electronic check,82,39179,436.1,3.3,4,No
5879-HMFFH,Female,No,72,Yes,Yes,DSL,Yes,Two year,No,Bank transfer (automatic),23,36710,719.7,0,5.6,No
6772-WFQRD,Male,No,40,Yes,Yes,No,No internet service,One year,Yes,Bank transfer (automatic),80,95493,299.3,0,8.7,No
3810-DVDQQ,Female,No,72,Yes,Yes,Fiber optic,Yes,Two year,Yes,Bank transfer (automatic),,90672,656.3,1.4,7.3,No
6972-SNKKW,Female,No,6,Yes,No phone service,No,No internet service,Month-to-month,No,,55,63409,432.7,2,7.4,No
3694-GLTJM,Female,Yes,5,Yes,No phone service,No,No internet service,Month-to-month,Yes,Credit card (automatic),66,27828,240.3,1.7,5.9,No
8550-XSXUQ,Male,No,48,Yes,No,DSL,No,One year,Yes,Credit card (automatic),29,42861,599.8,1.3,6.4,No
8149-RSOUN,Female,Yes,1,Yes,Yes,Fiber optic,No,Month-to-month,Yes,Electronic check,85,35658,674.4,8.9,3,Yes
9055-MOJJJ,Female,No,,Yes,Yes,DSL,Yes,One year,Yes,Mailed check,30,92791,366.7,0,6.8,No
4359-INNWN,Female,Yes,17,Yes,No,No,No internet service,One year,Yes,Credit card (automatic),32,103276,519.6,0.4,6.8,No
0585-EGDDA,Male,Yes,40,Yes,Yes,Fiber optic,No,Month-to-month,Yes,Electronic check,31,53796,327.1,3.6,6,No
4032-RMHCI,Female,No,41,No,Yes,DSL,No,One year,No,Credit card (automatic),43,48353,0,3.5,7.4,No
0549-CYCQN,Male,No,51,Yes,No,Fiber optic,No,One year,Yes,Bank transfer (automatic),33,45239,734.3,3.2,7.3,No
3481-JHUZH,Male,No,41,Yes,Yes,Fiber optic,No,Month-to-month,No,Electronic check,48,43320,767.3,2.2,6,No
7250-EQKIY,Female,No,1,Yes,No,DSL,No,Month-to-month,Yes,Mailed check,39,87051,362.4,6.1,6,Yes
3594-IVHJZ,Female,No,2,Yes,No phone service,No,No internet service,Month-to-month,Yes,Mailed check,52,27645,134.7,0.8,7.2,No
6869-FGJJC,Male,No,68,Yes,Yes,Fiber optic,No,One year,No,,51,35511,455.5,1.8,5.7,No
3896-ZVNET,Female,Yes,24,Yes,No,No,No internet service,Two year,Yes,Mailed check,60,67513,607.2,1.5,8.8,No
8205-VSLRB,Male,No,70,Yes,No,DSL,Yes,Two year,Yes,Credit card (automatic),,29204,513,1.7,8.2,No
5960-MVTUK,Male,No,3,No,Yes,DSL,Yes,Month-to-month,Yes,Electronic check,34,65682,0,1.5,9.4,No
6817-WTYHE,Male,No,2,Yes,Yes,DSL,No,Month-to-month,Yes,Bank transfer (automatic),45,23072,429.7,3,8.6,No
3082-VQXNH,Male,No,3,No,Yes,DSL,No,Month-to-month,No,Credit card (automatic),41,95189,0,2.7,5.9,No
4013-UBXWQ,Female,No,7,Yes,No phone service,DSL,Yes,Month-to-month,No,Electronic check,58,64354,555.9,4.9,6.1,Yes
4931-TRZWN,Female,No,13,Yes,Yes,DSL,No,Month-to-month,No,Electronic check,39,59451,537.1,3.9,7.9,No
0750-EKNGL,Male,No,7,Yes,Yes,No,No internet service,Month-to-month,Yes,Mailed check,41,67260,333.3,1.1,7.5,No
7669-LCRSD,Male,No,12,Yes,Yes,DSL,No,Month-to-month,Yes,Mailed check,75,105873,628.6,0.9,7.3,No
3567-PQTSO,Male,No,53,Yes,Yes,Fiber optic,No,One year,Yes,Electronic check,53,54125,501.7,3,8.1,No
5519-NPHVG,Female,Yes,12,Yes,Yes,Fiber optic,No,Month-to-month,No,Electronic check,37,30618,732.6,5,5.2,Yes
8043-PNYSD,Male,No,63,Yes,No,No,No internet service,Two year,Yes,Mailed check,35,67857,606.7,2.5,8.6,No
9938-EKRGF,Female,No,15,Yes,No,DSL,Yes,Month-to-month,Yes,,60,42585,264.4,1.5,8.2,No
2703-AMTUL,Male,Yes,36,Yes,Yes,DSL,No,One year,Yes,Mailed check,30,48024,852.5,1.8,7.2,No
0928-JMXNP,Male,No,4,No,No,DSL,No,Month-to-month,Yes,Electronic check,58,48777,0,2.2,8.5,No
8173-RXAYP,Female,No,24,Yes,Yes,No,No internet service,Two year,No,Mailed check,77,42381,678.1,2.8,4.3,No
4825-XJGDM,Female,No,61,No,No,DSL,Yes,One year,No,Credit card (automatic),47,21046,0,0,6.8,No
5402-HTOTQ,Male,No,16,Yes,No,DSL,No,Month-to-month,Yes,Electronic check,85,178957,647.9,0.8,6,No
6734-JDTTV,Male,No,65,Yes,No,No,No internet service,Two year,Yes,Credit card (automatic),61,146691,332.4,1.3,6.3,No
7850-THJMU,Female,No,26,Yes,Yes,No,No internet service,Two year,Yes,Credit card (automatic),74,50965,173.8,0.8,7.7,No
3890-RTCMS,Male,Yes,16,Yes,No,DSL,Yes,Month-to-month,No,Mailed check,33,65991,552.1,0.3,7.3,No
8849-GYOKR,Female,No,54,Yes,No,Fiber optic,No,One year,Yes,Bank transfer (automatic),36,78108,441.9,2.9,6.3,Yes
3148-BLQJT,Male,No,,Yes,Yes,No,No internet service,Month-to-month,No,Mailed check,39,56932,478.4,8.7,5,Yes
3717-FDJFU,Male,No,5,Yes,No,No,No internet service,Two year,Yes,Mailed check,62,45895,458.1,1.7,9,No
3665-JATSN,Female,No,19,No,Yes,DSL,No,Month-to-month,No,Electronic check,39,38689,0,1.5,6.8,No
7966-YOTQW,Male,No,10,Yes,Yes,DSL,No,Month-to-month,Yes,Credit card (automatic),32,61378,339.6,0,6.7,No
0461-CVKMU,Female,No,23,Yes,No,Fiber optic,Yes,Month-to-month,Yes,Electronic check,29,31798,632.1,5.9,5.8,Yes
8806-EAGWC,Male,No,3,Yes,No,DSL,No,Month-to-month,No,Mailed check,33,168187,550.4,7.9,4.7,Yes
8853-TZDGH,Female,No,72,Yes,No,Fiber optic,Yes,Two year,Yes,Bank transfer (automatic),42,54227,274.8,0.2,4.8,No
7779-LGOVN,Male,Yes,10,Yes,No,Fiber optic,No,Month-to-month,No,Electronic check,35,112437,397.5,8,6.2,Yes
4324-BZCKL,Female,No,10,Yes,No,DSL,No,Month-to-month,No,,53,70148,485.4,0.6,5,No
6924-TDGMT,Male,No,11,Yes,No,No,No internet service,One year,No,Mailed check,44,60333,320.3,0.8,5.9,No
9710-ZUSHQ,Female,No,37,Yes,Yes,Fiber optic,No,Month-to-month,Yes,Bank transfer (automatic),71,32747,365.1,3.2,6.4,Yes
1536-YHDOE,Male,No,17,Yes,Yes,DSL,Yes,One year,Yes,Mailed check,68,46964,796.1,3.7,8.2,No
8123-QBNAZ,Female,No,36,Yes,Yes,Fiber optic,No,Month-to-month,No,Credit card (automatic),39,76920,653.2,0.6,6.4,No
3629-ZNKXA,Male,No,17,Yes,Yes,Fiber optic,No,Month-to-month,Yes,,51,36903,296.6,6.1,6.3,No
4827-LTQRJ,Female,No,66,Yes,Yes,Fiber optic,Yes,One year,Yes,Credit card (automatic),53,61872,422.3,1.3,8.7,No
7711-YIJWC,Male,No,61,Yes,Yes,DSL,Yes,One year,Yes,Bank transfer (automatic),63,44090,493.1,3.7,7.5,No
5482-VXSXJ,Male,Yes,22,Yes,No,Fiber optic,No,Month-to-month,Yes,Mailed check,35,55471,390.2,0,6.1,No
7365-BVCJH,Male,Yes,1,No,Yes,DSL,No,Month-to-month,Yes,Electronic check,76,37723,0,2.2,5.6,No
9620-ENEJV,Female,No,6,Yes,No,Fiber optic,No,Month-to-month,No,Credit card (automatic),18,83224,184.1,1.1,7.4,No
4183-WCSEP,Male,Yes,31,Yes,No,Fiber optic,Yes,Month-to-month,No,Electronic check,61,53460,548.8,7.4,,Yes
2378-YIZKA,Female,No,68,Yes,Yes,DSL,Yes,Two year,Yes,Credit card (automatic),62,75225,537.7,1.2,7.3,No
5498-TXHLF,Female,No,34,Yes,Yes,Fiber optic,No,Month-to-month,No,Electronic check,87,48717,522,6.4,6.3,Yes
0689-DSXGL,Female,No,52,Yes,No,Fiber optic,Yes,Month-to-month,Yes,Bank transfer (automatic),19,58341,355.5,0.4,6.7,No
6818-DJXAA,Female,No,10,Yes,Yes,Fiber optic,Yes,Month-to-month,No,,20,73721,400.4,0.4,7.2,No
9722-UJOJR,Male,No,29,Yes,Yes,Fiber optic,No,Month-to-month,Yes,Electronic check,77,35204,507.5,2.9,7.3,Yes
0464-WJTKO,Female,No,72,Yes,Yes,No,No internet service,Two year,No,Bank transfer (automatic),57,66993,480.7,2.7,9,No
8902-ZEOVF,Male,No,47,Yes,No,No,No internet service,One year,Yes,Mailed check,46,51080,436.2,0.3,5.8,No
6778-EICRF,Male,No,24,Yes,No,DSL,No,One year,Yes,Mailed check,34,76776,499,0,8,No
2662-NNTDK,Male,Yes,65,Yes,Yes,No,No internet service,One year,No,Credit card (automatic),82,138992,523,0.9,6.9,No
4132-KALRO,Female,No,4,Yes,No,Fiber optic,Yes,Month-to-month,Yes,Mailed check,34,68262,953.5,2.2,7,No
3902-FOIGH,Male,Yes,12,Yes,No,Fiber optic,No,Month-to-month,No,Electronic check,49,69486,506.5,5.8,6.5,Yes
6772-KSATR,Male,No,1,Yes,Yes,Fiber optic,No,Month-to-month,No,Electronic check,18,52059,578.9,4.8,6,Yes
7112-OPOTK,Male,No,,Yes,Yes,Fiber optic,No,Month-to-month,Yes,Electronic check,45,24161,372.5,3.9,6.4,Yes
2874-YXVVA,Female,No,34,Yes,No,Fiber optic,Yes,Month-to-month,Yes,Electronic check,45,55806,434.6,6.6,8,No
1245-HARPS,Female,No,14,Yes,Yes,No,No internet service,Two year,Yes,Mailed check,29,64492,660.5,2.1,6.4,No
4210-QFJMF,Female,No,4,Yes,No phone service,Fiber optic,No,Month-to-month,Yes,Electronic check,18,146325,597.6,4.7,7.1,Yes
4323-ELYYB,Male,No,13,Yes,Yes,No,No internet service,One year,No,Mailed check,37,47828,453.2,1.4,7.5,No
4293-ETKAP,Female,No,65,Yes,Yes,DSL,Yes,Two year,Yes,Bank transfer (automatic),44,71762,850.3,0.6,6.8,No
6064-PUPMC,Male,No,23,Yes,No,DSL,Yes,One year,Yes,Credit card (automatic),60,92751,496.1,2.6,7.3,No
6504-VBLFL,Male,No,55,Yes,No,DSL,No,Two year,Yes,Electronic check,31,53641,545.1,12.3,7.9,No
6322-PJJDJ,Male,No,49,Yes,No,Fiber optic,No,Two year,Yes,Electronic check,63,94501,458,1.2,9.4,No
0330-BGYZE,Male,No,60,Yes,No,Fiber optic,No,One year,No,Bank transfer (automatic),60,87933,629,0.2,5.1,No
1085-LDWAM,Female,No,69,Yes,Yes,No,No internet service,One year,No,Credit card (automatic),31,77248,430.4,0.6,7.1,No
7586-ZATGZ,Male,No,40,Yes,No phone service,Fiber optic,No,Month-to-month,Yes,Electronic check,79,153392,593.2,1.8,6,No
7197-VOJMM,Male,No,67,Yes,No,DSL,Yes,Two year,Yes,Credit card (automatic),54,29047,715.8,1.5,8.1,No
3318-OSATS,Male,No,,Yes,No,Fiber optic,No,Month-to-month,Yes,Electronic check,52,94264,515.8,12.6,5,Yes
5828-AVIPD,Male,No,19,Yes,Yes,Fiber optic,Yes,One year,No,Electronic check,51,31690,662.6,7.1,6.2,Yes
1843-TLSGD,Female,No,13,Yes,No,No,No internet service,Two year,No,Mailed check,27,26782,738.3,1.3,7.2,No
9626-VFRGG,Female,Yes,41,Yes,Yes,Fiber optic,No,Month-to-month,Yes,Bank transfer (automatic),28,39943,564.5,1,6.4,No
7075-BNDVQ,Female,No,4,No,No,DSL,No,Month-to-month,No,Mailed check,65,42322,0,3.7,5.8,No
9143-CANJF,Female,No,24,Yes,No,DSL,Yes,Month-to-month,Yes,Electronic check,45,71855,379.1,3.8,6.1,No
7284-BUYEC,Female,No,5,No,No,DSL,No,Month-to-month,No,Credit card (automatic),44,38938,0,1.4,7.8,No
2041-JIJCI,Female,No,5,Yes,No,DSL,No,Month-to-month,Yes,Electronic check,18,114051,773.8,2.9,7.2,No
1086-LXKFY,Female,No,1,Yes,Yes,Fiber optic,No,Month-to-month,Yes,Mailed check,69,52314,615.5,9.9,3.2,Yes
4900-MSOMT,Female,No,72,Yes,No,DSL,Yes,Two year,Yes,Bank transfer (automatic),33,79263,758.6,3.5,9.9,No
2229-VWQJH,Female,No,24,Yes,No,DSL,No,Month-to-month,Yes,Credit card (automatic),18,190513,434.8,0.1,6.8,No
9194-GFVOI,Female,Yes,42,Yes,No phone service,DSL,Yes,Two year,Yes,Credit card (automatic),44,31488,776.4,2.3,7.7,No
1336-EZFZY,Female,No,4,Yes,Yes,No,No internet service,Month-to-month,Yes,Mailed check,32,59322,505.5,3.6,6.8,No
4282-MSACW,Male,No,68,Yes,No,Fiber optic,Yes,One year,No,,34,34677,404.7,2.3,6.9,No
1403-LKLIK,Female,Yes,33,Yes,No,No,No internet service,One year,Yes,Mailed check,44,36180,372,2.3,6.3,No
2636-ALXXZ,Female,No,1,Yes,Yes,Fiber optic,No,Month-to-month,Yes,Electronic check,33,90632,579.4,1.7,4.4,Yes
7774-OJSXI,Male,No,31,Yes,No,Fiber optic,No,One year,Yes,Electronic check,58,64822,481.6,1.8,6.9,Yes
7786-WBJYI,Female,No,4,Yes,No phone service,Fiber optic,No,Month-to-month,No,Bank transfer (automatic),84,41354,658.4,3,4.8,Yes
0136-IFMYD,Male,No,69,Yes,No,Fiber optic,Yes,Two year,Yes,Electronic check,51,70046,710.2,1.4,8.4,No
5144-TVGLP,Male,No,38,Yes,Yes,Fiber optic,No,Month-to-month,No,Electronic check,32,65525,569.3,7.1,6.1,No
9643-AVVWI,Female,No,3,Yes,Yes,Fiber optic,Yes,Month-to-month,Yes,Electronic check,52,38227,199.5,0.9,7.2,No
0253-ZTEOB,Female,No,48,Yes,No phone service,DSL,Yes,Two year,Yes,Electronic check,76,116881,607.1,13.3,8.4,No
2706-QZIHY,Female,Yes,,Yes,No,No,No internet service,Two year,Yes,Mailed check,41,26287,763.5,0.8,8.6,No
6061-PQHMK,Female,No,25,Yes,No,No,No internet service,One year,No,Credit card (automatic),46,42873,,0.8,3.2,No
9885-CSMWE,Female,No,1,Yes,No,Fiber optic,No,Month-to-month,Yes,Electronic check,51,59589,782.7,3.6,5.1,Yes
6137-MFAJN,Female,No,48,No,No,DSL,No,Month-to-month,No,Electronic check,23,79004,0,5.4,6.8,No
9122-UMROB,Male,No,1,Yes,No,No,No internet service,Month-to-month,No,Mailed check,36,45138,238.8,2,6.8,No
4232-JGKIY,Male,No,1,Yes,Yes,No,No internet service,Month-to-month,No,Electronic check,74,77902,279,2.2,6.8,No
2402-TAIRZ,Female,No,37,Yes,No,Fiber optic,No,One year,Yes,Electronic check,40,22610,464.3,2.8,6.3,No
9659-ZTWSM,Male,No,66,Yes,No,Fiber optic,Yes,One year,Yes,Bank transfer (automatic),26,44431,426.7,1.5,6.8,No
9139-TWBAS,Female,No,26,No,No phone service,DSL,No,One year,Yes,Bank transfer (automatic),59,82225,0,2.3,5.6,No
6685-GBWJZ,Male,No,63,Yes,No,DSL,Yes,One year,Yes,Credit card (automatic),43,62245,496.5,2.5,8.4,No
5016-ETTFF,Male,Yes,10,No,Yes,DSL,No,Month-to-month,Yes,Mailed check,70,82087,0,2.6,5.1,Yes
3866-MDTUB,Female,No,2,Yes,Yes,DSL,No,Month-to-month,No,Electronic check,28,108859,296.6,5.1,3.4,Yes
2195-VVRJF,Male,No,18,Yes,No,DSL,No,Month-to-month,Yes,Credit card (automatic),21,23834,,2.8,5.3,No
3913-RDSJZ,Female,No,64,Yes,No,No,No internet service,Two year,Yes,Mailed check,52,215234,533.1,1.7,,No
8058-JMEQO,Female,No,9,Yes,Yes,Fiber optic,No,Month-to-month,Yes,Electronic check,46,73114,613.1,3.3,4.6,Yes
4203-QGNZA,Female,No,28,Yes,No phone service,No,No internet service,Month-to-month,No,Mailed check,44,97796,541.7,7.9,7.5,No
5043-TRZWM,Female,No,1,Yes,Yes,Fiber optic,No,Month-to-month,Yes,Electronic check,52,73351,583.6,2.7,6.8,No
0697-ZMSWS,Male,No,4,Yes,Yes,Fiber optic,No,Month-to-month,Yes,Electronic check,39,67307,620.9,2.8,4.4,Yes
7657-DYEPJ,Male,Yes,38,Yes,No phone service,DSL,Yes,One year,Yes,Credit card (automatic),40,26795,651.1,3.4,7.5,Yes
9494-BDNNC,Male,No,66,Yes,Yes,Fiber optic,No,One year,No,Electronic check,32,38123,744.4,2.4,4.1,No
1640-PLFMP,Female,Yes,1,Yes,Yes,Fiber optic,No,Month-to-month,Yes,Electronic check,55,53352,390.8,1.7,6.6,No
5366-OBVMR,Female,No,18,Yes,Yes,DSL,Yes,Month-to-month,Yes,,64,50430,523.9,3.7,6.5,No
8276-MQBYC,Male,No,51,Yes,No,Fiber optic,No,Month-to-month,Yes,Electronic check,18,45558,356.4,5.1,5.5,Yes
7644-OMVMY,Male,Yes,0,Yes,Yes,No,No internet service,Two year,No,Mailed check,72,77858,335.8,2.4,8.1,No
7593-XFKDI,Male,No,1,Yes,No phone service,DSL,No,Month-to-month,Yes,Mailed check,35,133215,307.3,6.4,4.3,Yes
4573-JKNAE,Male,No,12,Yes,No,No,No internet service,Two year,Yes,Bank transfer (automatic),71,23889,615.1,1.1,6.9,No
0337-CNPZE,Female,No,41,Yes,No,Fiber optic,No,Month-to-month,Yes,Electronic check,44,72848,517.1,12.7,5.4,Yes
9817-APLHW,Male,Yes,12,Yes,Yes,No,No internet service,Month-to-month,Yes,Electronic check,40,117736,517.8,10.4,7.3,No
8380-MQINP,Female,No,55,Yes,Yes,No,No internet service,Two year,No,Mailed check,43,58782,475.4,3.7,9,No
0840-DFEZH,Female,No,7,Yes,No,Fiber optic,No,Month-to-month,No,Electronic check,62,68839,652.2,5,6.9,No
1513-XNPPH,Female,Yes,12,Yes,Yes,Fiber optic,Yes,Month-to-month,No,Electronic check,73,51891,335.6,10.2,8,Yes
8690-ZVLCL,Female,No,68,Yes,Yes,DSL,Yes,Two year,Yes,Credit card (automatic),24,43339,536.9,2.8,7.9,No
6015-VVHHE,Female,Yes,5,Yes,Yes,Fiber optic,No,Month-to-month,No,Credit card (automatic),82,66512,770.4,2.6,6,Yes
1125-SNVCK,Female,No,49,Yes,No,DSL,No,Month-to-month,Yes,Mailed check,33,27830,526.4,1.7,5.8,No
0384-LPITE,Male,No,40,No,No,DSL,No,One year,Yes,Credit card (automatic),79,98257,0,4.6,9.2,No
4616-EWBNJ,Female,No,16,Yes,Yes,No,No internet service,One year,Yes,Bank transfer (automatic),45,37542,512.8,0,8.1,No
6347-DCUIK,Male,No,10,Yes,No,Fiber optic,No,Month-to-month,No,Mailed check,22,57191,785.4,6,5.8,Yes
1335-HQMKX,Female,No,72,Yes,Yes,Fiber optic,No,One year,Yes,Electronic check,34,42354,640.9,4,7,No
2545-EBUPK,Female,No,2,Yes,No phone service,Fiber optic,No,Month-to-month,Yes,Electronic check,30,24963,490.4,8.7,6.7,No
6923-AQONU,Male,Yes,23,Yes,Yes,No,No internet service,Two year,No,Mailed check,21,53254,626,0.5,8.4,No
2172-EJXVF,Female,Yes,71,Yes,No,Fiber optic,No,One year,Yes,Electronic check,40,85516,566.4,7.3,7.7,No
0897-FEGMU,Female,No,,Yes,No,Fiber optic,No,Month-to-month,Yes,Electronic check,47,49197,575.4,2.8,5.5,Yes
7663-RGWBC,Male,No,1,Yes,No phone service,DSL,No,Month-to-month,No,Mailed check,29,34228,410.5,2,4.7,Yes
1120-BMWUB,Female,No,16,Yes,Yes,DSL,Yes,Month-to-month,No,Mailed check,18,62200,267.4,2.8,6.2,Yes
9124-LHCJQ,Female,No,,Yes,No,Fiber optic,No,Month-to-month,No,,36,76685,354.3,8.3,5.7,Yes
4536-PLEQY,Male,No,12,Yes,Yes,Fiber optic,No,Month-to-month,No,Credit card (automatic),39,42612,283.2,2.8,8.9,No
7029-IJEJK,Female,No,54,No,No,DSL,Yes,One year,Yes,Bank transfer (automatic),52,36738,0,1.3,8.2,No
8871-JLMHM,Female,No,68,Yes,No,Fiber optic,Yes,Two year,Yes,Credit card (automatic),28,39709,807.5,0.4,7.9,No
2235-ZGKPT,Female,No,4,Yes,Yes,DSL,No,Month-to-month,Yes,Mailed check,53,86991,712.4,2.5,5.9,Yes
3891-PUQOD,Female,No,,Yes,No,DSL,No,Month-to-month,Yes,Electronic check,21,63879,227.2,3.8,5.7,Yes
5447-VYTKW,Male,No,27,Yes,No,DSL,Yes,Month-to-month,Yes,,43,70842,414.7,0.7,7.4,No
3623-FQBOX,Male,No,21,Yes,No,No,No internet service,Month-to-month,Yes,Mailed check,53,81450,448.9,5.4,8,No
0689-NKYLF,Male,No,13,Yes,Yes,Fiber optic,No,Month-to-month,Yes,Electronic check,76,52877,496.2,5.8,5.9,Yes
8659-HDIYE,Female,No,64,Yes,Yes,DSL,Yes,Month-to-month,Yes,Credit card (automatic),47,61436,622.6,1.5,6.1,No
3658-KIBGF,Female,No,1,Yes,Yes,DSL,No,Month-to-month,No,Electronic check,46,53412,493.6,3.6,6.8,Yes
3474-BAFSJ,Male,No,57,No,No,DSL,Yes,Two year,No,Bank transfer (automatic),27,82356,0,0.7,8.9,No
5519-YLDGW,Female,No,21,Yes,No,Fiber optic,No,Month-to-month,Yes,Electronic check,29,30602,532.8,2,2.2,Yes
3865-ZFZIB,Male,No,19,Yes,Yes,No,No internet service,Two year,No,Mailed check,43,53202,324.5,1.5,7.5,No
1855-AGAWH,Male,No,31,Yes,No,Fiber optic,No,One year,Yes,,49,38345,331.5,4.7,6.7,No
7109-CQYUZ,Male,No,52,Yes,No,DSL,Yes,Two year,No,Mailed check,52,43720,545.6,1.8,10,No
1370-GGAWX,Female,Yes,46,Yes,No,Fiber optic,No,One year,Yes,,42,34709,608.8,1.5,8.9,No
4680-KUTAJ,Female,Yes,11,Yes,No,DSL,No,Month-to-month,Yes,Electronic check,28,66820,520.7,7.4,7.2,No
5307-UVGNB,Female,No,53,No,Yes,DSL,No,Month-to-month,No,Bank transfer (automatic),43,56881,0,5.1,6.5,No
4946-EDSEW,Female,No,11,Yes,No,No,No internet service,Month-to-month,Yes,Mailed check,43,45135,539,2.6,6.4,Yes
2883-ILGWO,Male,No,57,Yes,No,Fiber optic,Yes,Month-to-month,Yes,Bank transfer (automatic),34,85408,364.1,0,7.2,No
2516-VQRRV,Female,Yes,2,Yes,Yes,Fiber optic,No,Month-to-month,Yes,Mailed check,50,89257,677.5,6.4,6.1,Yes
7580-UGXNC,Female,No,2,Yes,Yes,DSL,No,Month-to-month,Yes,Mailed check,59,68108,172.2,6.5,6.1,Yes
3642-BYHDO,Female,No,71,Yes,No,No,No internet service,Two year,Yes,Bank transfer (automatic),78,49185,476.5,1.8,6.8,No
9629-NHXFW,Female,Yes,1,Yes,Yes,No,No internet service,Month-to-month,No,,68,139411,428.5,1.3,7.2,No
2696-RZVZW,Male,Yes,68,Yes,Yes,No,No internet service,Two year,Yes,Credit card (automatic),33,71847,799.2,0.8,7.7,No
5766-FTRTS,Male,Yes,,Yes,No,DSL,Yes,Two year,Yes,Mailed check,,56364,526.4,2.4,6.5,No
0396-HUJBP,Female,No,2,Yes,No phone service,No,No internet service,Month-to-month,No,Mailed check,37,54390,461.6,4,6.2,No
5178-LMXOP,Male,No,1,Yes,Yes,Fiber optic,No,Month-to-month,Yes,Electronic check,60,84155,656.7,5.8,6.4,Yes
8879-ZKJOF,Female,No,41,Yes,No,DSL,Yes,One year,Yes,,18,56402,631.9,2.7,8,No
6285-FTQBF,Male,No,72,Yes,Yes,No,No internet service,Two year,Yes,Credit card (automatic),33,63289,586.1,1.2,9.9,No
8185-UPYBR,Male,No,6,Yes,No,Fiber optic,No,Month-to-month,Yes,Electronic check,34,29792,709.6,7.4,6.3,Yes
4585-HETAI,Female,No,4,Yes,No,Fiber optic,No,Month-to-month,Yes,Electronic check,64,102518,719.5,2,7.9,Yes
7526-BEZQB,Male,No,12,Yes,No,Fiber optic,No,Month-to-month,Yes,Electronic check,43,89264,659,1.8,4.1,Yes
1474-JUWSM,Female,No,58,Yes,Yes,DSL,Yes,One year,No,Electronic check,44,69312,1102.2,7.5,9,No
3530-CRZSB,Female,No,7,Yes,No,No,No internet service,Month-to-month,No,Mailed check,45,,389.6,10.7,6.6,No
8498-XXGWA,Female,No,,Yes,No,DSL,No,Month-to-month,Yes,Mailed check,38,34904,457.6,6.4,8.1,No
9617-INGJY,Male,Yes,1,Yes,No,Fiber optic,No,Month-to-month,Yes,Mailed check,41,62977,461.7,2.3,6.3,No
0621-TSSMU,Male,No,56,Yes,No,No,No internet service,One year,Yes,Credit card (automatic),19,34750,523.9,0.4,9.8,No
7234-KMNRQ,Male,No,4,Yes,Yes,No,No internet service,Month-to-month,No,Mailed check,27,67111,673.3,1.4,9.6,No
7636-PEPNS,Female,No,58,Yes,Yes,DSL,No,One year,Yes,Mailed check,38,29350,559.8,0.2,7.7,No
4683-WYDOU,Male,No,62,Yes,No,Fiber optic,Yes,Two year,No,Bank transfer (automatic),62,60259,674.3,0.7,8,No
9052-DHNKM,Male,No,26,Yes,No,DSL,No,One year,Yes,Electronic check,40,78786,691.7,2.6,8.4,No
6794-HKIAJ,Male,No,62,Yes,Yes,Fiber optic,No,Month-to-month,No,Bank transfer (automatic),79,77510,389.7,1.9,6.2,No
5578-NKCXI,Female,Yes,58,Yes,No,Fiber optic,No,One year,Yes,Credit card (automatic),22,53158,378.4,0.8,8.3,No
1642-HMARX,Female,No,68,Yes,No phone service,DSL,Yes,Two year,No,Electronic check,70,62517,263.5,5.7,6.6,No
3096-WPXBT,Female,No,61,Yes,No,Fiber optic,No,One year,Yes,Credit card (automatic),35,47067,274.9,0.7,8.3,No
8434-PNQZX,Female,Yes,42,Yes,Yes,DSL,Yes,Two year,No,Credit card (automatic),72,44597,680.8,0.5,8.3,No
5950-AAAGJ,Male,No,18,Yes,Yes,Fiber optic,No,Month-to-month,Yes,Bank transfer (automatic),49,52541,632.7,4.4,4.7,No
4299-OPXEJ,Female,Yes,56,Yes,No,No,No internet service,Two year,Yes,Bank transfer (automatic),49,35320,659,0,7.3,No
4951-UKAAQ,Female,No,4,Yes,No phone service,Fiber optic,No,Month-to-month,No,Electronic check,34,44853,786.4,5.9,7.8,Yes
9618-LFJRU,Female,No,4,Yes,Yes,No,No internet service,Month-to-month,Yes,Credit card (automatic),19,44426,507.8,1.2,7.6,No
6693-DJWTY,Female,No,35,Yes,No,DSL,No,One year,Yes,Credit card (automatic),37,135379,339.9,1.8,8.1,No
0744-GKNGE,Female,No,64,Yes,No,Fiber optic,Yes,Month-to-month,Yes,Bank transfer (automatic),35,45682,591.2,2,8.5,No
6447-EGDIV,Female,No,31,Yes,No,No,No internet service,One year,Yes,Mailed check,32,35321,294.7,2.7,8.7,No
1167-OYZJF,Female,No,67,Yes,Yes,No,No internet service,Two year,Yes,Bank transfer (automatic),,63762,359.7,2.1,7.4,No
2108-YKQTY,Female,Yes,4,Yes,Yes,DSL,No,Month-to-month,No,Credit card (automatic),39,99984,631.3,3.6,6.8,Yes
4806-DXQCE,Female,No,70,Yes,No,Fiber optic,Yes,Two year,No,Electronic check,50,54344,736,10.3,8.5,No
4918-QLLIW,Male,No,3,Yes,Yes,DSL,No,Month-to-month,No,Credit card (automatic),55,85644,717.2,9.8,8.2,Yes
7056-IMHCC,Male,No,53,Yes,Yes,Fiber optic,No,Month-to-month,Yes,Electronic check,53,135511,535.9,13.6,6.2,Yes
4854-SSLTN,Male,Yes,2,Yes,Yes,DSL,Yes,Two year,Yes,Mailed check,32,78915,648.8,3.8,6.8,No
5294-DMSFH,Female,No,29,Yes,No,Fiber optic,No,Month-to-month,Yes,Credit card (automatic),48,77190,520,0.3,6,No
4837-PZTIC,Female,No,47,No,Yes,DSL,Yes,Two year,No,Mailed check,76,37101,0,0.8,5.9,No
1625-JAIIY,Female,No,68,Yes,No phone service,Fiber optic,No,One year,Yes,Electronic check,77,26066,637.2,3.2,6.8,Yes
0603-OLQDC,Male,Yes,12,Yes,Yes,DSL,No,Month-to-month,No,Mailed check,38,44060,407.3,2.7,6.1,No
3272-VUHPV,Female,No,8,Yes,Yes,DSL,Yes,Month-to-month,Yes,Bank transfer (automatic),42,55677,814.2,1.9,8.1,No
4176-FXYBO,Male,No,54,Yes,No phone service,Fiber optic,No,Month-to-month,No,Electronic check,35,69171,601.5,3.9,5.1,No
1063-DHQJF,Male,No,69,Yes,No,Fiber optic,Yes,Two year,No,Mailed check,45,29566,609.1,1,6.7,No
8663-UPDGF,Female,No,26,Yes,No,DSL,No,Month-to-month,Yes,Bank transfer (automatic),24,70075,504.9,7.6,8.6,No
6719-FGEDO,Female,Yes,72,Yes,Yes,Fiber optic,Yes,Two year,Yes,Bank transfer (automatic),29,159400,899.5,1.2,5,No
1837-YQUCE,Female,Yes,70,No,Yes,DSL,Yes,Two year,Yes,Bank transfer (automatic),47,63273,0,1.2,7.3,No
2947-DOMLJ,Male,No,,Yes,No,DSL,No,Month-to-month,No,Mailed check,42,92367,180.4,4.3,,Yes
4112-LUEIZ,Male,Yes,10,Yes,Yes,Fiber optic,No,Month-to-month,Yes,Electronic check,84,34463,506,3.2,3.7,Yes
0369-ZGOVK,Female,No,28,Yes,No,Fiber optic,No,One year,No,Bank transfer (automatic),20,31318,584.2,1.1,6.4,No
4510-HIMLV,Male,No,1,Yes,No phone service,Fiber optic,No,Month-to-month,Yes,Electronic check,69,31019,737.3,3.7,6.5,Yes
9919-KNPOO,Female,No,21,Yes,No,Fiber optic,No,Month-to-month,Yes,Electronic check,52,31776,587.9,2.6,7.7,No
8749-JMNKX,Male,No,,Yes,No phone service,Fiber optic,No,Month-to-month,Yes,Bank transfer (automatic),47,28181,460.7,2.4,6.1,Yes
7872-BAAZR,Female,No,53,Yes,Yes,No,No internet service,One year,Yes,Bank transfer (automatic),39,33235,574.6,1.2,7.7,No
9391-LMANN,Male,No,53,Yes,Yes,Fiber optic,No,One year,Yes,Electronic check,59,31173,297,4.1,7.5,No
2430-USGXP,Male,No,24,Yes,No,Fiber optic,No,Month-to-month,Yes,Electronic check,34,38515,665.3,,2.2,Yes
8174-TBVCF,Female,No,70,Yes,No,DSL,Yes,Two year,Yes,Credit card (automatic),28,39975,826.5,0.6,4.6,No
1698-XFZCI,Male,No,61,Yes,No,Fiber optic,No,One year,Yes,Electronic check,64,56992,305.2,4.2,7.4,No
1877-HKBQX,Female,No,11,Yes,No,DSL,Yes,One year,Yes,Mailed check,34,63677,451.7,1.9,7.2,No
4450-DLLMH,Male,No,2,Yes,Yes,Fiber optic,No,Month-to-month,Yes,Credit card (automatic),42,113560,303,1.9,7.9,No
0428-AXXLJ,Male,Yes,25,Yes,No phone service,No,No internet service,One year,Yes,Bank transfer (automatic),34,97480,151.2,0.6,6.8,No
2746-DIJLO,Female,No,41,Yes,No,DSL,No,One year,Yes,Credit card (automatic),48,99305,513.7,1.5,6.7,No
5955-ERIHD,Male,No,18,Yes,Yes,Fiber optic,No,Month-to-month,Yes,Electronic check,55,33997,656.9,18.5,4.7,Yes
0917-EZOLA,Male,No,72,Yes,No phone service,Fiber optic,No,Two year,Yes,Bank transfer (automatic),42,74486,635.4,2.1,5.4,Yes
3508-VLHCZ,Female,No,71,Yes,Yes,DSL,Yes,Two year,No,Credit card (automatic),31,36754,661.9,0.3,9.8,No
4086-ATNFV,Female,No,34,Yes,Yes,DSL,No,One year,Yes,Mailed check,43,31450,411.5,0.9,6.2,No
0468-YRPXN,Male,No,29,Yes,No,Fiber optic,Yes,Month-to-month,Yes,Credit card (automatic),47,44815,581.2,0.9,7.3,No
5996-NRVXR,Male,No,,Yes,No,Fiber optic,Yes,One year,Yes,Credit card (automatic),,31933,334.1,2.3,8.5,No
3739-YBWAB,Male,No,36,No,Yes,DSL,No,One year,Yes,Mailed check,32,50903,0,8.9,8.2,No
7047-FWEYA,Female,No,46,Yes,Yes,Fiber optic,Yes,One year,No,Electronic check,52,49555,461.4,8,7.5,No
2000-MPKCA,Female,No,58,Yes,No,Fiber optic,No,One year,No,Electronic check,35,45139,753.1,7.6,7,No
9762-YAQAA,Male,No,39,Yes,No,Fiber optic,No,One year,Yes,Credit card (automatic),48,33008,624,1.8,7.5,No
5949-EBSQK,Male,Yes,4,Yes,No,DSL,Yes,Month-to-month,Yes,Credit card (automatic),34,30377,754.1,10.2,6.1,Yes
5473-KHBPS,Female,No,52,Yes,No,Fiber optic,No,One year,No,Credit card (automatic),54,43393,345.8,1.7,9.6,No
0100-DUVFC,Male,Yes,70,Yes,No,Fiber optic,No,One year,Yes,Electronic check,39,81069,488.1,4.2,7.9,No
5397-TUPSH,Male,No,65,Yes,No phone service,Fiber optic,No,One year,Yes,Bank transfer (automatic),46,103578,361.4,0,6.2,No
8950-MTZNV,Male,No,1,Yes,No,DSL,No,Month-to-month,Yes,,75,50289,565.3,2.1,7.8,No
0326-VDYXE,Female,No,70,Yes,Yes,Fiber optic,No,One year,Yes,Electronic check,21,38918,672.5,9.1,7.3,No
6773-LQTVT,Female,No,,No,No,DSL,No,Month-to-month,No,Mailed check,74,87609,0,5.7,6.3,No
7274-RTAPZ,Male,No,1,Yes,No,Fiber optic,No,Month-to-month,Yes,Electronic check,19,92680,460.1,5,5,Yes
0436-TWFFZ,Female,No,67,Yes,Yes,DSL,Yes,Two year,Yes,Mailed check,75,34522,378.8,2.5,7.5,No
8566-YPRGL,Female,No,1,Yes,No,No,No internet service,Month-to-month,No,Mailed check,48,111033,406.1,6.2,5.9,No
0311-UNPFF,Female,No,26,Yes,Yes,Fiber optic,No,Month-to-month,Yes,Bank transfer (automatic),47,98081,413,5.1,5.1,Yes
6609-MXJHJ,Female,No,30,Yes,Yes,No,No internet service,Two year,Yes,Mailed check,40,138957,613.2,0,8.3,No
2669-OIDSD,Female,Yes,,Yes,No,Fiber optic,Yes,Month-to-month,No,Credit card (automatic),78,52080,489.6,2.5,6.4,No
8400-WZICQ,Female,No,55,Yes,No,DSL,No,Month-to-month,No,Electronic check,33,248115,655.7,1.1,6.7,No
3834-XUIFC,Male,No,7,Yes,No,Fiber optic,No,Month-to-month,Yes,Mailed check,52,57701,645.6,6.1,5.1,Yes
9576-SYUHJ,Male,No,37,Yes,Yes,Fiber optic,No,Month-to-month,Yes,Electronic check,46,63396,202.7,5.6,6.5,No
0410-IPFTY,Female,No,31,Yes,No,Fiber optic,No,Month-to-month,No,Bank transfer (automatic),56,72138,486.7,1.5,6,No
2831-EBWRN,Male,No,4,Yes,No,DSL,No,Month-to-month,Yes,Electronic check,69,82150,401.5,7.6,7.5,No
9430-NKQLY,Male,No,72,Yes,No,No,No internet service,Two year,Yes,,48,47644,665.7,1.6,9.3,No
8414-MYSHR,Male,Yes,5,Yes,No,Fiber optic,No,Month-to-month,Yes,Electronic check,64,53625,454.1,8.9,5.4,Yes
0247-SLUJI,Male,No,1,Yes,No,No,No internet service,Month-to-month,No,Mailed check,34,95376,378.4,3.5,7.9,No
9402-ORRAH,Female,No,15,Yes,No,Fiber optic,No,Month-to-month,Yes,Electronic check,58,56053,320.3,4,4.7,No
6483-OATDN,Male,Yes,8,Yes,Yes,DSL,No,Month-to-month,No,Credit card (automatic),64,44144,471.3,2.9,7.8,No
1293-HHSHJ,Female,No,35,Yes,No,No,No internet service,One year,Yes,Mailed check,24,67815,264.3,4.3,7.6,No
4840-ORQXB,Female,No,56,Yes,No,Fiber optic,No,Month-to-month,No,Electronic check,32,129452,590.4,2.6,7.6,No
7599-FKVXZ,Male,No,42,Yes,Yes,Fiber optic,Yes,Month-to-month,Yes,Bank transfer (automatic),51,87440,611.1,3.6,5.6,Yes
3982-DQLUS,Male,No,65,Yes,Yes,Fiber optic,No,Month-to-month,No,Electronic check,77,42524,384.8,11.2,8.5,No
8610-ZIKJJ,Female,No,2,Yes,Yes,No,No internet service,One year,Yes,Mailed check,42,85388,414,5,6.8,No
3756-VNWDH,Male,No,65,Yes,Yes,Fiber optic,No,One year,Yes,Electronic check,43,50944,684.9,1.2,6.1,No
7801-KICAO,Female,No,18,Yes,Yes,Fiber optic,No,Month-to-month,Yes,,53,58658,585.8,3.1,5.5,No
7673-LPRNY,Female,Yes,23,Yes,No phone service,DSL,No,One year,No,Electronic check,34,55775,727.2,7.1,7.2,No
8229-TNIQA,Female,No,4,Yes,No,DSL,No,Month-to-month,No,Mailed check,56,53336,236,8.5,5.5,Yes
6060-QBMGV,Male,No,70,Yes,Yes,No,No internet service,Two year,Yes,Credit card (automatic),30,85942,290.7,3.4,7.7,No
7339-POGZN,Female,No,4,Yes,No,DSL,No,Month-to-month,No,Electronic check,43,65580,670.2,5,6.9,No
2828-SLQPF,Male,No,19,Yes,No,DSL,No,Month-to-month,Yes,Bank transfer (automatic),49,27033,405.2,1,7,No
4465-VDKIQ,Female,No,18,Yes,Yes,Fiber optic,No,Month-to-month,Yes,Electronic check,76,51472,302.9,3.7,7.2,No
2921-XWDJH,Female,No,38,Yes,No,Fiber optic,No,Month-to-month,No,Electronic check,71,29492,257.1,0.9,8.2,No
6221-AVQYL,Male,No,2,Yes,Yes,Fiber optic,No,Month-to-month,No,Credit card (automatic),55,57980,600.1,3.6,5.9,Yes
2558-BUOZZ,Male,No,,Yes,No,Fiber optic,No,One year,No,Bank transfer (automatic),31,56504,733.9,0.7,5.4,No
9257-AZMTZ,Female,Yes,52,Yes,Yes,No,No internet service,Two year,Yes,Bank transfer (automatic),47,45941,475.7,2.2,8.3,No
0003-MKNFE,Male,No,9,Yes,Yes,DSL,No,Month-to-month,No,Mailed check,32,119776,206,5,7.8,No
0975-UYDTX,Female,No,26,Yes,No,DSL,Yes,One year,Yes,Credit card (automatic),38,35058,836.6,3.2,7.9,No
7743-EXURX,Male,No,8,Yes,Yes,DSL,No,Month-to-month,Yes,Electronic check,18,34197,382.4,2.2,5.9,Yes
4682-BLBUC,Male,No,44,Yes,Yes,DSL,Yes,One year,No,Electronic check,83,47462,586.4,3.9,6.7,No
0975-VOOVL,Female,No,3,No,No,DSL,No,Month-to-month,Yes,Mailed check,35,37196,0,0.9,7.2,No
5968-VXZLG,Male,Yes,2,Yes,Yes,DSL,No,Month-to-month,Yes,Bank transfer (automatic),54,56249,473.9,4.1,7.3,No
5569-KGJHX,Female,No,9,Yes,No,Fiber optic,No,Month-to-month,No,Bank transfer (automatic),64,82490,659.5,5.9,7.3,Yes
4988-IQIGL,Male,No,1,Yes,No,Fiber optic,No,Month-to-month,Yes,Electronic check,19,71467,927.5,4.5,5.7,Yes
5201-FRKKS,Male,No,25,Yes,Yes,Fiber optic,No,Month-to-month,Yes,Bank transfer (automatic),56,46845,736.3,1.5,5.2,No
9799-CAYJJ,Female,No,,Yes,No phone service,Fiber optic,No,Month-to-month,No,Electronic check,64,61413,509.5,8.3,7.5,No
7730-IUTDZ,Male,No,43,Yes,No,Fiber optic,No,Month-to-month,No,Electronic check,69,37438,301.3,2.2,6.4,Yes
0426-TIRNE,Female,No,1,Yes,No phone service,No,No internet service,Month-to-month,No,Mailed check,30,24422,205.1,5.3,5.2,Yes
5443-SCMKX,Female,No,58,Yes,No,Fiber optic,No,One year,Yes,Electronic check,31,111939,604.8,9,6.5,No
8295-KMENE,Female,Yes,59,Yes,Yes,DSL,Yes,Two year,No,Mailed check,50,138596,597.6,1.6,8.7,No
6738-ISCBM,Male,Yes,44,No,No phone service,DSL,No,One year,Yes,Electronic check,26,62273,0,5.3,9.9,No
9821-BESNZ,Male,No,66,Yes,Yes,Fiber optic,Yes,One year,Yes,Electronic check,71,48300,915.5,4.3,7.3,No
3678-MNGZX,Male,No,68,Yes,No phone service,No,No internet service,Two year,No,,30,40294,505.7,0.7,7.2,No
1335-NTIUC,Male,No,9,No,No,DSL,No,Month-to-month,No,Electronic check,44,56397,0,9.3,8.6,No
2916-BQZLN,Male,Yes,19,Yes,Yes,Fiber optic,No,Month-to-month,Yes,Electronic check,,59167,568,4.1,7.7,No
4558-CGYCZ,Male,No,4,Yes,No,No,No internet service,Month-to-month,No,Mailed check,18,61748,425,6.3,6.7,No
2368-GAKKQ,Female,Yes,70,Yes,Yes,Fiber optic,Yes,Two year,No,Bank transfer (automatic),74,90876,634.4,1.9,6.3,No
8710-YGLWG,Male,No,1,Yes,No,DSL,No,Month-to-month,Yes,Mailed check,32,55970,499.1,1.6,6.5,No
3199-XGZCY,Female,No,8,Yes,Yes,Fiber optic,No,Month-to-month,Yes,Electronic check,60,164560,518.6,4,8,No
3785-KTYSH,Male,No,53,Yes,No phone service,No,No internet service,Two year,Yes,Mailed check,63,71481,436.5,5.1,4.9,No
6814-ZPWFQ,Male,No,51,Yes,Yes,No,No internet service,One year,No,Bank transfer (automatic),42,40789,636.6,2.5,7.7,No
4063-EIKNQ,Male,No,11,Yes,Yes,No,No internet service,Month-to-month,Yes,Bank transfer (automatic),32,39945,337.5,5.6,4.5,No
6993-YCOBK,Male,No,60,Yes,No,Fiber optic,Yes,Two year,Yes,Electronic check,36,57543,773.9,4.9,,No
5206-HPJKM,Male,No,17,Yes,No phone service,DSL,No,Month-to-month,No,Credit card (automatic),35,86568,172.7,4.5,5.8,No
7587-RZNME,Male,No,3,Yes,Yes,DSL,No,Month-to-month,No,Electronic check,74,57521,32.7,2.2,6.2,Yes
0748-RDGGM,Male,No,70,Yes,No,Fiber optic,Yes,One year,Yes,Bank transfer (automatic),35,77722,381.4,4.5,6.2,Yes
8393-JMVMB,Male,Yes,,Yes,No,No,No internet service,Month-to-month,Yes,Mailed check,80,71271,436.2,1.7,8.3,No
5019-GQVCR,Male,No,43,Yes,No,Fiber optic,No,Month-to-month,Yes,Electronic check,83,50895,423.6,10,5.1,No
6036-TTFYU,Female,Yes,16,Yes,No,No,No internet service,Month-to-month,No,Mailed check,68,24433,533.4,1.7,8.1,No
2550-AEVRU,Female,No,57,Yes,Yes,DSL,No,One year,No,Electronic check,71,32563,490.9,5.7,,No
0969-RGKCU,Male,No,37,Yes,No,No,No internet service,One year,Yes,Credit card (automatic),74,56775,310.6,0.9,8.4,No
0378-CJKPV,Female,No,72,Yes,No,Fiber optic,Yes,Two year,Yes,Credit card (automatic),21,81849,667.5,1.6,8,No
4706-AXVKM,Female,No,11,Yes,No,Fiber optic,No,Month-to-month,Yes,Credit card (automatic),67,40254,539,2.5,4.4,Yes
5889-JTMUL,Female,No,50,Yes,Yes,Fiber optic,No,Month-to-month,Yes,Electronic check,51,52615,,5.5,4.8,Yes
9026-RNUJS,Male,No,5,Yes,No phone service,DSL,No,Month-to-month,No,Electronic check,34,89170,675.7,15.8,4.3,Yes
3746-EUBYR,Male,Yes,1,Yes,No phone service,Fiber optic,No,Month-to-month,No,Bank transfer (automatic),79,34115,671.2,2,5.7,Yes
2332-EFBJY,Male,Yes,16,Yes,Yes,No,No internet service,Month-to-month,No,Mailed check,68,78347,249.6,4.5,7.5,Yes
2880-FPNAE,Male,No,2,Yes,No,Fiber optic,No,Month-to-month,Yes,Electronic check,36,66163,532.5,1.8,6.9,No
1703-MGIAB,Female,No,17,Yes,Yes,DSL,Yes,Month-to-month,Yes,Mailed check,46,26603,462.1,1.7,6.4,No
4311-QTTAI,Female,No,16,Yes,Yes,No,No internet service,One year,Yes,Credit card (automatic),81,61771,362,2.4,6.6,No
9474-PHLYD,Female,Yes,15,Yes,No,DSL,No,Month-to-month,Yes,Electronic check,67,80449,446.7,5.9,6,Yes
4318-RAJVY,Female,No,10,Yes,No,No,No internet service,One year,Yes,,46,40080,439.7,1.2,6.2,No
2165-VOEGB,Female,No,46,Yes,No,Fiber optic,Yes,One year,Yes,Bank transfer (automatic),34,118231,306.7,4.3,6.4,Yes
3612-YUNGG,Male,No,64,Yes,No,Fiber optic,Yes,Two year,Yes,Credit card (automatic),22,46820,730,0.9,7.8,No
2254-DLXRI,Female,No,1,Yes,No,Fiber optic,No,Month-to-month,No,Mailed check,32,45746,389,7.6,7.4,No
5062-CJJKH,Male,Yes,25,Yes,Yes,DSL,No,One year,Yes,Mailed check,,47962,,1.6,6.2,No
9028-LIHRP,Male,Yes,71,Yes,Yes,Fiber optic,Yes,Two year,Yes,Credit card (automatic),32,48988,290.3,0.5,9.5,No
2219-MVUSO,Male,No,8,Yes,No phone service,DSL,No,Month-to-month,No,Mailed check,46,42673,696,3,6.5,Yes
1053-MXTTK,Female,No,72,Yes,No,Fiber optic,Yes,Two year,Yes,Bank transfer (automatic),40,91497,555.2,1.3,6.2,No
1530-ZTDOZ,Female,No,49,No,Yes,DSL,No,Month-to-month,No,Bank transfer (automatic),18,44668,0,0,6.6,No
1301-LOPVR,Male,No,29,No,Yes,DSL,Yes,One year,No,Credit card (automatic),41,48673,0,2.3,6.9,No
0853-TWRVK,Male,No,72,Yes,No,Fiber optic,Yes,Two year,No,Bank transfer (automatic),42,77263,298.5,0,8.6,No
8914-RBTSB,Male,Yes,31,Yes,Yes,Fiber optic,No,Month-to-month,No,Electronic check,20,54872,693.9,4.2,6.6,Yes
6212-ATMLK,Female,No,50,Yes,Yes,Fiber optic,No,Month-to-month,No,Electronic check,44,40317,388.5,3.6,6.8,No
8200-LGKSR,Male,No,,Yes,No,DSL,Yes,Two year,No,Electronic check,60,37924,316.4,2.3,6.5,No
1568-BEKZM,Male,No,70,Yes,Yes,DSL,Yes,Two year,Yes,Credit card (automatic),76,85284,478.6,1.4,6.6,No
0670-ANMUU,Male,No,71,Yes,No,Fiber optic,Yes,One year,No,Credit card (automatic),20,37638,350.7,1.3,8.5,No
6897-RWMUB,Male,No,61,Yes,No,DSL,Yes,Two year,No,Bank transfer (automatic),52,25015,579.5,1.2,6.7,No
0963-ZBDRN,Male,Yes,32,Yes,Yes,Fiber optic,Yes,Month-to-month,No,Electronic check,61,47535,455.2,6.2,5.4,Yes
7594-RQHXR,Female,No,1,Yes,No,Fiber optic,No,Month-to-month,Yes,Electronic check,50,44563,327.9,4.2,4.7,Yes
6999-CHVCF,Male,No,68,Yes,Yes,Fiber optic,No,Two year,Yes,Bank transfer (automatic),20,43016,612.8,2.7,6.7,No
6134-KWTBV,Male,No,62,Yes,Yes,No,No internet service,Two year,Yes,Bank transfer (automatic),82,50157,470.4,2.9,7.7,No
1077-HUUJM,Female,No,7,Yes,No,Fiber optic,No,Month-to-month,Yes,Electronic check,48,84527,280.6,4.3,6.7,No
6331-EWIEB,Male,No,20,Yes,No,Fiber optic,No,Month-to-month,Yes,Electronic check,42,118553,394.4,4.2,5.3,Yes
0895-LNKRC,Male,Yes,6,Yes,No,No,No internet service,One year,Yes,Mailed check,60,111462,342.8,2.5,7.2,No
2045-BMBTJ,Female,No,33,No,No,DSL,No,Month-to-month,No,Bank transfer (automatic),22,39541,0,0.4,9.4,No
8417-GSODA,Male,Yes,28,Yes,No phone service,Fiber optic,No,One year,No,Bank transfer (automatic),54,77058,572.4,0,7.8,No
5171-EPLKN,Male,No,27,Yes,No,No,No internet service,Two year,No,Credit card (automatic),32,51039,363.9,1.7,7.5,No
4452-QIIEB,Male,No,7,Yes,Yes,DSL,No,Month-to-month,Yes,Mailed check,31,46008,182.4,2.4,5.9,No
5998-VVEJY,Male,Yes,26,Yes,Yes,Fiber optic,Yes,Month-to-month,No,Electronic check,34,24439,862.7,,5.2,Yes
1624-NALOJ,Male,Yes,5,Yes,Yes,Fiber optic,No,Month-to-month,No,Electronic check,38,101133,558.3,2.9,7.5,Yes
6741-EGCBI,Male,No,30,Yes,No phone service,Fiber optic,No,Month-to-month,Yes,Credit card (automatic),38,92282,506.1,0,7.3,No
7820-ZYGNY,Male,No,63,Yes,Yes,Fiber optic,No,One year,No,Credit card (automatic),46,53609,299,6.4,6.6,No
4317-VTEOA,Male,Yes,1,Yes,No,DSL,No,Month-to-month,Yes,Electronic check,46,37948,338.9,3.8,7,Yes
9677-AVKED,Female,No,53,Yes,No,DSL,Yes,One year,Yes,Electronic check,69,46105,706.5,5.7,7,No
1670-SVOWZ,Female,No,14,Yes,No,Fiber optic,Yes,Month-to-month,No,Credit card (automatic),34,59681,167.3,2.8,6.1,Yes
2227-JRSJX,Female,No,21,Yes,No,Fiber optic,Yes,Month-to-month,Yes,Bank transfer (automatic),51,52578,360.7,2.7,5.8,No
9847-HNVGP,Male,No,17,Yes,No,No,No internet service,One year,No,Mailed check,65,40264,311.3,0,7.8,No
6696-YDAYZ,Male,Yes,16,Yes,Yes,No,No internet service,Two year,No,Mailed check,81,88769,485.6,1.1,6.1,No
8980-WQFWL,Female,No,35,Yes,Yes,DSL,No,Month-to-month,Yes,Electronic check,73,77402,312.6,3.7,6,No
1730-ZMAME,Female,No,32,Yes,Yes,Fiber optic,No,Month-to-month,No,Electronic check,21,54402,540.8,1.8,7.4,No
6506-EYCNH,Female,Yes,28,Yes,Yes,No,No internet service,Month-to-month,No,Bank transfer (automatic),64,68379,335.8,3.2,6.2,No
4634-JLRJT,Female,No,1,Yes,No phone service,No,No internet service,Month-to-month,No,Mailed check,45,34203,408.2,5.5,6.5,No
9501-UKKNL,Male,Yes,59,No,No phone service,DSL,Yes,Month-to-month,Yes,Electronic check,45,89388,0,2,9,No
2560-QTSBS,Female,No,72,Yes,Yes,No,No internet service,One year,Yes,Bank transfer (automatic),,42049,789.7,1,7.9,No
7541-YLXCL,Male,No,36,Yes,No,DSL,Yes,One year,Yes,Mailed check,20,151612,488.5,3,6.7,Yes
4795-WRNVT,Female,No,40,Yes,No,DSL,No,Month-to-month,Yes,Mailed check,25,49457,167.8,6.2,7.9,No
6080-TCMYC,Male,No,40,Yes,No,Fiber optic,No,Month-to-month,Yes,Electronic check,47,64147,414.7,9.3,4.9,No
0260-ZDLGK,Female,No,9,Yes,No,DSL,Yes,Month-to-month,No,Mailed check,52,35830,291.9,6,5.7,Yes
7860-UXCRM,Male,Yes,63,Yes,Yes,DSL,Yes,Two year,No,Credit card (automatic),62,52159,612.6,1,7.3,No
6357-JJPQT,Female,No,3,Yes,Yes,Fiber optic,No,Month-to-month,Yes,Electronic check,41,,278.2,6.6,8.1,No
2292-XQWSV,Male,No,40,No,Yes,DSL,Yes,One year,Yes,Mailed check,28,25488,0,1.7,6.3,No
9552-TGUZV,Male,No,8,Yes,No,Fiber optic,No,Month-to-month,Yes,Mailed check,42,39804,535.8,1.4,6,No
5913-INRQV,Male,No,34,Yes,Yes,Fiber optic,Yes,One year,Yes,Mailed check,66,95351,668.7,3.1,8.3,No
8722-NGNBH,Male,Yes,5,No,No phone service,DSL,Yes,Month-to-month,Yes,Mailed check,34,91561,0,2.6,5.4,Yes
6210-KBBPI,Male,No,9,Yes,No,Fiber optic,No,Month-to-month,Yes,Credit card (automatic),46,56178,666.2,4.9,6.2,Yes
9643-YBLUR,Male,No,9,Yes,Yes,DSL,No,Month-to-month,No,Credit card (automatic),48,47212,652.1,3.3,5.3,No
8734-FNWVH,Male,No,31,Yes,No,DSL,No,Month-to-month,Yes,,56,58734,683.6,3.9,6.2,No
9447-YPTBX,Female,No,50,Yes,No,No,No internet service,One year,Yes,Bank transfer (automatic),88,57781,470.8,1.6,9.3,No
0133-BMFZO,Female,No,2,Yes,Yes,Fiber optic,Yes,Month-to-month,No,Electronic check,52,94684,432.1,8.9,4.7,Yes
6128-CZOMY,Female,No,1,Yes,Yes,DSL,No,Month-to-month,Yes,Electronic check,36,127113,270.2,6.2,8.2,Yes
9540-JYROE,Male,Yes,8,Yes,Yes,Fiber optic,No,Month-to-month,No,Mailed check,69,48754,233.1,11.2,7.3,Yes
9026-LHEVG,Female,No,9,No,No,DSL,No,Month-to-month,Yes,Electronic check,27,,0,3.4,6.3,No
2260-USTRB,Female,No,2,Yes,Yes,Fiber optic,No,Month-to-month,Yes,Bank transfer (automatic),78,119478,675.5,3.9,6.9,Yes
3656-TKRVZ,Female,No,3,Yes,Yes,DSL,No,Month-to-month,No,Electronic check,35,88088,357.8,8.9,4.3,Yes
7011-CVEUC,Male,No,25,Yes,Yes,Fiber optic,Yes,Month-to-month,No,Credit card (automatic),37,87239,386.1,0.3,8.1,No
6185-TASNN,Male,No,1,Yes,No,DSL,No,Month-to-month,Yes,Electronic check,41,67400,250.5,7.4,9.2,No
7925-PNRGI,Female,No,45,Yes,No,DSL,Yes,Month-to-month,No,Mailed check,45,34117,795.3,5,6,No
8623-TMRBY,Male,No,51,Yes,Yes,Fiber optic,No,Month-to-month,Yes,Electronic check,41,38021,498.1,8,4.2,Yes
1552-CZCLL,Female,Yes,55,Yes,No phone service,No,No internet service,Month-to-month,No,Credit card (automatic),45,101404,806.3,0.7,7.5,No
3038-PQIUY,Female,Yes,38,Yes,Yes,DSL,No,Month-to-month,Yes,Bank transfer (automatic),45,27389,504.6,0.2,8.8,No
1501-SGHBW,Male,No,2,Yes,Yes,DSL,No,Month-to-month,Yes,Mailed check,46,106763,378.2,12.1,7.1,Yes
9313-CDOGY,Male,No,38,Yes,No,No,No internet service,Month-to-month,Yes,Electronic check,21,56938,509,3.6,9,No
8148-BPLZQ,Male,No,34,Yes,No,DSL,No,Month-to-month,Yes,Electronic check,43,61760,477.5,4.3,6.3,No
2623-DRYAM,Female,No,70,Yes,No,Fiber optic,No,One year,Yes,Electronic check,51,38172,603.7,1,6.2,No
9987-LUTYD,Female,No,13,Yes,Yes,DSL,Yes,One year,Yes,Mailed check,57,36415,324.3,5.8,8.8,No
3208-YPIOE,Male,No,39,Yes,Yes,Fiber optic,No,Month-to-month,Yes,Electronic check,39,48050,721.9,11.3,5.8,Yes
4488-KQFDT,Female,No,61,Yes,No,Fiber optic,No,One year,No,Electronic check,55,50136,378.6,2.6,4.9,No
2612-RANWT,Female,No,12,Yes,No,Fiber optic,No,Month-to-month,Yes,,68,77967,406.9,1.1,4.4,Yes
5693-PIPCS,Male,No,41,Yes,No phone service,Fiber optic,Yes,Two year,Yes,Credit card (automatic),42,41432,245.5,0.4,6.8,No
0491-KAPQG,Male,No,21,Yes,Yes,Fiber optic,No,Month-to-month,Yes,Electronic check,24,91670,529.7,0.1,5,No
1925-LFCZZ,Male,No,55,No,No,DSL,No,One year,Yes,Bank transfer (automatic),40,118460,0,3,6.5,No
8039-EQPIM,Male,Yes,69,No,No phone service,DSL,Yes,Two year,Yes,Bank transfer (automatic),44,46217,0,0.8,9,No
6900-PXRMS,Male,Yes,26,Yes,Yes,Fiber optic,No,Month-to-month,Yes,Electronic check,81,59671,458.4,6.9,5.7,Yes
8707-RMEZH,Female,No,69,Yes,No,Fiber optic,No,One year,No,Credit card (automatic),28,50976,518.2,0.9,8.5,No
3346-BRMIS,Female,No,18,No,Yes,DSL,No,Month-to-month,Yes,Electronic check,33,27996,0,4.9,6.5,Yes
3209-ZPKFI,Male,No,47,Yes,No,DSL,No,Month-to-month,No,Electronic check,36,68145,267.9,4.6,6.7,No
6479-VDGRK,Female,No,72,Yes,Yes,DSL,Yes,Two year,Yes,Bank transfer (automatic),38,40087,490.2,2,10,No
9373-WSLOY,Male,No,33,No,No,DSL,Yes,Month-to-month,Yes,Electronic check,38,56942,0,3.1,6.1,No
2933-FILNV,Female,No,2,No,No,DSL,No,Month-to-month,Yes,Mailed check,44,107763,0,3.5,4.3,Yes
3569-JFODW,Female,No,72,Yes,No,DSL,Yes,Two year,Yes,Credit card (automatic),36,57603,814.9,1.1,7.7,No
9819-FBNSV,Male,No,37,Yes,No,Fiber optic,No,Month-to-month,No,Bank transfer (automatic),28,45184,463,1.7,7.2,No
9544-PYPSJ,Female,No,62,Yes,Yes,Fiber optic,No,Month-to-month,Yes,Credit card (automatic),33,63770,515.1,1.9,6.3,No
1591-XWLGB,Female,No,71,Yes,Yes,No,No internet service,Two year,Yes,Credit card (automatic),22,70341,492.2,0.9,6.9,No
0396-UKGAI,Male,No,23,Yes,No,DSL,Yes,Month-to-month,Yes,Bank transfer (automatic),25,49978,398.5,,7.8,No
3243-ZHOHY,Female,No,16,Yes,No,No,No internet service,One year,Yes,Mailed check,46,120969,379.3,1.9,7.5,No
5186-EJEGL,Male,Yes,9,Yes,No,DSL,Yes,Month-to-month,No,Mailed check,40,99882,480.4,1.6,6.7,No
7527-QNRUS,Male,No,17,Yes,Yes,No,No internet service,Two year,Yes,Mailed check,83,30178,474.4,2.2,7.6,No
9986-BONCE,Female,No,4,Yes,Yes,No,No internet service,Month-to-month,No,Bank transfer (automatic),74,27630,753.3,2.5,7.1,Yes
2722-JMONI,Female,Yes,1,Yes,No,DSL,No,Month-to-month,No,Electronic check,46,82152,407.1,11.8,5.1,Yes
2203-GHNWN,Female,No,24,Yes,Yes,Fiber optic,No,Month-to-month,Yes,Mailed check,49,47117,980.7,4.9,9.6,No
3878-AVSOQ,Female,No,1,Yes,No,Fiber optic,No,Month-to-month,Yes,Electronic check,54,78430,686.5,2.6,5.8,No
3258-SYSWS,Male,No,72,Yes,Yes,Fiber optic,Yes,Two year,Yes,Bank transfer (automatic),32,50058,672.7,1.9,8.5,No
5296-PSYVW,Female,No,72,Yes,Yes,No,No internet service,Two year,Yes,Electronic check,47,58945,633.4,0,8.7,No
6319-QSUSR,Female,No,11,Yes,Yes,No,No internet service,Month-to-month,No,Credit card (automatic),65,71745,250.9,4.1,5.3,No
4083-EUGRJ,Male,No,9,Yes,No,No,No internet service,Month-to-month,No,Mailed check,23,29370,586.5,3.8,7,Yes
7579-OOPEC,Female,No,2,Yes,Yes,DSL,No,Month-to-month,No,Credit card (automatic),43,36386,516.8,3.6,7,Yes
0512-FLFDW,Female,No,60,Yes,No,Fiber optic,No,One year,Yes,Credit card (automatic),39,55113,644.6,2.1,6.4,No
1771-OADNZ,Male,No,29,Yes,No,Fiber optic,No,Month-to-month,Yes,Electronic check,43,62698,811.9,7.5,2.5,Yes
0487-CRLZF,Female,No,49,Yes,No,DSL,Yes,Two year,Yes,Bank transfer (automatic),50,34344,546.2,1,7.1,No
2107-FBPTK,Female,No,30,Yes,Yes,Fiber optic,No,Month-to-month,Yes,Electronic check,71,26042,450.6,2.4,6.3,No
9451-WLYRI,Female,No,,Yes,Yes,No,No internet service,One year,Yes,Credit card (automatic),90,41608,377.3,2.1,7.3,No
8219-VYBVI,Male,No,39,Yes,No,No,No internet service,Two year,Yes,Mailed check,79,44398,347.6,1.4,6.1,No
1991-VOPLL,Female,No,,Yes,No phone service,No,No internet service,Month-to-month,Yes,Mailed check,32,73289,523.6,0.3,7.2,No
9738-QLWTP,Male,Yes,39,Yes,No,Fiber optic,Yes,One year,No,Electronic check,63,98015,603.9,4,8.2,No
1016-DJTSV,Male,No,8,Yes,No,Fiber optic,No,Month-to-month,Yes,Electronic check,52,62301,253.6,1.9,5.2,No
9419-IPPBE,Female,No,51,Yes,Yes,Fiber optic,No,One year,No,Electronic check,77,125771,848.8,1.9,7.2,No
0174-QRVVY,Male,No,71,Yes,No,No,No internet service,Two year,Yes,Credit card (automatic),49,28914,757,1.1,8,No
5699-BNCAS,Male,No,71,Yes,No phone service,No,No internet service,Two year,Yes,Mailed check,36,77644,291.3,0.5,5.9,No
2900-PHPLN,Female,No,70,Yes,No,No,No internet service,Two year,Yes,Credit card (automatic),51,18105,615.5,0.6,6.4,No
0612-RTZZA,Female,No,1,No,No phone service,DSL,No,Month-to-month,Yes,Electronic check,31,39536,0,4.9,7.3,Yes
8106-GWQOK,Male,No,38,No,Yes,DSL,Yes,Two year,Yes,Bank transfer (automatic),61,38736,0,1.2,6.6,No
8751-EDEKA,Female,No,28,Yes,No,Fiber optic,No,Month-to-month,No,Credit card (automatic),82,19648,554.6,1.2,8.9,No
6878-GGDWG,Female,No,32,Yes,Yes,No,No internet service,Month-to-month,No,Bank transfer (automatic),52,87702,401.1,1.2,6.1,No
4039-PIMHX,Male,No,49,Yes,No,DSL,No,Two year,Yes,Mailed check,33,71282,412.4,2.3,7.2,No
8450-LUGUK,Female,No,,Yes,No,No,No internet service,Two year,Yes,Bank transfer (automatic),33,40148,706.7,0,5.9,No
3604-WLABM,Female,Yes,10,Yes,Yes,DSL,Yes,Month-to-month,Yes,Electronic check,55,46040,587.4,7.8,7.5,No
0795-GMVQO,Male,No,67,Yes,No,Fiber optic,No,One year,Yes,Credit card (automatic),43,55189,453.4,0,6,No
2259-OUUSZ,Male,Yes,7,No,Yes,DSL,Yes,One year,No,Credit card (automatic),37,51385,0,0.4,8.9,No
1142-IHLOO,Female,No,51,Yes,No,Fiber optic,No,One year,Yes,Credit card (automatic),74,84486,693.6,0.6,7.9,No
6410-LEFEN,Female,No,9,Yes,Yes,DSL,No,Month-to-month,Yes,Electronic check,34,140429,315.6,3.9,4.7,Yes
4633-MKHYU,Female,No,9,Yes,No,Fiber optic,No,Month-to-month,Yes,Mailed check,45,60739,482.6,2,6.4,No
6257-RJOHI,Male,Yes,4,Yes,No,DSL,Yes,Month-to-month,Yes,Mailed check,36,99662,411.5,1.5,7.4,No
1545-JFUML,Male,No,71,Yes,No,Fiber optic,No,Two year,Yes,Electronic check,39,67667,698.5,6.4,7.4,No
3194-ORPIK,Female,No,50,Yes,Yes,Fiber optic,No,Month-to-month,Yes,Bank transfer (automatic),54,39449,284.2,5.4,4.5,Yes
7826-VVKWT,Female,No,24,Yes,No,Fiber optic,No,Two year,No,Electronic check,34,84392,430.5,2,7.3,No
1353-GHZOS,Male,No,22,Yes,No phone service,DSL,No,One year,No,Bank transfer (automatic),60,86126,651.6,0.8,9.2,No
2587-EKXTS,Male,No,44,Yes,Yes,Fiber optic,No,Month-to-month,Yes,Electronic check,49,32680,404.1,3.1,10,No
5442-BXVND,Female,Yes,33,Yes,Yes,No,No internet service,Month-to-month,No,Bank transfer (automatic),23,79955,689.9,3,7.5,No
8816-VXNZD,Female,No,1,Yes,No,Fiber optic,No,Month-to-month,Yes,Electronic check,59,48303,600.7,6.6,5.4,Yes
9378-FXTIZ,Female,No,54,Yes,No phone service,DSL,No,One year,Yes,Credit card (automatic),39,27344,816.8,3,8.4,Yes
1723-HKXJQ,Male,No,42,Yes,No,Fiber optic,No,Month-to-month,Yes,,37,122122,,3.8,5.3,Yes
7825-GKXMW,Female,No,1,Yes,No,DSL,No,Month-to-month,Yes,Electronic check,29,75667,224,4.6,7.9,Yes
9753-OYLBX,Female,Yes,1,Yes,No,No,No internet service,Month-to-month,Yes,Mailed check,54,20866,578.2,3.8,9.1,No
2364-UFROM,Male,Yes,30,Yes,No,DSL,Yes,One year,Yes,Electronic check,43,68955,543.3,5.3,8.6,No
6656-JWRQX,Female,No,1,No,No phone service,DSL,Yes,Month-to-month,Yes,Mailed check,79,72961,0,1.9,7.2,No
6473-ULUHT,Male,No,16,Yes,No,DSL,Yes,Month-to-month,No,Electronic check,36,52783,449.6,2.2,6.7,No
1240-KNSEZ,Male,No,1,Yes,Yes,No,No internet service,Month-to-month,Yes,Mailed check,43,31813,626.7,3.8,4.8,Yes
0836-SEYLU,Male,No,9,No,No,DSL,Yes,Month-to-month,Yes,Mailed check,81,77541,0,6,,Yes
4433-JCGCG,Male,No,46,Yes,Yes,Fiber optic,No,Month-to-month,No,Electronic check,64,90677,664,10.2,6.9,Yes
3716-BDVDB,Male,No,1,Yes,Yes,Fiber optic,No,Month-to-month,No,Electronic check,84,29850,201.4,7.9,4.9,Yes
7688-AWMDX,Male,No,71,Yes,Yes,DSL,Yes,Two year,Yes,Bank transfer (automatic),41,76278,718.5,3.2,9.1,No
2842-BCQGE,Male,Yes,43,Yes,No,Fiber optic,No,Month-to-month,No,Credit card (automatic),52,44204,366.2,2.9,5.4,No
7244-QWYHG,Male,No,50,No,No,DSL,Yes,One year,Yes,Bank transfer (automatic),35,53367,0,2.2,6.8,No
5899-MQZZL,Female,No,13,Yes,No,Fiber optic,No,Month-to-month,No,Mailed check,84,63956,677.3,7,6.7,Yes
6849-OYAMU,Male,No,19,Yes,No,Fiber optic,Yes,One year,No,Bank transfer (automatic),38,49935,363.5,2.9,6.4,Yes
5312-UXESG,Female,No,41,Yes,Yes,Fiber optic,No,Month-to-month,Yes,Bank transfer (automatic),79,59852,541.8,1.9,6.2,No
9488-HGMJH,Female,Yes,1,Yes,Yes,Fiber optic,No,Month-to-month,No,Electronic check,34,60301,410.3,11.6,3.8,Yes
6038-GCYEC,Female,No,24,No,Yes,DSL,No,Month-to-month,No,Credit card (automatic),50,69757,0,4.2,5.3,Yes
2150-WLKUW,Female,No,40,Yes,Yes,DSL,No,One year,Yes,Bank transfer (automatic),29,124196,404.8,5.6,8.7,No
7159-FVYPK,Female,No,3,Yes,No phone service,DSL,No,Month-to-month,Yes,Bank transfer (automatic),46,86749,689.2,1.8,5.7,No
7032-LMBHI,Female,No,37,Yes,No,DSL,No,One year,No,Bank transfer (automatic),29,60441,737.1,0.5,,No
1150-WFARN,Female,No,67,Yes,No,Fiber optic,Yes,Two year,No,Credit card (automatic),64,54997,681.8,6.9,7.4,Yes
6088-BXMRG,Female,No,32,Yes,No,Fiber optic,No,Month-to-month,No,Electronic check,33,26617,,0.5,8,No
3144-AUDBS,Female,No,6,Yes,No,DSL,Yes,Month-to-month,Yes,Electronic check,39,74903,352.4,6,6.1,Yes
4821-SJHJV,Female,No,32,Yes,Yes,Fiber optic,No,Month-to-month,Yes,Electronic check,46,69247,692.7,4.2,6.4,No
7346-MEDWM,Female,No,59,Yes,No,Fiber optic,No,Month-to-month,Yes,Electronic check,35,55521,449.9,4.8,6.7,No
1137-DGOWI,Female,No,30,Yes,No,DSL,Yes,One year,No,Bank transfer (automatic),61,35505,553.3,1.9,7.3,No
5616-PRTNT,Male,No,,Yes,Yes,No,No internet service,Month-to-month,Yes,Electronic check,64,62494,555.4,9.2,6.7,Yes
3812-LRZIR,Female,No,27,Yes,No,No,No internet service,Two year,Yes,Electronic check,29,111950,568.1,7.5,7.5,No
4818-QIUFN,Female,No,20,Yes,No,Fiber optic,No,Month-to-month,Yes,Electronic check,49,35811,556.1,4.7,5.5,Yes
9483-GCPWE,Male,No,9,Yes,No,No,No internet service,One year,Yes,Mailed check,44,31777,314.8,4.9,8.2,No
4227-OJHAL,Female,No,68,Yes,No phone service,DSL,No,One year,Yes,Credit card (automatic),49,32839,438.5,1.1,7,No
9220-CXRSC,Female,No,69,Yes,No,DSL,Yes,Two year,No,Credit card (automatic),53,49030,813.4,1.7,5.5,No
4993-JCRGJ,Male,Yes,26,Yes,Yes,Fiber optic,Yes,Month-to-month,Yes,Mailed check,67,34772,624.9,2.7,5.4,No
9537-JALFH,Male,No,69,Yes,No,No,No internet service,Two year,Yes,Bank transfer (automatic),36,73859,521.1,2.2,6.5,No
6698-OXETB,Male,No,11,Yes,No,No,No internet service,Two year,Yes,Mailed check,56,59572,407.7,1.5,6.8,No
2103-ZRXFN,Male,No,1,Yes,No phone service,DSL,No,Month-to-month,Yes,Mailed check,49,29851,631.8,4.1,8,No
3724-BSCVH,Male,No,10,Yes,No,No,No internet service,One year,Yes,,20,94485,482.6,1,6.2,No
4877-TSOFF,Female,No,55,Yes,No,DSL,Yes,One year,No,Bank transfer (automatic),29,50855,506.7,0.6,7.5,No
9209-NWPGU,Male,No,44,Yes,Yes,DSL,Yes,One year,Yes,Electronic check,43,49572,452.3,2.6,8.2,No
6961-VCPMC,Male,Yes,46,Yes,Yes,Fiber optic,No,Month-to-month,Yes,Electronic check,75,48422,497.4,6.3,6.2,Yes
7306-YDSOI,Male,No,69,Yes,No,DSL,No,Two year,Yes,Bank transfer (automatic),81,24202,451.3,0.5,7,No
5288-AHOUP,Male,No,11,Yes,No,Fiber optic,No,Month-to-month,No,Electronic check,73,41996,582,5.6,4.8,No
6688-UZPWD,Female,Yes,11,Yes,No,Fiber optic,No,Month-to-month,Yes,,64,50734,392,7.1,6,Yes
0655-YDGFJ,Male,Yes,29,Yes,Yes,DSL,No,Month-to-month,Yes,Bank transfer (automatic),66,24720,235.9,0.5,5.6,No
8468-EHYJA,Female,No,57,Yes,Yes,Fiber optic,No,Month-to-month,Yes,Electronic check,49,29340,706.4,4,6.4,No
6823-SIDFQ,Male,No,28,Yes,Yes,No,No internet service,One year,No,Credit card (automatic),25,96087,305.4,1.6,7.4,No
1097-FSPVW,Female,No,42,Yes,No phone service,DSL,No,Month-to-month,Yes,Credit card (automatic),28,38099,520.7,1.5,6.5,No
2839-RFSQE,Female,No,2,Yes,No,No,No internet service,Month-to-month,Yes,Mailed check,59,68523,256.1,1.6,5.3,Yes
8328-SKJNO,Male,Yes,23,No,No,DSL,Yes,One year,Yes,Bank transfer (automatic),38,81556,0,0.9,6.9,No
7010-ZMVBF,Female,No,18,Yes,No,No,No internet service,Month-to-month,Yes,Mailed check,38,,340.8,6.4,8.4,No
5201-CBWYG,Male,No,62,Yes,No,No,No internet service,One year,Yes,Bank transfer (automatic),32,58795,661.9,0.5,5.9,No
0968-GSIKN,Female,No,1,Yes,No,Fiber optic,No,Month-to-month,Yes,Mailed check,45,53687,553.2,2.7,7.3,Yes
1965-DDBWU,Male,Yes,16,Yes,Yes,Fiber optic,Yes,Month-to-month,No,Credit card (automatic),26,44327,444.3,3.2,6.9,Yes
9057-SIHCH,Female,No,3,Yes,No,Fiber optic,No,Month-to-month,Yes,Electronic check,52,116696,320.2,5.1,8.2,Yes
6352-GIGGQ,Male,No,67,Yes,Yes,DSL,Yes,One year,Yes,Bank transfer (automatic),84,54479,219.9,0.9,7.5,No
3635-QQRQD,Male,No,62,Yes,No,No,No internet service,Two year,Yes,Credit card (automatic),56,70039,343.9,1.5,9,No
6771-XWBDM,Female,No,57,Yes,No,Fiber optic,No,Month-to-month,Yes,Credit card (automatic),56,43612,598.6,2.1,5.9,Yes
2897-DOVND,Male,No,2,Yes,Yes,Fiber optic,No,Month-to-month,Yes,,43,49600,390.3,9.1,6.5,No
3082-YVEKW,Female,No,23,Yes,Yes,DSL,Yes,Two year,Yes,Bank transfer (automatic),75,87400,622.4,0.8,8.3,No
0191-EQUUH,Female,No,25,No,No,DSL,Yes,Two year,Yes,Bank transfer (automatic),48,30730,0,1.2,9.1,No
7134-HBPBS,Female,No,72,Yes,Yes,Fiber optic,Yes,Two year,No,Bank transfer (automatic),49,22646,305.4,1.2,7.3,No
3489-HHPFY,Female,No,2,Yes,No,Fiber optic,No,Month-to-month,Yes,Electronic check,55,38059,658.2,1.7,5.6,No
2926-JEJJC,Female,Yes,8,Yes,Yes,No,No internet service,One year,Yes,Bank transfer (automatic),20,69268,503.6,0.8,8.3,No
8601-QACRS,Female,No,5,Yes,No,DSL,No,Month-to-month,No,Mailed check,35,36793,,8.5,5,Yes
4950-BDEUX,Male,No,35,No,Yes,DSL,No,Month-to-month,Yes,Electronic check,30,85706,0,4.8,6.4,No
5789-LDFXO,Male,No,24,Yes,No,No,No internet service,One year,Yes,,61,55954,489.2,2.3,7.1,No
0508-OOLTO,Female,No,2,Yes,No,Fiber optic,No,Month-to-month,Yes,Electronic check,28,34756,528.1,7.6,6.7,No
2984-TBYKU,Male,No,72,Yes,No,Fiber optic,Yes,Two year,No,Credit card (automatic),43,36046,791,0.1,8.5,No
9822-WMWVG,Female,No,41,Yes,Yes,Fiber optic,Yes,Month-to-month,No,Electronic check,33,55709,512,1.5,8.8,No
2391-SOORI,Male,No,4,Yes,No,DSL,No,Month-to-month,Yes,Electronic check,43,120057,477.3,11.6,5.5,Yes
9040-KZVWO,Male,No,26,Yes,Yes,Fiber optic,No,One year,Yes,Bank transfer (automatic),37,60803,608.5,1.8,7.8,No
2645-QTLMB,Male,No,7,Yes,No,Fiber optic,No,Month-to-month,No,Electronic check,43,18584,444.9,10.3,5.1,Yes
4806-HIPDW,Female,No,1,Yes,No,Fiber optic,No,Month-to-month,Yes,Electronic check,32,41904,761.6,4.2,7.4,Yes
1548-ARAGG,Female,No,4,Yes,Yes,DSL,Yes,Month-to-month,Yes,Mailed check,64,79984,858.3,2.6,8.7,No
6339-RZCBJ,Male,No,48,Yes,No,DSL,Yes,Two year,Yes,Credit card (automatic),25,63639,365.4,3.5,8.4,No
4424-TKOPW,Male,No,2,Yes,No phone service,Fiber optic,No,Month-to-month,Yes,Electronic check,47,51685,679,2.9,4.1,Yes
4415-WNGVR,Female,Yes,12,Yes,No,DSL,Yes,One year,No,Electronic check,66,42395,650.4,3.3,7.1,No
2522-AHJXR,Male,No,60,Yes,Yes,Fiber optic,Yes,Month-to-month,Yes,Bank transfer (automatic),59,42008,808.7,2.9,7.2,No
0412-UCCNP,Male,No,55,Yes,No,DSL,Yes,Two year,Yes,Electronic check,48,42513,425.3,1,8.9,No
1816-FLZDK,Male,No,1,No,No,DSL,Yes,Month-to-month,No,Mailed check,42,40575,0,2.1,4.8,No
7096-UCLNH,Male,No,1,Yes,Yes,No,No internet service,Month-to-month,Yes,Mailed check,66,20023,580.4,2,8.3,No
8443-ZRDBZ,Male,No,4,Yes,Yes,Fiber optic,No,Month-to-month,Yes,Electronic check,52,30846,317.7,2.2,5,Yes
9136-ALYBR,Male,No,1,No,No,DSL,No,Month-to-month,Yes,Mailed check,34,30498,0,2.3,6.2,Yes
4615-PIVVU,Female,Yes,42,Yes,No,DSL,Yes,Two year,Yes,Credit card (automatic),65,55848,486.2,0.8,7.1,No
8885-QSQBX,Female,Yes,1,Yes,No,DSL,No,Month-to-month,Yes,Bank transfer (automatic),51,36169,431.8,2.4,6.4,No
7479-NITWS,Male,No,7,Yes,No,Fiber optic,No,Month-to-month,Yes,Credit card (automatic),70,64115,458.6,3.2,4.9,Yes
8617-ENBDS,Male,No,3,Yes,Yes,Fiber optic,No,Month-to-month,Yes,Credit card (automatic),45,30856,296.3,4.4,5.8,No
9385-NXKDA,Female,No,72,Yes,Yes,DSL,No,Two year,Yes,Credit card (automatic),81,46099,717.4,0.3,6.9,No
0430-IHCDJ,Male,No,15,Yes,Yes,DSL,No,Month-to-month,No,Electronic check,32,55312,742.5,2,6.8,No
2959-MJHIC,Male,Yes,4,Yes,Yes,Fiber optic,No,Month-to-month,No,Electronic check,44,77155,617.6,6.6,5,Yes
6674-KVJHG,Female,Yes,11,Yes,Yes,No,No internet service,One year,Yes,Electronic check,47,47723,589.1,2.4,5.4,No
1814-DKOLC,Female,No,5,Yes,Yes,No,No internet service,Month-to-month,No,Mailed check,34,23985,540.2,3.3,9,No
4201-JMNGR,Female,No,1,Yes,No,DSL,No,Month-to-month,Yes,Electronic check,39,66308,385.7,8,4.7,Yes
9351-HXDMR,Male,No,72,Yes,No,Fiber optic,Yes,Two year,No,Credit card (automatic),29,43783,700.9,0,9.3,No
3537-HPKQT,Female,No,55,Yes,Yes,Fiber optic,No,Month-to-month,No,Credit card (automatic),36,21286,471.1,2.8,,No
2129-ALKBS,Female,No,40,Yes,No phone service,No,No internet service,Month-to-month,No,Electronic check,21,38897,629,3.2,6.2,No
5821-MMEIL,Female,No,57,Yes,No,No,No internet service,Two year,No,Bank transfer (automatic),37,102664,424.1,1.6,6.9,No
5960-WPXQM,Male,No,1,Yes,No phone service,Fiber optic,No,Month-to-month,No,Electronic check,29,75495,342.4,6.5,6.6,Yes
0684-AOSIH,Male,No,1,Yes,Yes,Fiber optic,No,Month-to-month,Yes,Electronic check,62,105966,524.5,2,6.4,Yes
8260-NGFNY,Female,No,1,No,Yes,DSL,No,Month-to-month,Yes,Mailed check,36,110356,0,2.1,6.2,Yes
1309-XGFSN,Male,No,52,Yes,Yes,DSL,No,One year,Yes,Electronic check,36,43959,472.1,8.4,7.8,No
1866-RZZQS,Male,No,,Yes,Yes,Fiber optic,No,Month-to-month,Yes,Electronic check,48,64146,585.2,8.2,5.5,Yes
6968-URWQU,Male,No,43,Yes,No phone service,DSL,No,One year,Yes,Mailed check,21,57996,498.5,1,8.4,No
4742-TXUEX,Female,No,47,Yes,No,No,No internet service,Two year,No,Bank transfer (automatic),77,25543,624,0.2,8.4,No
9631-XEYKE,Male,No,,Yes,Yes,DSL,No,Month-to-month,No,Bank transfer (automatic),37,46110,430.2,1.9,7.9,No
8631-NBHFZ,Male,No,66,Yes,No,DSL,Yes,Two year,Yes,Credit card (automatic),45,27713,477.1,1.8,6,Yes
1335-MXCSE,Male,No,55,Yes,Yes,DSL,Yes,Two year,No,Credit card (automatic),54,21582,555.1,3.5,7.5,No
8873-TMKGR,Male,No,29,Yes,No phone service,No,No internet service,One year,No,Mailed check,47,68605,713.2,2.4,5,No
8800-JOOCF,Female,No,12,Yes,No,Fiber optic,No,Month-to-month,No,Electronic check,51,70647,579.4,2.4,7,No
1469-LBJQJ,Female,No,66,Yes,No,Fiber optic,No,Month-to-month,No,Electronic check,,99922,603.9,1.2,8.4,No
4958-XCBDQ,Male,No,35,Yes,No,Fiber optic,No,Month-to-month,Yes,Electronic check,35,39277,542.5,6.9,4.4,Yes
8337-UPOAQ,Male,No,10,Yes,Yes,Fiber optic,No,Month-to-month,Yes,Electronic check,31,37611,893.2,4.1,7.4,Yes
0064-YIJGF,Male,No,27,Yes,Yes,Fiber optic,No,Month-to-month,No,Bank transfer (automatic),76,32302,758.6,3.9,5.4,No
2386-OWURY,Female,No,58,Yes,Yes,Fiber optic,Yes,Month-to-month,No,Electronic check,64,72112,209.6,4.8,8.5,No
1725-IQNIY,Male,No,54,Yes,No,Fiber optic,Yes,Two year,Yes,Bank transfer (automatic),37,68739,538.6,3.2,6.7,Yes
0310-VQXAM,Male,No,9,Yes,Yes,No,No internet service,Month-to-month,Yes,Mailed check,49,41936,373.1,0.5,6,No
6598-RFFVI,Male,No,2,Yes,No,No,No internet service,One year,No,Credit card (automatic),36,53931,279.2,2.9,6.7,Yes
3453-RTHJQ,Male,No,6,Yes,Yes,Fiber optic,No,Month-to-month,Yes,Electronic check,25,109257,210.2,3.9,6.4,No
6712-OAWRH,Female,No,,Yes,No,Fiber optic,No,Month-to-month,Yes,Electronic check,25,42788,593.3,2.8,7.9,Yes
6278-FEPBZ,Female,No,9,Yes,Yes,No,No internet service,Month-to-month,No,Mailed check,46,49017,530.1,0.8,6.4,No
4280-DLSHD,Male,No,8,Yes,No,DSL,No,Month-to-month,Yes,Mailed check,44,38018,648.5,6.5,8.2,No
1508-DFXCU,Male,No,12,Yes,Yes,Fiber optic,No,Month-to-month,Yes,Electronic check,49,46392,437.7,10.9,6.1,No
8614-VGMMV,Female,No,15,Yes,Yes,DSL,No,Month-to-month,No,Electronic check,47,57421,700,8.7,6.9,Yes
7868-BGSZA,Male,No,43,Yes,No,DSL,No,One year,Yes,Electronic check,40,87793,655.6,2,6.6,No
2800-QQUSO,Male,Yes,42,Yes,Yes,Fiber optic,Yes,Month-to-month,Yes,Electronic check,50,57287,667.8,1.6,7.5,No
2930-UOTMB,Female,No,31,Yes,Yes,DSL,Yes,Month-to-month,No,Credit card (automatic),66,79081,756.6,5,4.7,Yes
7973-DZRKH,Female,No,66,Yes,No,Fiber optic,Yes,Two year,Yes,Credit card (automatic),18,48733,570.4,1.1,9,No
5914-DVBWJ,Female,No,18,Yes,No,Fiber optic,Yes,Month-to-month,Yes,Electronic check,29,46572,853,3.2,4.4,Yes
7698-YFGEZ,Male,Yes,1,Yes,Yes,No,No internet service,Month-to-month,No,,41,27878,419.2,8.5,8.2,No
2533-QVMSK,Male,Yes,61,Yes,No,Fiber optic,Yes,Two year,Yes,Electronic check,64,58182,520.9,8.7,5.3,Yes
9773-PEQBZ,Male,No,10,Yes,No,Fiber optic,No,Month-to-month,Yes,,37,81411,478.7,2.4,7.5,No
8644-XLFBW,Male,No,1,Yes,Yes,Fiber optic,No,Month-to-month,No,Electronic check,33,97068,308.7,3.1,4.1,Yes
0650-BWOZN,Female,No,18,Yes,No,Fiber optic,No,Month-to-month,Yes,Electronic check,29,72668,344,2.2,5.7,No
8625-AZYZY,Male,No,24,Yes,Yes,Fiber optic,No,Month-to-month,Yes,Electronic check,80,52436,374.5,3.4,4.8,Yes
7785-RDVIG,Female,No,3,Yes,No,No,No internet service,Month-to-month,No,Mailed check,29,50951,605.2,3.2,6.5,No
9602-WCXPI,Male,No,50,Yes,No,No,No internet service,One year,No,Credit card (automatic),30,59568,359.8,2.8,7.8,No
2903-YYTBW,Male,Yes,1,Yes,No phone service,DSL,No,Month-to-month,Yes,Electronic check,80,82470,585.7,11.2,7.2,No
3620-MWJNE,Male,No,2,Yes,Yes,DSL,Yes,Month-to-month,Yes,Mailed check,50,56350,352.4,1.4,9.2,No
8573-JGCZW,Male,Yes,17,Yes,Yes,No,No internet service,One year,No,Bank transfer (automatic),77,74192,627.1,1.4,6.4,No
6837-HAEVO,Male,Yes,69,Yes,No,Fiber optic,No,Two year,Yes,Electronic check,38,104134,595.1,2.5,7.5,No
6701-YVNQG,Male,No,72,Yes,No,DSL,Yes,Two year,Yes,Credit card (automatic),36,48310,675.1,0.9,6.8,No
9306-CPCBC,Female,No,3,Yes,Yes,Fiber optic,No,Month-to-month,Yes,Electronic check,77,21785,,24,5.6,Yes
4304-XUMGI,Male,Yes,50,Yes,No,DSL,No,Two year,No,Bank transfer (automatic),49,20509,639.2,0,8.3,No
9504-YAZWB,Female,No,53,Yes,No,No,No internet service,Two year,Yes,Mailed check,60,79253,528.5,0,7.8,No
8819-ZBYNA,Female,No,58,Yes,Yes,Fiber optic,Yes,Two year,No,Credit card (automatic),,51395,706.4,0.7,8.2,No
6174-NRBTZ,Male,No,46,No,No,DSL,No,One year,No,Bank transfer (automatic),44,22835,0,0.8,8,No
9481-IEBZY,Male,No,72,Yes,No,Fiber optic,Yes,Month-to-month,Yes,Credit card (automatic),73,45748,611.5,0.8,7.5,No
1833-VGRUM,Female,No,1,Yes,No,Fiber optic,No,Month-to-month,No,Electronic check,53,79578,489.7,3.3,5.3,Yes
6137-NICCO,Female,No,6,Yes,Yes,Fiber optic,No,Month-to-month,No,Mailed check,41,47736,414.5,0.8,6.1,No
9065-ZCPQX,Male,No,72,Yes,Yes,DSL,Yes,Two year,No,Bank transfer (automatic),45,33667,845.9,0.8,8.7,No
6402-EJMWF,Male,No,4,Yes,Yes,DSL,No,Month-to-month,No,Mailed check,45,80446,632.1,1.1,7.9,No
3620-EHIMZ,Female,Yes,52,Yes,No,No,No internet service,Two year,No,Mailed check,37,28731,617.7,0,6.8,No
3213-VVOLG,Male,No,0,Yes,Yes,No,No internet service,Two year,No,Mailed check,38,78359,690.6,3.2,8.6,No
6870-ECSHE,Female,No,2,Yes,Yes,No,No internet service,One year,Yes,Mailed check,28,38001,274.4,0,8.7,No
8747-UDCOI,Female,No,65,Yes,No,No,No internet service,Two year,Yes,Bank transfer (automatic),72,83427,793.8,0.3,8.4,No
8374-XGEJJ,Male,No,43,Yes,No,Fiber optic,No,Month-to-month,No,Electronic check,46,31518,742.7,4.5,4.6,Yes
2656-TABEH,Male,No,4,Yes,Yes,Fiber optic,No,Month-to-month,Yes,Electronic check,35,82170,793.6,2.7,4.3,Yes
6946-LMSQS,Male,Yes,25,Yes,Yes,Fiber optic,No,One year,Yes,Electronic check,71,48693,771.6,4.2,6.4,Yes
4626-OZDTJ,Female,Yes,51,Yes,Yes,DSL,Yes,One year,No,Credit card (automatic),40,32662,481.7,4,5.4,No
9169-BSVIN,Male,No,12,Yes,Yes,DSL,No,Month-to-month,No,Bank transfer (automatic),54,35075,,0.7,4.6,No
2325-ZUSFD,Female,No,57,Yes,No,DSL,No,One year,Yes,Bank transfer (automatic),70,41921,399.9,4,5.4,Yes
8194-PEEBY,Female,No,24,Yes,No,No,No internet service,One year,Yes,Mailed check,59,60043,367,4,6.3,No
6872-HXFNF,Female,No,64,Yes,No,DSL,Yes,One year,No,Bank transfer (automatic),35,66128,604.8,1.2,9.4,No
3932-CMDTD,Female,No,4,Yes,Yes,Fiber optic,Yes,One year,No,Electronic check,39,72526,442.4,8.6,6.1,Yes
7714-YXSMB,Female,No,26,Yes,Yes,Fiber optic,No,Month-to-month,Yes,Bank transfer (automatic),49,65435,204.9,3,4.9,No
8387-UGUSU,Female,No,15,Yes,Yes,No,No internet service,Month-to-month,Yes,Mailed check,25,44718,365.2,1.7,6.3,No
1080-BWSYE,Male,No,64,Yes,No,No,No internet service,Two year,No,Credit card (automatic),54,109208,684.6,1.6,8.2,No
4039-HEUNW,Male,No,,Yes,No,Fiber optic,No,Month-to-month,Yes,Electronic check,43,55845,618,10.2,6.9,Yes
1194-HVAIF,Female,Yes,27,Yes,No,Fiber optic,No,Month-to-month,No,Credit card (automatic),46,59917,,0.2,5.9,No
0812-WUPTB,Male,No,1,Yes,No,Fiber optic,No,Month-to-month,No,Mailed check,32,32228,213.9,4.5,6.9,Yes
3594-UVONA,Female,Yes,35,Yes,No,DSL,Yes,One year,Yes,Credit card (automatic),82,75033,458,1.1,4.9,Yes
0004-TLHLJ,Male,Yes,4,Yes,No,Fiber optic,No,Month-to-month,No,Electronic check,50,21091,364.6,4.5,6,Yes
1767-TGTKO,Female,No,8,Yes,No,DSL,No,Month-to-month,Yes,Electronic check,46,96178,617.5,3,8.2,No
8439-LTUGF,Male,No,10,Yes,No,No,No internet service,Month-to-month,Yes,Credit card (automatic),48,57299,480.8,4.8,5.7,No
8805-JNRAZ,Female,No,2,Yes,No,DSL,No,Month-to-month,No,Mailed check,63,74177,291.2,7,6.9,No
5089-IFSDP,Female,No,58,Yes,Yes,Fiber optic,No,Two year,Yes,Bank transfer (automatic),38,86807,777.6,4.4,7.9,Yes
6418-HNFED,Male,No,51,Yes,Yes,DSL,Yes,Two year,Yes,Credit card (automatic),69,44150,664.5,0.9,7.4,No
0206-OYVOC,Female,No,46,Yes,No,No,No internet service,Two year,Yes,Mailed check,60,47638,377.9,0.5,7.8,No
7291-CDTMJ,Male,No,1,Yes,No,No,No internet service,Month-to-month,Yes,Bank transfer (automatic),64,93553,531.4,2.2,6.9,No
7128-GGCNO,Male,No,46,Yes,Yes,Fiber optic,No,Month-to-month,No,Bank transfer (automatic),63,63653,557.6,0.7,6.7,No
0237-YFUTL,Female,No,50,Yes,Yes,Fiber optic,Yes,Month-to-month,Yes,Bank transfer (automatic),78,185907,627.5,2.1,7.8,No
7691-KGKGP,Male,No,53,Yes,No,DSL,Yes,Month-to-month,No,Credit card (automatic),49,59687,422.9,2.7,7.2,No
6710-HSJRD,Male,No,61,Yes,Yes,Fiber optic,Yes,Month-to-month,Yes,Electronic check,41,73261,651.9,2.9,6.2,No
3675-EQOZA,Male,No,5,Yes,Yes,No,No internet service,Month-to-month,No,Bank transfer (automatic),90,77903,429.3,,7.7,No
0840-DCNZE,Male,No,47,Yes,No,DSL,Yes,One year,Yes,Bank transfer (automatic),73,31366,408.7,0.8,8.5,No
1732-FEKLD,Female,No,54,Yes,Yes,Fiber optic,No,One year,Yes,Bank transfer (automatic),75,74140,653.7,2.2,8.2,No
9862-KJTYK,Male,No,19,No,No,DSL,No,Month-to-month,Yes,Credit card (automatic),44,25717,0,0.8,7.5,No
0479-HMSWA,Female,No,26,Yes,No,Fiber optic,Yes,Two year,Yes,Electronic check,25,67226,479,3.8,7,No
5854-KSRBJ,Male,No,70,Yes,No,No,No internet service,Two year,Yes,Mailed check,48,61753,769.1,1,6.7,No
0365-BZUWY,Male,No,17,Yes,Yes,Fiber optic,No,Month-to-month,Yes,Electronic check,23,212594,385.3,2.8,4.7,No
4817-VYYWS,Female,No,30,Yes,No,Fiber optic,No,Month-to-month,No,Electronic check,26,34160,644.2,9.2,6.9,Yes
5701-SVCWR,Female,No,1,Yes,No,No,No internet service,Month-to-month,Yes,Mailed check,23,41615,759.6,5.8,5.1,No
3129-AAQOU,Female,Yes,19,Yes,Yes,No,No internet service,Two year,Yes,Mailed check,43,158049,825.6,1,7.4,No
4922-CVPDX,Female,No,26,Yes,No,DSL,No,Two year,Yes,Credit card (automatic),31,46601,279.1,1.2,6,No
1396-QWFBJ,Female,No,21,Yes,No,Fiber optic,No,Month-to-month,Yes,Bank transfer (automatic),25,58994,243.7,2.4,5.7,Yes
1357-BIJKI,Male,Yes,50,Yes,No,Fiber optic,No,One year,Yes,Electronic check,28,32637,592.5,5.9,7.8,No
1099-BTKWT,Female,No,68,No,Yes,DSL,No,One year,No,Electronic check,82,41195,0,1.6,6.5,No
5299-SJCZT,Male,Yes,3,Yes,Yes,Fiber optic,No,Month-to-month,Yes,Bank transfer (automatic),38,47002,790.7,1.8,6.9,Yes
2018-PZKMU,Male,No,9,Yes,Yes,Fiber optic,Yes,Month-to-month,Yes,Electronic check,49,116831,391.6,8.1,8.3,No
7340-KEFQE,Female,Yes,51,No,Yes,DSL,Yes,Two year,No,Bank transfer (automatic),45,37340,0,0.1,7.5,No
4570-QHXHL,Female,Yes,9,Yes,No,DSL,No,Month-to-month,Yes,Electronic check,62,96956,441.7,1.5,4.8,No
2403-BCASL,Male,No,41,Yes,No,Fiber optic,Yes,One year,Yes,Electronic check,46,38669,573.3,7.5,5.5,Yes
7392-YYPYJ,Male,No,22,Yes,Yes,Fiber optic,No,Month-to-month,Yes,Electronic check,39,60959,673,4.5,7,No
2898-LSJGD,Female,No,21,No,No,DSL,No,One year,Yes,Electronic check,29,36535,0,4.8,7.6,Yes
2223-GDSHL,Male,No,71,Yes,No phone service,Fiber optic,Yes,Two year,Yes,Bank transfer (automatic),63,53762,622.1,2.1,10,No
7359-PTSXY,Male,No,1,Yes,No,DSL,No,Month-to-month,No,Electronic check,56,56994,510.7,6.4,8.2,Yes
9470-RTWDV,Male,No,26,Yes,No,DSL,Yes,One year,Yes,Credit card (automatic),44,41108,699.6,1.1,4.9,No
2176-OSJUV,Male,No,71,Yes,Yes,DSL,Yes,Two year,No,Bank transfer (automatic),76,36936,460.1,0.6,8.3,No
9348-YVOMK,Male,Yes,4,Yes,No,DSL,No,Month-to-month,No,Credit card (automatic),41,42265,608.6,1.5,7.5,No
8104-OSKWT,Female,No,12,Yes,Yes,Fiber optic,No,Month-to-month,Yes,Electronic check,64,48549,404.6,7.8,4.8,No
4521-YEEHE,Female,No,18,Yes,No,Fiber optic,Yes,Month-to-month,Yes,Electronic check,76,48740,682.6,2.7,6.5,No
4090-KPJIP,Female,No,3,Yes,No phone service,Fiber optic,No,Month-to-month,No,Electronic check,61,54599,451.5,11.4,5.5,No
3786-WOVKF,Female,No,72,Yes,No,Fiber optic,No,One year,Yes,Bank transfer (automatic),59,54948,414.3,0,6.2,No
4503-BDXBD,Male,Yes,11,Yes,No,Fiber optic,No,Month-to-month,Yes,,37,76221,685.8,6,5.9,Yes
6086-ESGRL,Female,No,1,Yes,No,Fiber optic,No,Month-to-month,Yes,Credit card (automatic),51,88610,386.3,2.7,7.6,Yes
2592-HODOV,Male,Yes,13,Yes,Yes,No,No internet service,One year,Yes,Credit card (automatic),32,89432,323.7,1.2,7.7,No
3886-CERTZ,Female,No,,Yes,No,Fiber optic,Yes,One year,Yes,Electronic check,53,148246,523.5,2.2,6.1,Yes
7995-ZHHNZ,Male,No,42,Yes,No phone service,DSL,No,One year,No,Credit card (automatic),56,154557,501.2,0,8.9,No
3824-RHKVR,Female,No,17,Yes,Yes,No,No internet service,Month-to-month,Yes,,36,55498,264,7.2,7.8,No
5816-SCGFC,Female,No,7,Yes,No,DSL,No,Month-to-month,Yes,Mailed check,83,26301,701.1,2.4,5.8,No
5989-AXPUC,Female,No,,Yes,No phone service,Fiber optic,Yes,Two year,No,Mailed check,72,33702,633.3,1.2,8.7,No
4979-HPRFL,Male,Yes,56,Yes,Yes,No,No internet service,Two year,No,Bank transfer (automatic),46,39156,695.6,0,6.9,No
8590-OHDIW,Female,No,38,Yes,Yes,No,No internet service,One year,No,Mailed check,67,56090,128.1,0,6.8,No
8015-IHCGW,Female,No,72,Yes,Yes,Fiber optic,Yes,Two year,Yes,Electronic check,44,63573,662.2,8.5,9,No
2332-TODQS,Female,No,48,Yes,Yes,No,No internet service,One year,Yes,Credit card (automatic),37,65336,612.1,2.8,7.7,No
9278-VZKCD,Female,Yes,52,Yes,No phone service,Fiber optic,No,Month-to-month,No,Electronic check,32,37423,525.8,4.3,7.5,No
8008-OTEZX,Female,No,35,Yes,Yes,No,No internet service,One year,Yes,Mailed check,68,29192,657,0.9,6.4,No
2773-OVBPK,Male,No,67,Yes,Yes,Fiber optic,Yes,Two year,No,Bank transfer (automatic),30,98779,760.7,1.5,6.1,No
5999-LCXAO,Female,No,1,No,No phone service,DSL,No,Month-to-month,Yes,Mailed check,35,31973,0,0.3,8.2,No
5206-XZZQI,Male,No,53,Yes,No,Fiber optic,Yes,Month-to-month,Yes,Mailed check,45,47055,498.3,0,7.2,No
4803-LBYPN,Male,No,34,Yes,Yes,No,No internet service,Month-to-month,Yes,Mailed check,64,64693,665.6,1.6,8.7,No
5759-RCVCB,Female,No,3,No,Yes,DSL,No,Month-to-month,No,Credit card (automatic),46,88408,0,5,5.3,Yes
6372-RFVNS,Female,No,1,Yes,No,Fiber optic,No,Month-to-month,Yes,Electronic check,31,67228,26.5,4,6.4,Yes
2139-FQHLM,Male,No,19,Yes,Yes,Fiber optic,Yes,Month-to-month,No,Mailed check,36,53519,452.6,2.6,7.8,No
8261-GWDBQ,Female,No,60,Yes,Yes,Fiber optic,Yes,Two year,Yes,Bank transfer (automatic),44,22910,590.6,2.3,9,No
1093-YSWCA,Male,No,11,Yes,Yes,No,No internet service,Two year,No,Credit card (automatic),48,77201,401.5,1.2,7.7,No
8938-UMKPI,Female,No,47,Yes,Yes,Fiber optic,No,Month-to-month,Yes,Electronic check,79,35214,498,7,7,Yes
0991-BRRFB,Male,No,,Yes,Yes,DSL,No,Month-to-month,No,Electronic check,50,60176,695.6,5.7,6.1,Yes
3882-IYOIJ,Female,No,60,Yes,No,Fiber optic,Yes,Two year,Yes,Credit card (automatic),51,100519,551.9,1.9,7.5,No
8749-TZYEC,Male,No,72,Yes,Yes,No,No internet service,Two year,Yes,Credit card (automatic),80,64881,556.5,0.4,7.5,No
1755-FZQEC,Male,No,39,Yes,Yes,No,No internet service,One year,No,Mailed check,22,35371,388.5,0.8,8.8,No
3115-JPJDD,Female,No,59,Yes,No,Fiber optic,No,One year,No,Credit card (automatic),52,113166,338,1.5,7,No
5600-KTXFM,Male,No,2,Yes,No,Fiber optic,No,Month-to-month,Yes,Mailed check,47,32325,646.7,1.2,5.6,No
3871-IKPYH,Male,No,1,Yes,Yes,Fiber optic,No,Month-to-month,No,Electronic check,35,46135,445.9,13,6.1,Yes
6319-IEJWJ,Male,No,20,Yes,Yes,Fiber optic,No,Month-to-month,Yes,Electronic check,41,91165,428.3,4.4,6.5,Yes
9025-AOMKI,Female,No,6,Yes,No phone service,Fiber optic,No,Month-to-month,Yes,Bank transfer (automatic),31,55822,467.7,4.8,5.8,Yes
6339-TBELP,Male,No,71,Yes,No,Fiber optic,Yes,Two year,Yes,Credit card (automatic),51,34562,346.2,0.5,7.5,No
7964-YESJC,Female,No,24,Yes,Yes,DSL,No,Month-to-month,Yes,Mailed check,19,36789,725.9,2.4,7.8,No
6173-GOLSU,Male,No,67,Yes,Yes,Fiber optic,No,Month-to-month,No,Credit card (automatic),25,84773,375.4,3.1,6.8,No
5275-SQEIZ,Male,No,1,Yes,No,Fiber optic,No,Month-to-month,Yes,Mailed check,41,39973,465.2,12.1,4.2,Yes
7716-YTYHG,Female,No,48,Yes,Yes,Fiber optic,No,One year,Yes,Mailed check,44,118318,463.7,2.6,4.9,Yes
9938-ZREHM,Female,No,37,Yes,Yes,DSL,Yes,One year,Yes,Mailed check,70,89893,899.9,2.8,7.2,No
7950-XWOVN,Male,No,11,No,No,DSL,No,Month-to-month,No,Mailed check,38,58103,0,9.8,9.1,No
4390-KYULV,Male,No,3,Yes,No,No,No internet service,Month-to-month,Yes,Credit card (automatic),36,66237,729.2,2.5,6.1,Yes
4647-MUZON,Female,Yes,18,Yes,No,Fiber optic,No,Month-to-month,Yes,Credit card (automatic),46,62514,424.1,0.5,6.1,No
9702-AIUJO,Male,No,50,Yes,No,DSL,No,One year,Yes,Bank transfer (automatic),40,38979,504.3,1.6,5.3,No
8849-PRIQJ,Female,No,67,Yes,Yes,Fiber optic,Yes,One year,Yes,Electronic check,87,83953,757.7,3.4,6.9,No
8851-RAGOV,Female,No,25,Yes,No phone service,DSL,Yes,Month-to-month,Yes,Mailed check,48,65292,883.1,8.3,6.4,No
1304-NECVQ,Female,No,,Yes,No,Fiber optic,No,Month-to-month,Yes,Electronic check,45,91332,577.4,3.4,6.6,Yes
5396-IZEPB,Male,No,9,Yes,No,No,No internet service,Month-to-month,Yes,Credit card (automatic),63,30303,347.4,3.1,8.1,No
1729-VLAZJ,Female,No,10,No,No,DSL,Yes,One year,Yes,Mailed check,52,31214,0,3.2,10,No
8285-ABVLB,Female,No,70,Yes,No,No,No internet service,Two year,No,Credit card (automatic),29,58758,381.6,2,6.8,No
0701-TJSEF,Male,No,9,Yes,Yes,DSL,Yes,Month-to-month,Yes,Bank transfer (automatic),77,92964,774.4,2.8,7.2,No
5712-VBOXD,Female,No,4,Yes,Yes,No,No internet service,Month-to-month,No,Credit card (automatic),64,41115,444.1,3.8,7.9,No
6629-LADHQ,Female,No,2,Yes,Yes,DSL,No,Month-to-month,No,Mailed check,70,35111,545.6,0.5,6.7,No
8945-GRKHX,Female,No,1,Yes,No,Fiber optic,No,Month-to-month,Yes,Electronic check,48,66684,492.5,4.6,5.4,Yes
1559-DTODC,Male,No,19,No,Yes,DSL,No,Month-to-month,Yes,Bank transfer (automatic),40,110166,0,5.4,7.1,No
4797-MIWUM,Male,No,7,Yes,No,No,No internet service,Month-to-month,No,,32,80251,212.4,4.4,7.6,No
6959-UWKHF,Male,No,1,Yes,No,DSL,No,Month-to-month,Yes,Electronic check,44,62829,215.3,7.4,4.5,Yes
8720-RQSBJ,Male,No,1,Yes,No,DSL,No,Month-to-month,No,Electronic check,30,49581,265.5,7.3,5.4,No
4537-CIBHB,Female,No,9,Yes,Yes,No,No internet service,One year,Yes,Mailed check,75,60593,647.1,3.4,7.3,No
3815-SLMEF,Female,No,,No,Yes,DSL,Yes,Month-to-month,No,Mailed check,38,28695,0,8.3,6.1,Yes
5154-VEKBL,Female,No,9,No,Yes,DSL,Yes,Month-to-month,No,Mailed check,79,158614,,1.5,6.3,Yes
4324-AHJKS,Female,No,5,Yes,No,DSL,No,Month-to-month,Yes,Credit card (automatic),26,90129,443.4,1.1,8.2,No
4355-CVPVS,Female,No,56,Yes,Yes,Fiber optic,No,One year,No,Bank transfer (automatic),55,50422,250.6,2.6,6.2,No
4495-LHSSK,Female,No,18,Yes,Yes,DSL,No,Month-to-month,No,Mailed check,47,61477,589.6,2.9,6.9,No
5655-JSMZM,Male,No,49,Yes,Yes,Fiber optic,No,Month-to-month,No,Electronic check,54,47594,583.8,2.9,4.5,Yes
5915-ANOEI,Male,No,70,Yes,No,DSL,Yes,Two year,No,Mailed check,36,46778,557.9,3.1,8.4,No
9861-PDSZP,Female,Yes,72,Yes,No,Fiber optic,Yes,Two year,No,Credit card (automatic),48,52757,413.1,0,8.5,No
4505-EXZHB,Female,No,6,Yes,Yes,Fiber optic,No,Month-to-month,Yes,Electronic check,46,30280,640.1,10.4,5,Yes
7225-CBZPL,Male,No,17,Yes,No,Fiber optic,No,Month-to-month,No,Electronic check,43,99520,339.3,6.8,4.1,No
6704-UTUKK,Male,No,29,No,Yes,DSL,No,Month-to-month,No,Electronic check,64,56953,0,0,7.7,No
4587-VVTOX,Female,No,6,Yes,Yes,Fiber optic,No,Month-to-month,No,Electronic check,63,73435,439.6,11.3,6.7,Yes
2019-HDCZY,Male,No,63,Yes,No phone service,Fiber optic,No,Two year,Yes,Electronic check,32,51936,687.5,3.3,5.3,No
4652-NNHNY,Male,No,16,Yes,No,Fiber optic,No,Month-to-month,No,Bank transfer (automatic),32,37178,677.5,5.4,5.4,Yes
8788-DOXSU,Male,No,59,Yes,Yes,DSL,No,One year,No,Bank transfer (automatic),59,84527,637.3,0.5,4.8,No
7404-JLKQG,Female,No,3,Yes,No,DSL,No,Month-to-month,No,Electronic check,76,37051,664.8,2.1,6.6,No
7421-ZLUPA,Female,No,8,No,No phone service,DSL,No,Month-to-month,No,Mailed check,48,68942,0,0.4,6.3,No
8972-HJWNV,Female,No,7,Yes,Yes,Fiber optic,No,Month-to-month,Yes,Electronic check,78,58675,720,3.8,3.2,Yes
3274-NSDWE,Female,No,68,Yes,No,No,No internet service,Two year,No,Credit card (automatic),64,62124,,1.4,7.4,No
2632-IVXVF,Female,No,68,Yes,No,Fiber optic,Yes,Two year,No,Credit card (automatic),,54909,574.5,3.8,7.8,No
3692-JHONH,Female,No,52,Yes,No,Fiber optic,No,One year,Yes,Electronic check,54,78735,598.1,6.4,6.3,No
8915-NNTRC,Male,No,72,Yes,No,Fiber optic,Yes,Two year,Yes,Credit card (automatic),28,112097,736.6,0.8,6.6,No
5914-GXMDA,Female,No,32,Yes,Yes,No,No internet service,One year,Yes,Mailed check,60,33042,453.9,0,8.9,No
7463-IFMQU,Female,Yes,72,Yes,No,No,No internet service,Two year,Yes,Bank transfer (automatic),44,116535,633.6,1.6,8.4,No
2920-RNCEZ,Male,No,1,Yes,No phone service,Fiber optic,No,Month-to-month,No,Credit card (automatic),59,92874,497.1,0.4,7.4,No
2541-YGPKE,Male,No,42,Yes,No,DSL,Yes,One year,No,Credit card (automatic),51,71407,445.1,2.7,7.2,No
8515-OCTJS,Female,Yes,25,Yes,Yes,No,No internet service,Two year,No,Credit card (automatic),74,90025,425,4.7,7.5,Yes
5382-TEMLV,Male,No,45,Yes,No,DSL,No,Month-to-month,No,Bank transfer (automatic),36,61324,112.1,0.3,7.1,No
3441-CGZJH,Female,No,43,No,Yes,DSL,Yes,One year,No,Credit card (automatic),44,56150,0,0.9,9,No
9592-ERDKV,Male,Yes,,Yes,Yes,DSL,No,One year,Yes,Mailed check,46,29749,837.1,1.3,7.1,No
2860-RANUS,Female,No,20,Yes,No,Fiber optic,No,Month-to-month,Yes,Credit card (automatic),42,36792,689.8,2.5,5.1,Yes
5261-QSHQM,Female,No,4,No,No,DSL,No,Month-to-month,Yes,Electronic check,78,82803,0,13.4,6.1,Yes
4778-IZARL,Male,No,63,Yes,Yes,Fiber optic,Yes,Two year,Yes,Credit card (automatic),51,34302,484,0,9.3,No
0432-CAJZV,Male,No,3,Yes,Yes,Fiber optic,No,Month-to-month,Yes,Mailed check,45,45973,220.4,3.1,5.8,No
7008-LZVOZ,Male,No,66,Yes,Yes,No,No internet service,Two year,Yes,Credit card (automatic),38,90274,727.5,3.9,6.6,No
8868-WOZGU,Male,Yes,28,Yes,No,Fiber optic,No,Month-to-month,Yes,Electronic check,52,70308,351.4,2.6,6.2,Yes
1200-TUZHR,Female,Yes,8,Yes,No,Fiber optic,No,Month-to-month,No,Electronic check,26,45504,609.7,11.9,5.9,No
9365-CSLBQ,Male,No,71,Yes,Yes,No,No internet service,Two year,No,Mailed check,34,89314,668.7,0,6.3,No
1334-FJSVR,Male,No,1,No,Yes,DSL,No,Month-to-month,Yes,Electronic check,29,28525,0,2.5,4.7,Yes
5884-FBCTL,Female,No,72,Yes,Yes,No,No internet service,Two year,Yes,Bank transfer (automatic),42,114022,173.9,0.6,8.7,No
7130-CTCUS,Male,No,16,Yes,No,DSL,No,Month-to-month,Yes,Bank transfer (automatic),25,34151,322.5,4.1,6.6,No
6242-FEGFD,Male,No,66,Yes,No,Fiber optic,Yes,Two year,Yes,Mailed check,74,47210,398.9,1.2,7.7,No
7625-XCQRH,Female,Yes,11,Yes,No,Fiber optic,No,Month-to-month,Yes,Electronic check,39,87823,618,9.5,3.2,Yes
6194-HBGQN,Male,Yes,51,Yes,No,DSL,Yes,One year,Yes,Credit card (automatic),30,41762,598.9,2.3,6,No
7634-WSWDB,Female,No,8,No,Yes,DSL,No,Month-to-month,Yes,Electronic check,54,40213,0,8.9,5.8,No
6986-IXNDM,Male,No,14,Yes,No,Fiber optic,No,Month-to-month,No,Electronic check,75,133205,572.3,2.2,3.7,No
1731-TVIUK,Female,No,4,Yes,No,Fiber optic,Yes,Month-to-month,No,Electronic check,55,50843,835.5,2.1,6.5,Yes
2987-BJXIK,Female,No,70,Yes,Yes,DSL,No,Two year,Yes,Mailed check,55,39025,884.1,1.3,9.1,No
9769-TSBZE,Female,No,70,Yes,No phone service,DSL,Yes,Two year,No,Electronic check,49,53965,631.1,1.3,9.2,No
0406-BPDVR,Female,No,54,Yes,No,Fiber optic,No,One year,No,Credit card (automatic),34,94076,906.2,2.6,5.4,Yes
0618-XWMSS,Male,No,28,Yes,No,Fiber optic,No,Month-to-month,Yes,Bank transfer (automatic),35,45544,501.9,,5.8,Yes
1395-WSWXR,Male,No,24,Yes,Yes,No,No internet service,Two year,No,Mailed check,57,32165,172.9,4.5,8.4,No
6023-GSSXW,Female,No,69,Yes,No,DSL,No,Two year,Yes,Credit card (automatic),34,85860,681.8,0.1,7.4,No
6752-APNJL,Male,No,42,Yes,No,DSL,No,Month-to-month,No,,54,71738,231.4,7.4,6.1,No
5276-KQWHG,Female,Yes,2,Yes,No,Fiber optic,No,Month-to-month,Yes,Electronic check,49,78077,688.6,5.8,5.3,Yes
0420-HLGXF,Female,No,39,Yes,No,Fiber optic,No,Month-to-month,Yes,Electronic check,42,63840,,3.1,5.9,No
7446-KQISO,Male,Yes,45,Yes,No,Fiber optic,Yes,Two year,Yes,Bank transfer (automatic),41,43684,,1.5,6,No
9823-EALYC,Male,No,72,Yes,Yes,DSL,Yes,Two year,No,Bank transfer (automatic),73,71731,594.7,0,7.1,No
0582-AVCLN,Female,No,38,Yes,No,No,No internet service,Two year,No,Mailed check,45,43084,445.5,3.9,9.9,No
5803-NQJZO,Male,No,,Yes,Yes,DSL,Yes,Two year,Yes,Bank transfer (automatic),37,75488,577.7,1.2,7.6,No
2565-JSLRY,Male,No,1,Yes,Yes,No,No internet service,Month-to-month,No,Mailed check,34,92358,641.7,5,4.5,Yes
2607-DHDAK,Male,No,72,Yes,No phone service,No,No internet service,Two year,Yes,Credit card (automatic),42,78806,445.3,1.1,7.5,No
1073-XXCZD,Male,No,55,Yes,No,No,No internet service,Two year,Yes,Bank transfer (automatic),28,53353,870.7,0,6.6,No
0743-HRVFF,Female,No,51,No,No,DSL,Yes,One year,No,Electronic check,44,24336,0,0.7,7.3,No
4006-HKYHO,Male,No,63,Yes,Yes,DSL,Yes,Two year,Yes,Bank transfer (automatic),21,52473,532.4,0.2,6.9,No
3727-JEZTU,Female,No,1,Yes,Yes,No,No internet service,Month-to-month,No,Mailed check,45,26321,305.9,3.4,7.6,No
8143-ETQTI,Female,No,23,Yes,No,No,No internet service,Two year,Yes,Mailed check,52,60194,418.4,2.4,8.8,No
6689-KXGBO,Female,No,1,Yes,No,DSL,No,Month-to-month,No,Electronic check,41,38619,405,7.6,5.3,Yes
9667-TKTVZ,Female,No,2,Yes,No,DSL,Yes,Month-to-month,Yes,Mailed check,53,25460,510.9,1.8,7.7,No
3657-COGMW,Female,No,52,Yes,No,Fiber optic,No,Month-to-month,No,Credit card (automatic),57,57468,657.4,0.2,8.6,No
8570-KLJYJ,Female,No,36,Yes,No,DSL,No,One year,Yes,Mailed check,37,72550,897.3,4.9,8.2,No
7754-IXRMC,Female,No,1,Yes,Yes,DSL,No,Month-to-month,Yes,Mailed check,66,47475,576.6,0,6.3,No
9473-CBZOP,Female,No,28,Yes,No,DSL,No,One year,No,Mailed check,45,36127,442.9,2.4,9.1,No
2969-WGHQO,Female,No,7,Yes,No,DSL,No,One year,Yes,Electronic check,39,29466,335.3,2.4,7.9,No
6615-NGGZJ,Male,Yes,14,Yes,No,Fiber optic,No,Month-to-month,No,Electronic check,50,115399,531.4,7.3,7.5,Yes
4334-HOWRP,Male,No,72,No,No,DSL,Yes,Two year,Yes,Credit card (automatic),62,52421,0,1.3,7.9,No
4255-DDUOU,Female,Yes,1,Yes,No phone service,No,No internet service,Month-to-month,Yes,Mailed check,61,55215,430,2.4,5.8,Yes
5863-OOKCL,Female,No,,Yes,No,No,No internet service,Month-to-month,Yes,Mailed check,64,62251,636.7,4.3,7.3,No
1686-STUHN,Male,No,42,Yes,No,No,No internet service,One year,Yes,Bank transfer (automatic),51,24184,309.8,1.2,7.8,No
1329-VHWNP,Female,No,7,No,No phone service,DSL,No,Month-to-month,Yes,Bank transfer (automatic),32,85809,0,4.9,8.1,No
2984-MIIZL,Male,No,4,Yes,No,Fiber optic,No,Month-to-month,Yes,Bank transfer (automatic),31,38501,407.5,,6.1,Yes
0266-GMEAO,Male,No,72,Yes,Yes,Fiber optic,Yes,Two year,Yes,Credit card (automatic),69,48171,476.2,1.6,7.3,No
5590-YRFJT,Female,No,20,No,No,DSL,No,Month-to-month,Yes,Electronic check,42,50703,0,,7.7,Yes
5574-NXZIU,Male,No,63,Yes,No,Fiber optic,Yes,Two year,No,Credit card (automatic),28,88215,203.5,1.7,7,No
0019-GFNTW,Female,No,56,No,No,DSL,Yes,Two year,Yes,Bank transfer (automatic),59,59825,0,1.7,10,No
4256-ZWTZI,Female,No,5,Yes,No phone service,DSL,Yes,Month-to-month,No,Mailed check,22,65276,441.3,0.7,7.8,No
8309-PPCED,Female,No,72,Yes,No,Fiber optic,Yes,Two year,Yes,Bank transfer (automatic),64,24141,709.6,1.8,8.2,No
4098-NAUKP,Male,No,68,Yes,No,Fiber optic,No,Month-to-month,Yes,Electronic check,47,186626,678.2,2.4,7,No
5196-WPYOW,Male,No,67,Yes,Yes,DSL,Yes,One year,Yes,Mailed check,45,58973,500,0.9,8.5,No
4608-LCIMN,Male,Yes,8,Yes,Yes,DSL,No,Month-to-month,No,Bank transfer (automatic),50,76342,685.3,4.8,8.2,No
1485-YDHMM,Male,No,52,Yes,Yes,Fiber optic,Yes,Month-to-month,Yes,Bank transfer (automatic),32,59414,443.2,3.8,4.3,No
4054-CUMIA,Female,No,18,Yes,No phone service,No,No internet service,Month-to-month,No,Mailed check,53,67255,442.9,5.1,7.2,No
0603-TPMIB,Female,No,59,Yes,No,No,No internet service,Two year,Yes,Mailed check,53,58018,729.9,0.4,7.5,No
2525-GVKQU,Female,No,60,Yes,Yes,No,No internet service,Two year,No,Mailed check,42,68742,411.5,4.2,7,No
8161-QYMTT,Male,No,7,Yes,Yes,Fiber optic,No,Month-to-month,Yes,Electronic check,36,29981,585.8,2.5,6.7,No
9581-GVBXT,Male,No,59,No,Yes,DSL,No,One year,Yes,Mailed check,49,55207,0,0,8.5,No
5862-BRIXZ,Male,Yes,46,No,No,DSL,Yes,Two year,Yes,Bank transfer (automatic),23,89301,0,0.8,9.2,No
5404-GGUKR,Male,No,5,Yes,No,DSL,No,Month-to-month,Yes,Electronic check,18,45077,175.5,6.8,7,No
3308-JSGML,Male,Yes,59,No,No phone service,DSL,Yes,Two year,No,Credit card (automatic),67,64123,0,0.8,8.3,No
2126-GSEGL,Female,No,70,Yes,Yes,DSL,Yes,Two year,No,Bank transfer (automatic),69,71018,562.5,1.9,7.6,No
3677-TNKIO,Female,Yes,14,Yes,No,Fiber optic,No,Month-to-month,Yes,Credit card (automatic),43,80245,523.4,3.9,5.6,Yes
0440-QEXBZ,Female,No,44,Yes,No phone service,DSL,No,Month-to-month,Yes,Mailed check,19,30454,697.9,5.9,7.7,No
2434-EEVDB,Female,Yes,64,Yes,No,Fiber optic,No,Two year,No,Credit card (automatic),35,124947,860.5,2.3,7.9,No
6762-QVYJO,Female,No,58,No,No phone service,DSL,Yes,Two year,No,Mailed check,53,57120,0,1.3,7.2,No
6199-IWKGC,Female,No,46,Yes,Yes,Fiber optic,Yes,One year,No,Electronic check,18,,744.9,4.2,5.6,No
2675-DHUTR,Male,No,58,Yes,Yes,Fiber optic,No,Month-to-month,No,Electronic check,43,86999,521.9,9.3,5.3,No
8152-VETUR,Female,No,72,Yes,No,Fiber optic,No,Two year,No,Credit card (automatic),39,41486,423.5,0.9,7.3,No
9667-EQRXU,Female,No,30,No,No,DSL,No,Month-to-month,No,Electronic check,55,55436,0,2.8,6.1,Yes
7446-YPODE,Male,Yes,11,Yes,No,DSL,No,Month-to-month,No,Bank transfer (automatic),41,52058,592,3,5.9,No
9522-BNTHX,Female,Yes,34,No,Yes,DSL,No,Month-to-month,Yes,Electronic check,50,58870,0,0.2,8.7,No
4676-WLUHT,Male,No,54,No,No,DSL,No,Two year,Yes,Bank transfer (automatic),30,41244,0,0.9,6.2,No
3329-WDIOK,Female,No,3,No,No,DSL,No,Month-to-month,No,Electronic check,52,51395,0,7.4,6.2,Yes
7980-MHFLQ,Female,No,72,Yes,Yes,No,No internet service,Two year,Yes,Mailed check,70,79588,634.6,6.4,7.6,No
2873-ZLIWT,Female,No,40,Yes,No,Fiber optic,Yes,Month-to-month,No,,,27760,810.7,2.9,8.7,Yes
3415-TAILE,Female,No,2,Yes,No,DSL,No,Month-to-month,No,Mailed check,42,31346,485.4,4.2,7.7,Yes
0757-WCUUZ,Male,No,54,Yes,No,DSL,No,Two year,Yes,Credit card (automatic),42,45797,707.9,3.8,6.7,No
1629-DQQVB,Female,No,14,Yes,No,DSL,No,Month-to-month,No,Bank transfer (automatic),45,58104,489.8,6.5,8,No
1915-IOFGU,Female,No,1,Yes,Yes,Fiber optic,No,Month-to-month,Yes,Electronic check,19,18486,622.7,5.2,5.9,Yes
3045-XETSH,Female,No,10,Yes,No,Fiber optic,No,Month-to-month,Yes,Electronic check,48,82255,875.5,15.5,5.1,Yes
0374-AACSZ,Female,No,1,Yes,No,DSL,No,Month-to-month,No,Electronic check,65,39655,490.7,1,7,No
7239-HZZCX,Male,No,1,Yes,No,No,No internet service,Month-to-month,Yes,,29,27491,315.6,5,5.8,Yes
4872-VXRIL,Male,No,56,Yes,No,DSL,Yes,One year,Yes,Bank transfer (automatic),49,72151,460.6,0.3,9.1,No
9140-CZQZZ,Female,No,68,Yes,No,DSL,Yes,Two year,Yes,Bank transfer (automatic),65,70989,415.9,0.4,7.4,No
3423-HHXAO,Female,No,14,Yes,Yes,No,No internet service,One year,Yes,Mailed check,75,131861,458.4,1.5,7.2,No
9938-TKDGL,Male,No,68,Yes,No phone service,Fiber optic,Yes,Two year,No,Electronic check,75,50278,377,2.9,6.6,No
0531-ZZJWQ,Male,No,55,Yes,Yes,Fiber optic,No,Month-to-month,No,Electronic check,32,69368,843.5,2.5,7,No
6537-QLGEX,Female,No,16,No,No,DSL,No,Month-to-month,No,Electronic check,51,18000,0,9.9,6.8,No
2688-BHGOG,Male,No,,Yes,Yes,Fiber optic,No,Month-to-month,No,Electronic check,59,27382,731.1,4.1,7.8,No
7683-CBDKJ,Male,Yes,14,Yes,No,DSL,No,Month-to-month,Yes,,59,25491,512.8,2.5,4.5,Yes
0946-CLJTI,Male,No,58,Yes,No,Fiber optic,No,Month-to-month,No,Electronic check,32,77025,770.3,5.3,4.9,Yes
3160-TYXLT,Male,No,53,No,Yes,DSL,No,Month-to-month,No,Bank transfer (automatic),48,48502,0,1.7,5.4,No
1325-USMEC,Male,No,70,Yes,No,Fiber optic,No,Two year,No,Credit card (automatic),39,44939,534.1,2.1,8.1,No
0916-QOFDP,Female,No,14,Yes,Yes,Fiber optic,No,Month-to-month,Yes,Electronic check,65,46207,819.1,12,4.8,No
0628-CNQRM,Male,No,22,Yes,No,DSL,Yes,One year,No,Bank transfer (automatic),58,105661,537.4,2.2,5.8,Yes
5606-AMZBO,Female,No,10,Yes,Yes,Fiber optic,No,Month-to-month,Yes,Credit card (automatic),56,55073,192.8,1.7,5.5,No
6199-IPCAO,Female,Yes,29,Yes,No,No,No internet service,Two year,No,Mailed check,19,78059,263.9,0.7,8,No
7665-TOALD,Female,No,1,Yes,Yes,Fiber optic,No,Month-to-month,No,Electronic check,67,93629,364.6,7.8,3.9,Yes
0112-QWPNC,Male,No,49,Yes,Yes,DSL,Yes,One year,No,Electronic check,24,44456,469.9,2.4,6.7,Yes
0324-BRPCJ,Female,No,68,Yes,No,Fiber optic,No,Month-to-month,Yes,Electronic check,57,33752,733.3,13.5,5.8,Yes
2777-PHDEI,Female,No,1,Yes,No,Fiber optic,No,Month-to-month,No,Electronic check,44,48256,205.4,3.9,5.8,Yes
5640-CAXOA,Female,No,30,No,Yes,DSL,Yes,One year,No,Credit card (automatic),36,91072,0,0,9.1,No
2235-EZAIK,Female,No,72,Yes,No,DSL,Yes,Two year,Yes,Credit card (automatic),23,47368,578.2,1.7,6.9,No
3847-BAERP,Female,No,10,Yes,No,No,No internet service,Month-to-month,Yes,Mailed check,70,74233,575.8,4.9,6.7,No
1196-AMORA,Male,Yes,7,Yes,No,Fiber optic,No,Month-to-month,Yes,Electronic check,50,90712,599,6.2,5.4,Yes
4282-YMKNA,Female,No,9,Yes,Yes,Fiber optic,No,Month-to-month,No,Electronic check,69,41436,273.8,3.7,5.3,Yes
1453-RZFON,Female,No,1,Yes,No,DSL,No,Month-to-month,Yes,Mailed check,39,20726,310.3,2.5,7.9,No
8263-OKETD,Female,Yes,20,Yes,Yes,DSL,Yes,Month-to-month,No,Credit card (automatic),47,35955,546.8,6.7,7.8,No
0670-KDOMA,Female,No,1,Yes,No,No,No internet service,Month-to-month,Yes,Mailed check,64,107638,322.2,6.8,7.1,No
2476-YGEFM,Female,Yes,29,Yes,No,Fiber optic,No,Month-to-month,Yes,Credit card (automatic),60,,610.9,1.3,7.5,No
8687-BAFGU,Male,No,1,Yes,No,Fiber optic,Yes,Month-to-month,Yes,Electronic check,43,35947,276.6,1,5.2,No
0641-EVBOJ,Male,No,3,Yes,No phone service,Fiber optic,Yes,Month-to-month,Yes,Mailed check,25,98299,575.5,8.5,8.2,No
0829-XXPLX,Female,No,20,Yes,Yes,Fiber optic,No,Month-to-month,Yes,Bank transfer (automatic),62,51463,582.3,2.2,5.8,No
9974-JFBHQ,Male,No,64,Yes,Yes,Fiber optic,Yes,Month-to-month,Yes,Credit card (automatic),73,40055,224.6,1.8,7.7,No
5356-RHIPP,Male,No,1,Yes,No,No,No internet service,Month-to-month,Yes,Mailed check,21,112230,358.8,5,6.9,Yes
6624-JDRDS,Female,Yes,6,No,Yes,DSL,No,Month-to-month,No,Bank transfer (automatic),82,35054,0,5,10,No
0608-JDVEC,Male,No,50,Yes,Yes,No,No internet service,Two year,No,Electronic check,44,110809,446.6,5.4,10,No
9780-FKVVF,Male,Yes,6,Yes,Yes,DSL,No,Month-to-month,No,Bank transfer (automatic),51,45434,248.6,1.4,8.6,No
1919-RTPQD,Male,No,7,Yes,No,DSL,No,Month-to-month,No,Electronic check,24,49643,529.6,4.7,6.8,No
5214-NLTIT,Male,No,72,Yes,No,Fiber optic,No,Two year,No,Credit card (automatic),33,47702,848,1.6,7.6,No
3345-PBBFH,Male,No,8,Yes,Yes,DSL,No,Month-to-month,Yes,Bank transfer (automatic),43,80110,434.5,4.6,6.9,No
5055-BRMNE,Female,No,67,Yes,No,Fiber optic,Yes,Two year,No,Credit card (automatic),68,53082,492.7,4.5,7.9,No
9189-JWSHV,Female,No,24,Yes,Yes,Fiber optic,No,Month-to-month,Yes,Electronic check,59,49999,502.4,5.2,5.3,Yes
2190-PHBHR,Female,No,72,Yes,No,Fiber optic,No,Two year,Yes,Credit card (automatic),54,83992,622.4,1.6,7.5,No
2650-GYRYL,Male,No,33,Yes,Yes,No,No internet service,One year,No,Bank transfer (automatic),79,32634,730.6,1,7.9,No
0746-JTRFU,Male,Yes,2,No,Yes,DSL,No,Month-to-month,No,Electronic check,40,84621,0,6.6,7,Yes
5208-FVQKB,Male,No,70,Yes,No,DSL,Yes,Two year,Yes,Mailed check,43,74219,453,,6.2,No
7184-LRUUR,Female,Yes,22,Yes,No,DSL,No,One year,Yes,Bank transfer (automatic),20,62131,665,1.9,6.3,No
6627-CFOSN,Female,No,59,Yes,No,Fiber optic,No,Month-to-month,Yes,Bank transfer (automatic),47,151531,441.9,0.9,7.2,No
3982-JGSFD,Male,No,36,Yes,No,No,No internet service,One year,No,Credit card (automatic),43,27933,548.3,4.2,8.7,No
1574-DYCWE,Female,No,51,Yes,No,No,No internet service,Two year,Yes,Mailed check,44,43449,407.3,2.8,10,No
7247-XOZPB,Male,No,53,Yes,No phone service,DSL,Yes,One year,No,,36,,881.6,1,8.5,No
2466-FCCPT,Female,No,20,Yes,No,No,No internet service,One year,No,Bank transfer (automatic),38,42145,373.9,0.2,8.4,No
6211-WWLTF,Male,No,63,Yes,Yes,Fiber optic,No,Two year,Yes,Credit card (automatic),32,69262,758.9,0.8,9.4,No
4826-TZEVA,Female,No,40,Yes,No,Fiber optic,No,Month-to-month,Yes,Credit card (automatic),24,46177,691.7,2.7,6.9,No
6016-NXBNJ,Male,No,35,Yes,No,No,No internet service,One year,Yes,Mailed check,19,76829,519.7,0.2,6.4,No
9138-EFSMO,Male,No,,Yes,Yes,Fiber optic,No,One year,Yes,Bank transfer (automatic),35,32929,334.1,0.2,7.1,No
0576-WNXXC,Male,No,27,Yes,No,Fiber optic,No,Month-to-month,No,Electronic check,49,85555,668,3.1,6.5,Yes
4632-XJMEX,Male,No,53,Yes,No,DSL,Yes,One year,Yes,Credit card (automatic),18,18000,302.5,4.5,7.7,No
8910-LEDAG,Male,No,34,Yes,No,Fiber optic,No,Month-to-month,No,Credit card (automatic),42,96041,681.4,3.5,7.6,No
3452-GWUIN,Female,No,19,Yes,Yes,Fiber optic,No,Month-to-month,Yes,Electronic check,64,45181,352.9,8.3,4.7,No
2716-GFZOR,Male,No,43,Yes,No phone service,Fiber optic,No,Month-to-month,Yes,Credit card (automatic),38,37761,226,2.2,8.2,No
3724-UCSHY,Male,No,,Yes,No,No,No internet service,Month-to-month,Yes,,56,53435,396,1.3,6.8,No
8626-XHBIE,Male,No,56,Yes,No,No,No internet service,Two year,No,Mailed check,82,124491,408.5,3.7,6,No
4628-CTTLA,Male,No,57,No,Yes,DSL,No,Month-to-month,Yes,,42,42326,0,5,7.1,Yes
3192-LNKRK,Male,No,34,Yes,No,Fiber optic,No,Month-to-month,No,Mailed check,57,63114,932.6,2.5,6.2,No
4439-YRNVD,Female,Yes,10,No,No,DSL,Yes,Month-to-month,Yes,Electronic check,52,76791,0,4.7,6.7,No
2876-VBBBL,Female,No,,Yes,No,No,No internet service,Month-to-month,No,Mailed check,85,32907,636.7,11.3,7.1,Yes
6834-NXDCA,Female,Yes,13,No,Yes,DSL,No,Month-to-month,Yes,Electronic check,59,65333,0,19.9,5,Yes
2208-UGTGR,Male,No,56,Yes,Yes,Fiber optic,No,Month-to-month,No,Electronic check,,70335,628.7,15.3,5.7,No
3005-TYFRD,Female,Yes,55,Yes,No phone service,Fiber optic,No,Month-to-month,No,,81,41508,346.8,2.6,4.5,No
8670-MEFCP,Female,Yes,36,Yes,No phone service,DSL,Yes,Two year,Yes,Credit card (automatic),27,19526,608.8,2.6,9.6,No
3079-BCHLN,Male,No,47,Yes,Yes,No,No internet service,One year,No,Bank transfer (automatic),24,27227,593.7,0,5.5,No
7777-UNYHB,Female,No,12,Yes,Yes,No,No internet service,Month-to-month,No,Credit card (automatic),80,54764,492.8,1.8,7.5,No
5597-GLBUC,Female,Yes,1,Yes,Yes,Fiber optic,No,Month-to-month,Yes,,62,63023,390.8,3.2,5.2,Yes
7278-CKDNC,Male,No,24,Yes,Yes,Fiber optic,No,Month-to-month,Yes,Electronic check,38,64707,468.5,4.8,4.4,No
2748-MYRVK,Female,No,63,Yes,No,Fiber optic,No,One year,Yes,Bank transfer (automatic),39,82158,583.5,2.1,5.7,Yes
8450-UYIBU,Female,No,35,No,No phone service,DSL,No,Month-to-month,Yes,Electronic check,36,26453,0,5.6,7.6,No
2969-VAPYH,Female,No,67,Yes,No phone service,DSL,Yes,One year,No,Credit card (automatic),44,60351,375.1,1.6,6.4,No
4822-YCXMX,Male,No,25,Yes,No,Fiber optic,No,Month-to-month,No,Electronic check,76,83083,256.2,8.1,7.3,Yes
7181-OQCUT,Male,No,21,Yes,No,Fiber optic,No,Month-to-month,No,Mailed check,31,20015,761.2,1.9,6,No
8474-UMLNT,Female,No,13,Yes,Yes,DSL,Yes,Month-to-month,No,Bank transfer (automatic),41,55280,415.8,1.9,6.6,No
9821-POOTN,Male,No,35,Yes,Yes,Fiber optic,No,Month-to-month,No,Electronic check,37,33586,732.3,5.2,5.4,Yes
3836-FZSDJ,Male,Yes,71,Yes,Yes,No,No internet service,Two year,No,Bank transfer (automatic),64,55122,531.9,0,5.4,No
9142-XMYJH,Female,No,29,Yes,No,No,No internet service,Month-to-month,Yes,Credit card (automatic),23,62473,160.2,5.6,6.3,No
6559-ILWKJ,Male,No,71,No,Yes,DSL,No,Two year,No,Electronic check,80,28045,0,17.4,4.8,Yes
0187-QSXOE,Male,No,7,Yes,No,Fiber optic,No,Month-to-month,Yes,Electronic check,48,31842,270.9,4.4,6.6,No
7733-UDMTP,Female,No,57,No,No,DSL,No,Month-to-month,No,Electronic check,39,70205,0,1.8,5.6,No
2649-HWLYB,Male,Yes,65,Yes,No,DSL,Yes,Two year,No,Bank transfer (automatic),34,117465,747,2.3,8.2,No
5214-CHIWJ,Male,No,27,Yes,No,No,No internet service,One year,Yes,Mailed check,51,71029,359,2.9,8,No
4229-CZMLL,Male,No,6,Yes,No phone service,Fiber optic,No,Month-to-month,Yes,Electronic check,69,82555,778.4,7.8,4.2,Yes
6904-JLBGY,Female,No,72,Yes,No,Fiber optic,Yes,Two year,No,,44,33666,115.6,0.7,8.4,No
2465-BLLEU,Male,No,1,Yes,Yes,No,No internet service,Month-to-month,Yes,Mailed check,48,68479,602.9,1.8,6.2,No
1685-VAYJF,Male,Yes,11,Yes,No,DSL,No,Month-to-month,No,Credit card (automatic),25,71839,396.8,5.2,6.7,No
8874-EJNSR,Male,No,39,Yes,No,No,No internet service,Two year,No,Mailed check,26,55410,542.7,4.2,9.6,No
6917-YACBP,Female,No,59,Yes,No,Fiber optic,No,Month-to-month,Yes,Electronic check,43,44714,677.4,4.4,5.9,No
5049-MUBWG,Male,No,26,Yes,Yes,DSL,Yes,One year,Yes,Bank transfer (automatic),80,104262,325.5,5.1,10,No
4223-WOZCM,Male,No,2,Yes,Yes,DSL,No,Month-to-month,No,Mailed check,47,95163,522,4.7,7.1,No
0769-MURVM,Female,No,72,No,Yes,DSL,Yes,Two year,Yes,Bank transfer (automatic),42,73073,0,3.4,8,No
9253-VIFJQ,Male,No,65,Yes,Yes,DSL,No,One year,No,Credit card (automatic),18,129385,637.5,3.5,10,No
7030-FZTFM,Male,No,72,Yes,No,Fiber optic,Yes,Two year,No,Credit card (automatic),46,61966,659.9,1.3,8.2,No
9741-YLNTD,Male,No,6,Yes,Yes,Fiber optic,Yes,Month-to-month,Yes,Bank transfer (automatic),34,44242,451.9,2,6.6,No
5917-RYRMG,Male,No,32,Yes,No phone service,No,No internet service,One year,Yes,Credit card (automatic),18,92364,378.2,0.3,7.3,No
5120-ZBLAI,Female,No,,Yes,No phone service,DSL,No,One year,No,Bank transfer (automatic),34,105278,297.5,0.6,7.3,No
1194-BHJYC,Male,No,61,No,No phone service,DSL,Yes,Two year,Yes,Mailed check,41,49272,0,2.2,6.6,No
3663-MITLP,Female,No,15,Yes,No,Fiber optic,No,Month-to-month,Yes,Electronic check,39,69170,531,1.6,3.9,Yes
0906-QVPMS,Male,Yes,72,Yes,No,Fiber optic,Yes,Two year,No,Bank transfer (automatic),21,50911,515.1,0.4,6.9,No
9025-ZRPVR,Male,No,9,Yes,Yes,No,No internet service,Month-to-month,Yes,Mailed check,31,39908,643.1,3,5.2,Yes
1905-OEILC,Female,No,1,Yes,No,No,No internet service,Month-to-month,No,Mailed check,20,79104,259.3,1.1,5.8,No
7858-GTZSP,Female,No,12,Yes,No,Fiber optic,No,Month-to-month,Yes,Electronic check,43,47881,639.8,,6.9,No
3285-UCQVC,Female,No,37,No,No,DSL,Yes,Month-to-month,Yes,Credit card (automatic),52,60802,0,4.5,5.8,Yes
6248-BSHKG,Male,No,61,Yes,Yes,No,No internet service,One year,Yes,Mailed check,44,50438,155.5,3.8,6.5,No
4685-TFLLS,Male,No,,Yes,No,No,No internet service,One year,No,Bank transfer (automatic),54,44127,983.4,2.7,6,No
3470-BTGQO,Male,No,21,Yes,No,DSL,No,Month-to-month,No,Mailed check,46,65847,516.1,7.9,7.4,No
1209-VFFOC,Male,No,68,No,Yes,DSL,Yes,Two year,Yes,Mailed check,46,112321,0,5.3,8.2,No
8224-DWCKX,Male,No,12,Yes,No,Fiber optic,No,Month-to-month,No,Credit card (automatic),38,63440,717.7,3.7,8.1,No
5482-PLVPE,Female,Yes,2,No,No,DSL,No,Month-to-month,Yes,Electronic check,34,49101,0,4.1,5.5,Yes
4553-DVPZG,Female,No,62,Yes,No,Fiber optic,No,Month-to-month,No,Electronic check,35,,906.3,4.7,6.6,No
4902-OHLSK,Female,Yes,29,Yes,No,Fiber optic,Yes,Month-to-month,Yes,Electronic check,72,45769,363.7,3.9,7.1,Yes
6917-IAYHD,Male,No,1,No,No,DSL,Yes,Month-to-month,Yes,Mailed check,87,64016,0,1.2,6.4,No
0495-ZBNGW,Male,No,,Yes,No phone service,Fiber optic,No,Month-to-month,Yes,Bank transfer (automatic),42,105144,657,7.9,4.9,Yes
8620-RJPZN,Female,No,1,Yes,No,No,No internet service,Month-to-month,Yes,Electronic check,36,24899,249.8,1.1,6,No
7572-KPVKK,Male,No,62,Yes,Yes,Fiber optic,Yes,Two year,No,Electronic check,65,54506,310.8,6.1,6.7,No
2642-MAWLJ,Female,Yes,36,Yes,No phone service,No,No internet service,Two year,Yes,Bank transfer (automatic),27,36483,545,0.8,7.3,No
2357-COQEK,Female,Yes,28,Yes,Yes,Fiber optic,Yes,Month-to-month,Yes,Electronic check,48,54395,886.3,13,5.8,Yes
7103-ZGVNT,Female,No,69,Yes,No phone service,DSL,Yes,One year,Yes,Credit card (automatic),46,30523,612.8,1.4,7.6,No
3737-GCSPV,Female,No,11,Yes,Yes,Fiber optic,Yes,Month-to-month,No,Credit card (automatic),75,32624,442,4.5,6.2,Yes
2027-WKXMW,Female,No,63,Yes,No,Fiber optic,Yes,Month-to-month,Yes,Electronic check,24,51012,772.8,2.2,5.3,No
7137-NAXML,Male,No,23,Yes,No,No,No internet service,One year,Yes,Bank transfer (automatic),52,55303,646.2,4.1,9.1,No
2428-ZMCTB,Male,No,10,Yes,No,No,No internet service,Month-to-month,Yes,Credit card (automatic),36,83933,582.2,2.7,6.5,No
2961-VNFKL,Female,No,71,Yes,No,No,No internet service,Two year,Yes,Credit card (automatic),33,61284,559.6,2.3,6.1,No
1768-HNVGJ,Female,No,45,Yes,Yes,DSL,Yes,Month-to-month,Yes,Electronic check,60,75030,99.9,6.5,7.7,No
6963-KQYQB,Female,No,70,Yes,Yes,No,No internet service,Two year,Yes,Mailed check,50,94620,492.3,1.7,6.6,No
5934-RMPOV,Female,No,22,Yes,Yes,Fiber optic,No,Month-to-month,No,Electronic check,43,52657,347.8,6.4,7,No
1207-BLKSA,Female,Yes,52,Yes,No,No,No internet service,Two year,No,Mailed check,74,55514,419.7,0.6,6.3,No
4088-YLDSU,Male,Yes,,Yes,Yes,Fiber optic,Yes,One year,Yes,,36,60364,621.5,4.9,6.2,Yes
8316-BBQAY,Female,No,65,No,No phone service,DSL,Yes,Two year,No,Credit card (automatic),35,158022,0,1.1,8.2,No
1166-PQLGG,Female,No,72,Yes,Yes,No,No internet service,Two year,No,Bank transfer (automatic),,63621,640.8,1.5,8.6,No
3146-JTQHR,Male,No,10,Yes,Yes,No,No internet service,One year,No,Bank transfer (automatic),49,87139,475.8,2.1,5.7,No
4291-YZODP,Female,No,7,Yes,No,No,No internet service,One year,Yes,Mailed check,45,24538,429.6,0.2,6.8,No
4395-PZMSN,Male,Yes,5,Yes,Yes,Fiber optic,No,Month-to-month,Yes,Electronic check,45,100898,637.3,8.4,5.8,No
6427-FEFIG,Female,No,24,Yes,No,DSL,No,Two year,Yes,Credit card (automatic),36,60899,510.3,3,7.4,No
0017-IUDMW,Female,No,72,Yes,Yes,Fiber optic,Yes,Two year,Yes,Credit card (automatic),44,55967,341.4,0,8.1,No
8706-HRADD,Male,Yes,21,No,No phone service,DSL,Yes,Month-to-month,No,Mailed check,37,84874,0,2.2,8.8,No
9955-QOPOY,Male,No,69,No,No,DSL,Yes,One year,Yes,Credit card (automatic),73,109445,0,0.3,7.2,No
4385-ZKVNW,Male,No,44,Yes,No,DSL,Yes,Month-to-month,Yes,Bank transfer (automatic),36,30882,503.9,1.3,6.7,No
5446-DKWYW,Female,No,61,Yes,No,DSL,No,One year,Yes,Electronic check,54,64019,473.7,5.4,7.6,No
2034-CGRHZ,Male,Yes,24,Yes,No,Fiber optic,No,Month-to-month,Yes,Credit card (automatic),36,48490,643.3,3.1,7.6,Yes
5797-APWZC,Female,No,1,Yes,Yes,Fiber optic,No,Month-to-month,Yes,Electronic check,,53113,475.4,3.2,9.2,Yes
3683-QKIUE,Female,No,6,Yes,Yes,DSL,Yes,Month-to-month,No,Bank transfer (automatic),23,57962,472,2.3,6.5,Yes
4228-ZGYUW,Male,No,4,Yes,Yes,Fiber optic,No,Month-to-month,Yes,Electronic check,52,54307,232.6,3.9,5.7,Yes
9031-ZVQPT,Male,No,72,Yes,No phone service,Fiber optic,Yes,Two year,Yes,Electronic check,32,67230,806.5,2.4,5.7,No
2990-IAJSV,Male,No,72,Yes,No,DSL,Yes,Two year,Yes,Bank transfer (automatic),33,130472,689.9,0,7.2,No
8107-KNCIM,Male,No,14,Yes,Yes,Fiber optic,No,Month-to-month,No,Electronic check,56,42474,461.9,2,7.7,No
9027-YFHQJ,Male,No,7,Yes,Yes,No,No internet service,Month-to-month,No,Bank transfer (automatic),62,20696,362.8,1.4,6.8,No
5176-LDKUH,Female,No,48,Yes,No,Fiber optic,No,One year,No,Electronic check,54,51404,258.3,1.8,7.6,No
4644-OBGFZ,Male,Yes,55,Yes,Yes,No,No internet service,One year,Yes,Mailed check,45,71263,502.1,1.8,7.6,No
7926-IJOOU,Male,No,1,Yes,No,No,No internet service,Month-to-month,No,Credit card (automatic),29,35310,111,0.6,6.9,No
6480-YAGIY,Male,No,45,Yes,Yes,Fiber optic,Yes,One year,No,Credit card (automatic),36,23791,536.7,1.1,8.1,No
4029-HPFVY,Male,No,,Yes,No phone service,Fiber optic,No,Month-to-month,Yes,Mailed check,75,92987,106.1,0.5,7,No
7602-DBTOU,Female,No,71,Yes,Yes,No,No internet service,Two year,Yes,Mailed check,53,53865,531.9,5.5,9,No
5345-BMKWB,Male,No,8,Yes,No,No,No internet service,Month-to-month,Yes,Mailed check,65,61169,216.3,3,7.2,No
3519-ZKXGG,Female,No,3,Yes,No,Fiber optic,No,Month-to-month,Yes,Electronic check,18,65371,458.5,5.9,6.1,Yes
5457-COLHT,Male,Yes,69,Yes,No,DSL,Yes,Two year,No,,29,73532,631,3,7.4,No
6416-TVAIH,Male,No,1,Yes,No phone service,Fiber optic,No,Month-to-month,Yes,Electronic check,28,68859,590.8,6.5,6.2,Yes
5451-YHYPW,Female,No,72,Yes,No,Fiber optic,Yes,Two year,No,Credit card (automatic),18,35832,529,1.4,9.6,No
5108-ADXWO,Male,No,11,Yes,No,Fiber optic,No,Month-to-month,Yes,Electronic check,37,40014,373.9,10.5,6.6,Yes
7998-WNZEM,Male,No,71,Yes,No phone service,DSL,Yes,Two year,Yes,Bank transfer (automatic),58,45602,627.4,4.9,7.6,No
3066-RRJIO,Female,No,1,Yes,No,Fiber optic,No,Month-to-month,No,Mailed check,59,40932,688.3,5.3,3.7,Yes
4664-NJCMS,Female,No,,No,No phone service,DSL,Yes,Two year,Yes,Bank transfer (automatic),35,73385,0,1.1,9.9,No
0307-BCOPK,Female,No,16,Yes,Yes,No,No internet service,One year,Yes,Mailed check,52,43496,513,0.7,7.5,No
7629-WFGLW,Female,No,56,Yes,Yes,Fiber optic,Yes,One year,No,Electronic check,43,94958,483.2,5,7.5,No
2542-HYGIQ,Female,No,1,Yes,No phone service,No,No internet service,Month-to-month,Yes,Credit card (automatic),78,41831,186,1.4,6,No
6715-OFDBP,Male,No,5,Yes,No phone service,DSL,No,Month-to-month,Yes,Electronic check,46,53633,266.5,5.4,5.3,Yes
5016-LIPDW,Male,No,57,Yes,Yes,No,No internet service,One year,Yes,Mailed check,62,47829,584,0,7.3,No
6481-LXPWL,Male,Yes,56,No,Yes,DSL,No,One year,No,Credit card (automatic),49,44263,0,1.2,6.6,No
1567-DSCIC,Male,No,8,Yes,No,Fiber optic,No,Month-to-month,Yes,Electronic check,35,64729,167.9,9.6,5.9,Yes
2150-UWTFY,Female,No,22,Yes,No phone service,DSL,No,Month-to-month,Yes,Mailed check,64,85024,748.2,6.5,5.3,Yes
6124-ACRHJ,Female,Yes,1,Yes,Yes,No,No internet service,Month-to-month,No,Mailed check,50,54931,510.5,1.1,5.3,No
9362-MWODR,Female,No,40,Yes,No,DSL,Yes,Month-to-month,Yes,Credit card (automatic),37,51782,545.5,1.6,5.2,No
9975-GPKZU,Male,Yes,46,Yes,No,No,No internet service,Two year,No,Credit card (automatic),25,33980,604.3,1.1,7.5,No
9625-RZFUK,Male,No,,Yes,No,No,No internet service,Two year,No,Mailed check,64,27774,557,2.5,7,No
5153-LXKDT,Male,No,68,Yes,Yes,Fiber optic,No,Two year,Yes,Electronic check,35,73170,662,4.8,6.6,No
5161-UBZXI,Male,No,69,Yes,No phone service,Fiber optic,Yes,Two year,Yes,Credit card (automatic),36,67267,476.8,1.7,4.9,No
1020-JPQOW,Female,No,56,Yes,Yes,Fiber optic,Yes,Month-to-month,Yes,Electronic check,31,30473,816.3,1.6,6.8,No
7919-ZODZZ,Female,No,10,Yes,No,DSL,No,One year,Yes,Mailed check,28,79691,321.1,2.3,7.7,No
0565-JUPYD,Male,No,63,Yes,No,Fiber optic,Yes,One year,Yes,Credit card (automatic),47,49726,523.3,1,6,No
6867-ACCZI,Female,Yes,24,No,No,DSL,Yes,Two year,Yes,Mailed check,40,29979,0,0.6,6.7,No
5939-XAIXZ,Female,No,19,Yes,No phone service,DSL,No,Month-to-month,Yes,Mailed check,47,41605,540.6,5.2,6.8,No
9054-FOWNV,Male,No,22,Yes,Yes,Fiber optic,No,Month-to-month,No,Electronic check,52,,589.8,5.4,6.4,No
2683-BPJSO,Male,No,29,Yes,No,Fiber optic,No,Month-to-month,Yes,Electronic check,55,91162,668,5.5,6.1,Yes
2157-MXBJS,Male,No,13,Yes,Yes,DSL,No,One year,No,Mailed check,42,18000,763,1.4,8,Yes
8207-VVMYB,Female,No,70,Yes,No,No,No internet service,Two year,Yes,Bank transfer (automatic),22,29110,444.8,1.6,7.9,No
9732-EQMWY,Female,No,49,Yes,No,Fiber optic,No,Month-to-month,No,Electronic check,40,68773,598.8,2.1,8.2,No
9360-AHGNL,Female,No,43,Yes,Yes,Fiber optic,Yes,One year,Yes,Mailed check,65,39819,536.7,0.8,6.5,Yes
1087-UDSIH,Female,No,3,Yes,No phone service,No,No internet service,Month-to-month,No,Mailed check,58,49268,432.6,6.8,7.7,Yes
5269-NRGDP,Male,No,42,Yes,No,DSL,Yes,One year,Yes,Electronic check,63,111615,324.7,6.1,7.4,No
6195-MELTI,Male,No,57,Yes,Yes,DSL,Yes,One year,Yes,,58,50766,752.3,3.1,8.8,No
5485-WUYWF,Male,No,2,Yes,Yes,DSL,No,Month-to-month,Yes,Bank transfer (automatic),83,76839,296.6,4.9,8.6,Yes
2121-JAFOM,Female,No,72,Yes,Yes,Fiber optic,Yes,Two year,Yes,Credit card (automatic),87,42918,413.2,3.1,10,No
8818-DOPVL,Female,No,46,Yes,Yes,Fiber optic,No,Month-to-month,No,Electronic check,35,41334,710.9,0,7.9,No
2632-UCGVD,Male,No,66,Yes,Yes,Fiber optic,Yes,Month-to-month,Yes,Credit card (automatic),78,112922,443.1,2.5,6.6,Yes
5445-PZWGX,Male,No,62,Yes,Yes,Fiber optic,Yes,One year,Yes,Electronic check,64,121348,603.9,3,7.2,Yes
1227-UDMZR,Female,Yes,72,Yes,No,DSL,Yes,Two year,Yes,Bank transfer (automatic),30,47587,672.5,1.9,7.2,No
5198-HQAEN,Male,No,35,Yes,No,Fiber optic,Yes,One year,Yes,Electronic check,33,125498,529.1,4.5,7,No
9170-CCKOU,Male,No,17,Yes,No phone service,Fiber optic,No,Month-to-month,Yes,Credit card (automatic),26,109727,647.6,3.7,5.5,Yes
2167-FQSTQ,Female,No,72,Yes,No phone service,DSL,Yes,Two year,Yes,Electronic check,59,61545,675.7,3.5,8.5,No
2819-GWENI,Female,No,28,Yes,No,No,No internet service,One year,No,Mailed check,71,27584,724.4,2.8,7.2,No
1043-YCUTE,Male,No,56,Yes,No,No,No internet service,Two year,No,Credit card (automatic),44,84798,793.7,2.7,7.1,Yes
3814-MLAXC,Female,No,31,Yes,No,Fiber optic,Yes,Month-to-month,Yes,Credit card (automatic),52,63747,377.2,4.5,8.5,Yes
3572-UUHRS,Male,No,45,Yes,No,No,No internet service,One year,Yes,Bank transfer (automatic),40,42028,51.7,2.5,8.1,No
2692-PFYTJ,Female,No,1,Yes,Yes,No,No internet service,Month-to-month,No,Mailed check,29,92446,720.8,0,,No
1226-UDFZR,Female,No,2,Yes,Yes,DSL,No,Month-to-month,No,Mailed check,46,148970,317.3,4.9,5.3,Yes
5955-EPOAZ,Female,Yes,6,Yes,No phone service,No,No internet service,Month-to-month,No,Mailed check,18,142712,481.4,1.1,7.1,No
6821-JPCDC,Female,No,48,Yes,Yes,Fiber optic,No,One year,Yes,Electronic check,49,74612,203.7,0.3,6.5,No
8815-LMFLX,Male,No,25,Yes,No,No,No internet service,Month-to-month,Yes,Bank transfer (automatic),57,46599,655.8,1.7,8.8,No
9135-HSWOC,Male,No,64,Yes,Yes,No,No internet service,Two year,No,Bank transfer (automatic),35,32974,603.8,1.2,6.8,No
8582-KRHPJ,Male,Yes,50,No,No,DSL,No,Month-to-month,Yes,Mailed check,35,56596,0,0.4,7.6,No
5811-IWXYM,Female,Yes,52,Yes,No phone service,Fiber optic,No,One year,No,Bank transfer (automatic),64,89191,571.5,1.7,5.1,No
7044-YAACC,Male,No,4,Yes,Yes,Fiber optic,No,Month-to-month,Yes,Electronic check,61,29730,397.3,2.3,7.9,No
8189-XRIKE,Female,No,32,Yes,Yes,Fiber optic,No,Month-to-month,Yes,Electronic check,53,46251,274.3,5,6,No
1506-YJTYT,Male,No,45,Yes,No,DSL,Yes,Two year,Yes,Credit card (automatic),73,36541,513.4,4.4,7.1,No
4123-DVHPH,Male,Yes,9,Yes,Yes,Fiber optic,No,Month-to-month,Yes,Electronic check,54,54536,702.5,1.5,5.6,No
6425-YQLLO,Female,No,66,Yes,No,Fiber optic,Yes,One year,Yes,Credit card (automatic),26,46309,685.9,4.1,8.2,Yes
5442-UTCVD,Male,No,3,Yes,No,Fiber optic,No,Month-to-month,No,Electronic check,80,45219,666.9,5.3,5.2,Yes
2228-BZDEE,Female,No,54,Yes,Yes,No,No internet service,Two year,No,Mailed check,38,40596,315.1,1.3,8.6,No
7734-DBOAI,Female,No,1,No,No phone service,DSL,Yes,Month-to-month,Yes,Electronic check,41,68756,0,6.2,8.8,Yes
2789-CZANW,Female,No,64,Yes,No,Fiber optic,Yes,Two year,Yes,Bank transfer (automatic),52,70295,603.8,1.4,6.2,No
2091-RFFBA,Female,No,31,Yes,Yes,Fiber optic,No,Month-to-month,No,Electronic check,45,62110,582.8,3.7,6.7,Yes
2114-MGINA,Female,No,14,Yes,No,Fiber optic,No,Month-to-month,Yes,Mailed check,43,63318,315.5,4.8,3.6,Yes
7596-LDUXP,Female,No,12,Yes,Yes,Fiber optic,No,One year,No,Credit card (automatic),21,55756,387,1,6.1,No
3740-RLMVT,Male,No,67,Yes,No,DSL,Yes,One year,No,Bank transfer (automatic),18,129387,647.7,0.8,8.1,No
4489-SNOJF,Female,Yes,35,Yes,No phone service,DSL,Yes,Month-to-month,Yes,Electronic check,57,164727,474.1,7.4,6.2,Yes
2192-OZITF,Female,No,45,Yes,No,DSL,Yes,Two year,Yes,Mailed check,64,53250,489.4,3,9.5,No
5651-CPDND,Male,No,10,Yes,Yes,DSL,No,Month-to-month,Yes,Mailed check,36,132035,430.8,1.8,5.4,No
2186-QZEYA,Female,No,29,Yes,Yes,DSL,No,Month-to-month,No,Bank transfer (automatic),38,85225,480.1,1.2,5.8,No
1131-ALZWV,Female,No,24,Yes,No,No,No internet service,One year,No,Bank transfer (automatic),77,57034,474.9,0.8,9.2,No
7729-XBTWX,Male,No,66,Yes,No,No,No internet service,Two year,Yes,Mailed check,18,60883,143,4.7,7.5,No
9134-WYRVP,Male,No,51,Yes,No,Fiber optic,No,One year,Yes,Mailed check,42,70818,619.5,0.4,7.8,No
3284-SVCRO,Female,Yes,45,Yes,No,No,No internet service,Two year,Yes,Mailed check,39,92329,533.2,3.3,7.9,No
9732-OUYRN,Female,No,49,Yes,No,No,No internet service,One year,No,Credit card (automatic),45,36468,531.2,0.8,6.5,No
0559-CKHUS,Female,No,29,Yes,No,No,No internet service,Two year,Yes,Mailed check,56,50584,563.6,4,8.7,No
2931-SVLTV,Male,No,40,Yes,No,Fiber optic,Yes,Month-to-month,No,Credit card (automatic),62,76290,521.4,2.7,8.7,No
6899-PPEEA,Female,No,37,Yes,No,Fiber optic,No,Month-to-month,No,Electronic check,44,86767,692.4,6.4,3.7,Yes
7504-UWHNB,Male,Yes,25,Yes,No,Fiber optic,No,Month-to-month,No,Electronic check,45,58321,642.7,9,8.4,No
2582-FFFZR,Female,No,22,No,No,DSL,No,Month-to-month,Yes,Electronic check,31,41661,0,5.7,10,No
8908-NMQTX,Male,No,72,No,No,DSL,Yes,Two year,Yes,Bank transfer (automatic),63,57184,0,1,8.5,No
2187-LZGPL,Female,Yes,7,No,Yes,DSL,No,Month-to-month,Yes,Credit card (automatic),31,40548,0,4.4,6.9,Yes
1431-AIDJQ,Male,No,33,Yes,No,DSL,Yes,Two year,No,Credit card (automatic),47,42380,646.9,0.5,8.5,No
6288-LBEAR,Female,No,23,Yes,No,Fiber optic,Yes,Month-to-month,No,Mailed check,36,96892,539.4,3.5,8,No
4597-NUCQV,Male,No,24,Yes,Yes,Fiber optic,No,Month-to-month,No,,56,38724,519.4,6.5,5,Yes
9019-QVLZD,Female,No,1,Yes,Yes,Fiber optic,No,Month-to-month,Yes,Electronic check,39,48682,399.1,9.3,7.3,Yes
8413-YNHNV,Male,No,69,Yes,No,DSL,Yes,Two year,Yes,Mailed check,19,40351,644.5,1.1,6.2,No
5808-TOTXO,Female,No,3,Yes,No,No,No internet service,One year,Yes,Credit card (automatic),18,67640,543.1,3.1,,No
4369-NYSCF,Male,No,56,Yes,Yes,DSL,Yes,One year,Yes,Bank transfer (automatic),,69766,296.1,0,8.6,No
6333-YDVLT,Male,No,65,Yes,No,Fiber optic,Yes,One year,Yes,Credit card (automatic),42,99424,487.2,1.9,7.6,No
5324-KTGCG,Male,Yes,71,Yes,Yes,No,No internet service,One year,Yes,Electronic check,54,37091,520.9,2.2,8.5,No
5599-HVLTW,Female,No,14,Yes,No,Fiber optic,No,Month-to-month,Yes,Bank transfer (automatic),47,51068,240,3.6,7.8,No
7394-LWLYN,Female,No,2,Yes,No,Fiber optic,No,Month-to-month,Yes,Electronic check,30,61519,551,3.4,6.7,No
3707-LRWZD,Female,Yes,32,Yes,Yes,Fiber optic,No,One year,No,Electronic check,56,56998,769.3,3.6,7.6,Yes
6873-UDNLD,Male,No,40,Yes,Yes,DSL,No,Month-to-month,Yes,Electronic check,73,125549,537.4,6.9,6.6,No
2700-LUEVA,Male,Yes,1,Yes,Yes,No,No internet service,Month-to-month,Yes,Credit card (automatic),40,55117,334.1,0,6,No
1455-ESIQH,Male,No,1,Yes,No,Fiber optic,No,Month-to-month,Yes,Electronic check,64,60660,389.3,11.3,6,Yes
0958-YHXGP,Female,No,7,Yes,No,Fiber optic,No,Month-to-month,No,Mailed check,57,53910,461.9,1.9,7.4,No
1101-SSWAG,Female,Yes,15,Yes,No,DSL,No,Month-to-month,Yes,Electronic check,49,45333,373.2,2.8,7.4,No
2979-SXESE,Female,Yes,17,Yes,No,Fiber optic,No,Month-to-month,Yes,Electronic check,64,29209,563,8,6.1,Yes
4013-TLDHQ,Male,No,19,Yes,No,Fiber optic,No,Month-to-month,Yes,Electronic check,22,18141,457.2,5.3,4.2,Yes
5743-KHMNA,Male,No,71,Yes,Yes,No,No internet service,Two year,No,Bank transfer (automatic),38,30202,694.4,0.4,8.3,No
4194-FJARJ,Female,No,54,Yes,No,DSL,Yes,Two year,Yes,Bank transfer (automatic),76,31792,673.3,2.7,9,No
5325-UWTWJ,Male,No,31,Yes,Yes,Fiber optic,Yes,Month-to-month,No,Credit card (automatic),30,35754,578.6,1.5,6.5,No
3969-GYXEL,Female,No,11,Yes,No,Fiber optic,No,Month-to-month,Yes,Electronic check,64,34295,34.1,10.9,8.9,No
9208-OLGAQ,Female,No,18,Yes,Yes,Fiber optic,No,Month-to-month,No,Electronic check,47,52416,461.3,0.3,6.1,No
3244-CQPHU,Female,No,72,Yes,Yes,Fiber optic,Yes,Two year,No,Bank transfer (automatic),38,50198,450.4,0,9.9,No
2674-MLXMN,Female,Yes,,Yes,Yes,Fiber optic,No,Month-to-month,Yes,Credit card (automatic),79,54041,922.6,0.7,8.5,No
9708-HPXWZ,Male,No,5,No,Yes,DSL,Yes,Month-to-month,No,Credit card (automatic),71,57675,,1.7,6.5,No
6992-TKNYO,Male,No,38,Yes,Yes,DSL,Yes,One year,No,Credit card (automatic),75,26562,666.5,2.2,,No
4468-YDOVK,Male,No,5,Yes,No,DSL,Yes,Month-to-month,Yes,Bank transfer (automatic),33,88400,322.7,1.2,6.7,No
3754-DXMRT,Male,No,2,Yes,Yes,DSL,No,Month-to-month,Yes,Electronic check,50,43641,217.3,2.9,7.1,Yes
5792-JALQC,Female,No,52,Yes,Yes,DSL,No,Two year,Yes,Bank transfer (automatic),80,29056,506.8,1.9,8.2,No
7130-VTEWQ,Female,No,8,Yes,Yes,Fiber optic,No,Month-to-month,Yes,Electronic check,37,62038,659,5.2,3.8,Yes
2200-DSAAL,Female,No,68,Yes,No,DSL,No,Two year,Yes,Electronic check,51,39367,627,5.1,7.4,No
4302-ZYFEL,Male,No,69,Yes,No,No,No internet service,One year,Yes,Credit card (automatic),38,51913,373.8,6.2,9.3,No
9351-LZYGF,Female,No,,Yes,No,DSL,Yes,Month-to-month,Yes,Credit card (automatic),36,37701,540.5,0.7,6.4,No
4366-CTOUZ,Female,Yes,50,Yes,No,Fiber optic,Yes,Two year,Yes,Mailed check,54,72394,370.8,0.3,9.8,No
6121-VZNQB,Female,No,1,Yes,No,No,No internet service,Month-to-month,Yes,Mailed check,65,101140,231.5,2.4,6.2,Yes
7903-CMPEY,Male,No,,Yes,No,Fiber optic,No,Month-to-month,Yes,Electronic check,47,52586,686.3,6.2,5.2,Yes
1518-OMDIK,Male,No,33,Yes,No phone service,DSL,No,Month-to-month,Yes,Credit card (automatic),33,27467,642.8,0.1,6.4,No
6671-NGWON,Female,Yes,7,Yes,No,No,No internet service,Month-to-month,Yes,Mailed check,53,48601,387.7,2,6.7,No
0595-ITUDF,Male,Yes,64,Yes,Yes,Fiber optic,No,Month-to-month,Yes,Electronic check,,47636,477.5,8.9,7.4,No
6996-KNSML,Female,No,1,Yes,Yes,Fiber optic,No,Month-to-month,No,Electronic check,50,153679,518.8,2.3,3.6,Yes
1955-IBMMB,Male,No,59,Yes,No,No,No internet service,Two year,Yes,Bank transfer (automatic),31,58119,310,1.9,10,No
0096-BXERS,Female,No,6,Yes,Yes,DSL,No,Month-to-month,Yes,Electronic check,53,65739,637.7,5.2,7.5,No
3806-YAZOV,Female,No,3,Yes,No,No,No internet service,Month-to-month,No,Mailed check,52,26036,,1,8.1,No
7998-ZLXWN,Female,No,15,Yes,No,No,No internet service,Month-to-month,No,Credit card (automatic),39,73980,382.6,1.3,6.9,No
6253-WRFHY,Male,Yes,13,Yes,Yes,DSL,No,One year,No,Electronic check,29,18570,521.9,2,7.4,No
9133-AYJZG,Female,No,23,Yes,No,Fiber optic,No,Month-to-month,Yes,Credit card (automatic),19,106082,421.9,1.8,5.2,No
2675-OTVVJ,Male,No,31,Yes,No,Fiber optic,No,Month-to-month,No,Electronic check,72,155373,599.8,0,6.6,No
8680-CGLTP,Male,No,29,Yes,No,DSL,Yes,One year,Yes,Electronic check,,128018,607.5,2.4,9.3,No
8430-TWCBX,Female,No,49,Yes,No,No,No internet service,One year,Yes,Credit card (automatic),52,49710,437.3,1.1,7.1,No
5018-GWURO,Female,No,56,Yes,Yes,Fiber optic,No,Month-to-month,Yes,Bank transfer (automatic),19,59218,517.7,4.1,8.4,No
6741-QRLUP,Female,No,63,Yes,No,DSL,Yes,Two year,Yes,Credit card (automatic),46,104866,623.8,0.9,7.4,No
4737-HOBAX,Male,Yes,63,Yes,Yes,DSL,Yes,Two year,No,Credit card (automatic),51,44519,669.8,1.6,8.3,No
0537-QYZZN,Male,No,24,Yes,No,Fiber optic,No,Month-to-month,Yes,Electronic check,45,77202,801.3,4.9,7.9,No
3340-QBBFM,Male,No,36,Yes,No,DSL,Yes,One year,No,Credit card (automatic),42,29831,167,0.1,8.2,No
1704-NRWYE,Female,Yes,9,Yes,No,Fiber optic,No,Month-to-month,No,Electronic check,48,52290,315.4,3.5,3.9,Yes
2592-SEIFQ,Male,No,3,No,No,DSL,No,Month-to-month,Yes,Electronic check,29,54519,0,4.1,6.9,Yes
8200-KLNYW,Female,No,21,Yes,Yes,DSL,Yes,One year,Yes,Mailed check,43,72635,523.3,1,9,No
3372-CDXFJ,Male,No,13,Yes,No phone service,No,No internet service,One year,Yes,Bank transfer (automatic),37,32071,652.2,0,7.8,No
4781-ZXYGU,Male,No,1,Yes,No phone service,No,No internet service,Month-to-month,Yes,Bank transfer (automatic),57,115000,439.8,0.3,7,No
7632-YUTXB,Female,No,25,Yes,No,No,No internet service,One year,Yes,Mailed check,23,91922,697.4,2,9.1,No
2718-YSKCS,Male,No,71,Yes,Yes,No,No internet service,Two year,No,Bank transfer (automatic),64,97083,546.7,1.3,6.1,No
9896-UYMIE,Male,No,66,Yes,No,Fiber optic,Yes,One year,Yes,Bank transfer (automatic),39,66681,782,0.7,7.2,No
0853-NWIFK,Female,No,45,Yes,No phone service,Fiber optic,No,One year,Yes,Electronic check,18,82351,444.8,8.9,5.5,No
8212-CRQXP,Female,Yes,22,Yes,No,Fiber optic,No,Month-to-month,Yes,Credit card (automatic),39,74626,630.9,0.8,6.4,No
6980-CDGFC,Female,No,67,Yes,Yes,No,No internet service,One year,Yes,Bank transfer (automatic),54,29103,445.7,1.8,8.3,No
7691-XVTZH,Female,Yes,68,Yes,Yes,Fiber optic,No,Two year,Yes,Bank transfer (automatic),37,36779,707.5,0.7,7.5,No
2520-SGTTA,Female,No,0,Yes,Yes,No,No internet service,Two year,No,Mailed check,38,30824,462.6,0.9,8.2,No
7481-ATQQS,Female,No,49,Yes,No,Fiber optic,No,Month-to-month,Yes,Credit card (automatic),53,107681,673.9,6.8,4.6,Yes
2277-VWCNI,Female,No,4,Yes,No,DSL,No,Month-to-month,No,Mailed check,48,51244,208.8,0.7,6.3,No
1088-CNNKB,Male,No,63,Yes,No,DSL,Yes,One year,Yes,Credit card (automatic),56,59022,759.7,2.7,7.4,No
8642-GVWRF,Female,No,2,Yes,No,Fiber optic,No,Month-to-month,Yes,Bank transfer (automatic),54,68519,739.3,3.8,7.1,Yes
1930-BZLHI,Male,No,21,Yes,No,No,No internet service,One year,Yes,Mailed check,64,40784,522.8,1.4,6,No
3400-ESFUW,Male,No,55,Yes,Yes,DSL,Yes,Two year,Yes,Bank transfer (automatic),42,48127,444.2,2.3,6.8,Yes
5868-YTYKS,Male,No,1,Yes,No,No,No internet service,Month-to-month,No,Mailed check,44,18584,445.4,2.8,6.5,No
3525-DVKFN,Female,Yes,17,Yes,No phone service,No,No internet service,Two year,No,Mailed check,40,28344,327.7,0.8,7.8,No
1482-OXZSY,Male,No,30,Yes,No,Fiber optic,No,Month-to-month,Yes,Bank transfer (automatic),29,35748,766.3,1.1,7.5,No
0377-JBKKT,Male,No,22,Yes,No,DSL,Yes,Month-to-month,Yes,Mailed check,36,56318,347.7,2.4,5.6,No
5778-BVOFB,Female,No,9,Yes,No,DSL,Yes,Month-to-month,No,Bank transfer (automatic),53,54908,510.4,4.4,6.4,No
3373-YZZYM,Male,No,1,Yes,Yes,No,No internet service,Month-to-month,No,Mailed check,74,33985,755.5,1.9,6.8,No
2057-ZBLPD,Female,No,21,Yes,Yes,Fiber optic,No,Month-to-month,Yes,Electronic check,47,76608,602.8,3.7,,Yes
0228-MAUWC,Male,No,19,Yes,No,DSL,Yes,Month-to-month,Yes,Electronic check,54,95480,569.1,13.8,6,No
5502-RLUYV,Female,No,69,Yes,No,Fiber optic,No,Month-to-month,Yes,Electronic check,55,83012,546.1,3.9,4.8,Yes
0023-HGHWL,Male,Yes,1,No,Yes,DSL,No,Month-to-month,Yes,Electronic check,28,119949,0,3.2,4.7,Yes
7663-YJHSN,Female,No,72,Yes,No,Fiber optic,Yes,Two year,No,Bank transfer (automatic),76,34416,845.6,0.2,7.2,No
4915-BFSXL,Male,No,70,Yes,Yes,DSL,No,Two year,Yes,Credit card (automatic),37,40410,397.9,0.2,6.4,No
3086-RUCRN,Female,No,66,Yes,No phone service,Fiber optic,Yes,Month-to-month,No,Bank transfer (automatic),24,109038,482.7,3.3,9.2,No
5215-LNLDJ,Female,No,7,No,No,DSL,No,Month-to-month,Yes,Electronic check,49,58534,0,2.8,7.5,No
7576-JMYWV,Female,No,46,Yes,Yes,Fiber optic,Yes,Month-to-month,Yes,Electronic check,41,39027,189.7,3.2,7.3,No
9039-RBEEE,Male,Yes,39,No,No,DSL,Yes,Month-to-month,No,Credit card (automatic),58,66523,0,4.9,7.7,Yes
0257-KXZGU,Female,No,,Yes,No,DSL,No,Month-to-month,Yes,Bank transfer (automatic),62,34561,598.7,3.4,7.2,No
1307-ATKGB,Male,No,24,Yes,No,Fiber optic,No,Month-to-month,No,Electronic check,47,53538,292.5,12.5,6,No
8417-FMLZI,Male,Yes,6,Yes,No,Fiber optic,No,Month-to-month,No,Credit card (automatic),65,75733,287,1.6,5.1,Yes
3714-XPXBW,Female,No,37,Yes,Yes,DSL,Yes,Month-to-month,No,Credit card (automatic),71,61520,503.2,3.1,8.9,No
1850-AKQEP,Male,No,8,Yes,Yes,No,No internet service,Month-to-month,No,Mailed check,33,47273,406.5,7.7,8.6,No
2824-DXNKN,Female,No,72,Yes,Yes,DSL,No,Two year,Yes,Bank transfer (automatic),58,44264,802.2,3.5,8.9,No
5227-JSCFE,Male,No,71,No,Yes,DSL,Yes,Two year,No,,53,78765,0,2.9,7.4,No
0848-ZGQIJ,Female,Yes,16,Yes,No phone service,Fiber optic,No,Month-to-month,Yes,,39,37873,454.7,3.4,6,No
3621-CHYVB,Female,No,57,No,No,DSL,Yes,Month-to-month,No,Bank transfer (automatic),82,84998,0,3.2,8.7,No
8042-RNLKO,Male,No,66,Yes,Yes,No,No internet service,One year,Yes,Bank transfer (automatic),47,116301,338.2,0.6,7.7,No
1792-UXAFY,Female,No,17,Yes,Yes,Fiber optic,No,Month-to-month,Yes,Electronic check,27,47107,315,8.1,5.2,Yes
5372-FBKBN,Female,No,21,Yes,No phone service,No,No internet service,Month-to-month,No,Mailed check,53,66828,445.3,5.2,6.5,No
0420-TXVSG,Male,No,66,Yes,No phone service,DSL,No,Two year,Yes,Credit card (automatic),42,65756,861.7,1.5,7.2,No
6217-TOWGS,Female,Yes,17,Yes,No,DSL,No,Month-to-month,No,Bank transfer (automatic),82,26262,885.7,1.8,5.9,No
0515-YPMCW,Male,No,1,Yes,No,Fiber optic,No,Month-to-month,No,Mailed check,44,73001,399.9,4.4,4.8,Yes
0378-XSZPU,Male,No,58,Yes,Yes,DSL,No,One year,Yes,,45,44912,623.3,18.3,8,Yes
1045-LTCYT,Female,No,8,Yes,No,No,No internet service,Month-to-month,No,Credit card (automatic),35,47700,529.2,2.3,7.8,No
1544-JJMYL,Male,No,27,Yes,No,DSL,Yes,One year,Yes,Credit card (automatic),45,85698,440.8,2.5,6.7,No
4636-JGAAI,Male,No,,Yes,No,Fiber optic,No,Month-to-month,No,Mailed check,38,71617,769.3,5.1,5.8,No
6874-SGLHU,Male,Yes,30,Yes,No,Fiber optic,No,One year,No,Bank transfer (automatic),79,41261,553.5,0.2,8,No
5951-AOFIH,Male,No,33,Yes,No,DSL,No,Month-to-month,Yes,Credit card (automatic),40,83735,429.2,1.2,5.4,No
4729-XKASR,Male,No,1,No,No,DSL,No,Month-to-month,No,Electronic check,31,42987,0,3,6,Yes
3059-NGMXB,Male,No,14,Yes,No,DSL,No,Month-to-month,Yes,Mailed check,60,48029,715.2,0,5.8,No
8652-YHIYU,Female,Yes,16,Yes,Yes,Fiber optic,Yes,One year,Yes,Credit card (automatic),86,59849,681.7,2.6,8.1,No
5278-PNYOX,Female,No,49,Yes,Yes,Fiber optic,Yes,Two year,Yes,Credit card (automatic),81,43427,273.1,1.2,8.1,No
5449-FIBXJ,Male,No,19,Yes,No,Fiber optic,Yes,Month-to-month,No,Electronic check,30,72325,785.6,5.3,6.4,Yes
3486-HOOGQ,Female,No,70,Yes,No,DSL,Yes,Two year,Yes,Bank transfer (automatic),40,62474,833.8,1.4,7.3,No
5061-PBXFW,Female,Yes,32,Yes,Yes,DSL,Yes,Month-to-month,Yes,Bank transfer (automatic),45,80002,718.4,3.9,6.9,No
8630-FJLIB,Female,Yes,18,Yes,No phone service,Fiber optic,No,Month-to-month,Yes,Electronic check,21,83611,477.7,2.2,4.8,No
3891-NLXJB,Male,No,37,No,No,DSL,Yes,Two year,No,Mailed check,40,63519,0,1,7.8,No
4749-OJKQU,Female,No,4,Yes,Yes,Fiber optic,No,Month-to-month,No,Electronic check,61,69828,575.8,,7.9,No
0577-WHMEV,Female,No,16,Yes,No,Fiber optic,No,Month-to-month,Yes,Electronic check,48,72154,720.5,2.9,7.6,No
5453-AXEPF,Male,Yes,17,Yes,No,Fiber optic,No,Month-to-month,No,Bank transfer (automatic),53,48853,545.3,3.6,6.8,No
3639-XJHKQ,Female,No,19,Yes,Yes,DSL,No,Month-to-month,Yes,Electronic check,20,48200,671.3,1.6,8.8,No
3716-LRGXK,Male,No,60,Yes,No,Fiber optic,No,Two year,Yes,Credit card (automatic),44,215961,655.3,0,5.3,No
2263-SFSQZ,Male,No,51,Yes,No,No,No internet service,Two year,Yes,Mailed check,36,53502,442.4,1.1,8.1,No
9950-MTGYX,Male,No,28,Yes,No,No,No internet service,Two year,Yes,Credit card (automatic),48,82717,501.7,0.6,6.5,No
3397-AVTKU,Male,No,43,Yes,No,DSL,No,Two year,No,Electronic check,54,22857,460.3,0.9,7.4,No
4825-FUREZ,Male,No,42,Yes,Yes,No,No internet service,Two year,No,Electronic check,41,79420,594.6,,6.9,No
9837-BMCLM,Male,No,3,Yes,No,Fiber optic,No,Month-to-month,Yes,Electronic check,49,39952,303.3,4.5,5.9,Yes
2672-OJQZP,Female,No,1,Yes,No,DSL,No,Month-to-month,Yes,Mailed check,54,56851,319.4,3.7,7.4,No
0137-UDEUO,Female,No,3,Yes,No,No,No internet service,Month-to-month,No,Mailed check,64,45340,544,6.6,4.4,Yes
3134-DSHVC,Female,No,63,Yes,Yes,Fiber optic,No,Two year,No,Credit card (automatic),33,42527,795.3,1.8,8.3,No
6161-UUUTA,Male,No,3,Yes,No,Fiber optic,No,Month-to-month,Yes,Electronic check,40,21935,230.4,2.5,5.2,Yes
7821-DPRQE,Male,Yes,68,Yes,No,Fiber optic,Yes,Month-to-month,Yes,Electronic check,26,110366,269.7,5.8,7.1,No
6543-XRMYR,Female,No,30,Yes,Yes,Fiber optic,No,Month-to-month,Yes,Electronic check,36,103439,323.2,6.4,7.5,Yes
2001-EWBQU,Female,No,60,Yes,Yes,Fiber optic,No,Two year,Yes,Electronic check,41,38827,821.8,6.8,6.5,No
4925-LMHOK,Male,No,15,Yes,No,DSL,Yes,Month-to-month,Yes,,33,43066,667.1,6.4,5.4,Yes
1608-GMEWB,Male,Yes,,Yes,No,Fiber optic,No,Month-to-month,Yes,Bank transfer (automatic),23,134712,583.1,3.3,6.6,No
6695-AMZUF,Female,No,70,Yes,Yes,DSL,Yes,Two year,Yes,Credit card (automatic),23,44056,338.9,0.3,10,No
1455-UGQVH,Male,No,10,Yes,Yes,Fiber optic,No,Month-to-month,No,Electronic check,35,149768,695,14.7,3.8,Yes
8410-BGQXN,Male,No,4,Yes,No,No,No internet service,Month-to-month,Yes,Mailed check,79,83830,559.5,1.2,6,No
8280-MQRQN,Female,No,1,Yes,Yes,DSL,No,Month-to-month,Yes,Mailed check,71,49143,605.3,3.7,6.7,Yes
1619-YWUBB,Female,Yes,68,Yes,No,No,No internet service,Two year,Yes,Credit card (automatic),40,37011,468.8,1.4,8.8,No
7611-YKYTC,Male,No,22,Yes,No,Fiber optic,No,Month-to-month,No,Bank transfer (automatic),23,42618,421,3.2,7.3,No
2037-SGXHH,Male,No,38,Yes,Yes,Fiber optic,No,Month-to-month,Yes,Electronic check,84,44523,559.5,3.4,5.3,Yes
3178-FESZO,Female,Yes,1,Yes,No,Fiber optic,No,Month-to-month,Yes,Credit card (automatic),46,115316,500.4,2.2,7.1,Yes
0365-GXEZS,Male,No,18,Yes,No phone service,Fiber optic,Yes,Month-to-month,No,Electronic check,28,45704,384.9,1.9,7.8,No
0082-OQIQY,Male,No,29,Yes,Yes,Fiber optic,Yes,Month-to-month,Yes,Electronic check,40,138827,377.8,4.7,7,No
6087-MVHJH,Female,No,16,Yes,No,Fiber optic,No,Month-to-month,No,Electronic check,24,35322,730.4,4.2,6.1,Yes
4603-JANFB,Male,No,1,Yes,No phone service,Fiber optic,No,Month-to-month,Yes,Electronic check,47,53381,398.2,9.6,5.3,Yes
3018-TFTSU,Male,No,12,Yes,No,Fiber optic,No,Month-to-month,Yes,Bank transfer (automatic),43,59389,433.8,2,3.6,Yes
3606-SBKRY,Male,No,31,No,Yes,DSL,No,One year,No,Electronic check,44,27985,0,3.7,7.8,No
4806-KEXQR,Male,No,4,Yes,No,Fiber optic,No,Month-to-month,Yes,Electronic check,33,50186,276,8.4,8,Yes
0667-NSRGI,Female,No,48,Yes,No,DSL,Yes,One year,Yes,Mailed check,56,103057,596.5,0.5,7.2,No
7083-YNSKY,Female,No,15,Yes,No,No,No internet service,Month-to-month,Yes,Credit card (automatic),52,49727,550.9,6.1,6,Yes
6893-ODYYE,Male,No,50,Yes,No phone service,Fiber optic,Yes,One year,Yes,Credit card (automatic),40,50419,503.3,1.2,7.9,No
8242-JSVBO,Male,No,7,Yes,No,DSL,No,Month-to-month,Yes,Bank transfer (automatic),30,75230,258.7,1,5.4,No
2479-BRAMR,Male,No,41,Yes,Yes,Fiber optic,No,Month-to-month,Yes,Bank transfer (automatic),18,57168,477.4,4.1,3.6,Yes
9541-ZPSEA,Male,Yes,68,Yes,No phone service,Fiber optic,No,Two year,No,Credit card (automatic),60,51006,320.7,2.1,6.8,No
2665-NPTGL,Female,No,26,Yes,No,Fiber optic,No,Month-to-month,No,Bank transfer (automatic),36,58979,492.1,1.1,5.9,No
1139-WUOAH,Male,No,57,No,Yes,DSL,Yes,Two year,Yes,Credit card (automatic),36,38689,0,3,7,No
4693-VWVBO,Female,No,3,Yes,Yes,No,No internet service,Month-to-month,Yes,Electronic check,72,132369,414.7,4.1,4.2,No
7434-SHXLS,Female,No,1,Yes,No,No,No internet service,Month-to-month,No,Mailed check,40,62534,716.7,4,6.2,Yes
6937-GCDGQ,Male,No,,Yes,No,DSL,No,One year,Yes,Bank transfer (automatic),47,99709,442.3,1,6.5,No
0988-JRWWP,Female,No,3,Yes,No,DSL,No,Month-to-month,Yes,Electronic check,35,139524,628.9,5.8,7.8,No
5075-JSDKI,Female,No,59,Yes,No,No,No internet service,Two year,No,Electronic check,23,54832,780.4,4.1,8.5,No
7908-QCBCA,Female,No,1,Yes,No,Fiber optic,No,Month-to-month,No,Mailed check,27,55704,616.8,4,3.9,Yes
8644-XYTSV,Male,No,42,No,No,DSL,No,Month-to-month,No,Bank transfer (automatic),39,45344,0,4.1,6.8,No
6711-FLDFB,Female,No,7,Yes,No,Fiber optic,No,Month-to-month,No,Electronic check,24,59006,262,5.6,5.2,Yes
3873-WOSBC,Male,No,67,Yes,No phone service,No,No internet service,Two year,No,Credit card (automatic),35,138975,799.2,0.3,7.5,No
7465-ZZRVX,Male,No,,Yes,No,Fiber optic,No,Month-to-month,Yes,Electronic check,40,38414,468.5,1.9,8.3,No
7975-JMZNT,Male,No,66,Yes,No,DSL,Yes,Two year,Yes,Bank transfer (automatic),27,55837,823.3,1.9,7.7,No
7251-XFOIL,Female,No,61,Yes,No,Fiber optic,No,Month-to-month,Yes,Mailed check,49,80451,595.1,0.9,5.7,No
4116-IQRFR,Male,No,4,Yes,Yes,No,No internet service,One year,No,Credit card (automatic),39,139901,551.2,,5.9,No
3714-JTVOV,Female,No,42,Yes,No,Fiber optic,No,Month-to-month,No,Credit card (automatic),52,19477,288.9,9.7,6.9,Yes
8259-DZLIZ,Female,No,64,Yes,No,DSL,No,One year,No,Bank transfer (automatic),33,37963,848.4,0,7.8,No
0442-ZXKVS,Female,Yes,54,Yes,No,Fiber optic,Yes,One year,Yes,Bank transfer (automatic),44,82690,681.7,0.3,8.5,No
7853-WNZSY,Male,No,1,Yes,No,No,No internet service,Month-to-month,Yes,Credit card (automatic),74,54583,419.1,0.1,6.3,No
3120-FAZKD,Male,No,54,Yes,No,No,No internet service,Two year,Yes,Bank transfer (automatic),20,78377,593.3,0.7,6.6,No
8606-OEGQZ,Female,No,18,Yes,No,No,No internet service,Two year,Yes,Credit card (automatic),41,80675,674.4,0.1,6.4,No
0225-ZORZP,Male,No,3,Yes,No,Fiber optic,No,Month-to-month,No,Electronic check,42,52918,257.6,7.2,7.2,No
4702-IOQDC,Female,No,1,Yes,No,Fiber optic,No,Month-to-month,Yes,Electronic check,29,72121,824.7,7.5,7.6,Yes
9489-JMTTN,Female,No,72,Yes,No,DSL,Yes,Two year,Yes,Credit card (automatic),42,36632,610.4,0.3,7.3,No
0575-CUQOV,Male,No,60,Yes,Yes,Fiber optic,No,One year,No,Electronic check,75,52833,566.5,3.9,5.4,No
0967-BMLBD,Female,No,11,Yes,No,No,No internet service,One year,Yes,,82,,694.3,0,8.9,No
6178-KFNHS,Female,No,12,Yes,Yes,Fiber optic,No,Month-to-month,Yes,Electronic check,64,45529,396.6,11.8,5.9,Yes
2830-LEWOA,Male,Yes,61,Yes,Yes,Fiber optic,Yes,One year,No,,64,44194,497.8,0,6.7,No
5006-MXVRN,Female,No,39,Yes,Yes,No,No internet service,Two year,No,,39,33952,518.3,0.1,8.4,No
1264-BYWMS,Male,No,55,Yes,No phone service,Fiber optic,No,Month-to-month,Yes,Electronic check,41,36612,750.1,3.8,6.8,Yes
9658-WYUFB,Female,No,17,Yes,Yes,Fiber optic,No,Month-to-month,Yes,Electronic check,28,54451,751,2.5,7.1,Yes
8327-WKMIE,Male,No,37,Yes,No,No,No internet service,One year,No,Credit card (automatic),51,74619,357.6,0.7,8.8,No
6917-FIJHC,Female,No,72,Yes,No,No,No internet service,Two year,No,Mailed check,64,62090,702.8,0.7,8.3,No
5329-KRDTM,Male,No,72,Yes,Yes,DSL,Yes,Two year,Yes,Credit card (automatic),49,57390,521,1.9,9,No
7797-EJMDP,Female,No,8,Yes,No,DSL,Yes,Month-to-month,Yes,Bank transfer (automatic),49,23759,513.4,4.5,7.1,No
3530-VWVGU,Female,No,22,Yes,Yes,No,No internet service,Month-to-month,No,Mailed check,67,37250,582.8,7.1,6.4,No
2013-SGDXK,Female,No,1,Yes,No,Fiber optic,No,Month-to-month,No,Electronic check,63,102313,96.8,3.8,5.6,Yes
6368-NWMCE,Female,No,38,Yes,Yes,DSL,Yes,Month-to-month,Yes,Credit card (automatic),82,44528,507.8,1.2,9.2,No
3633-CDBUW,Male,No,17,Yes,Yes,DSL,Yes,One year,No,Electronic check,35,52759,309.8,6.1,8.2,No
0707-HOVVN,Female,No,70,Yes,No,DSL,Yes,Two year,No,Bank transfer (automatic),28,62180,769.2,1.8,7.8,No
8580-QVLOC,Female,Yes,72,Yes,No,DSL,Yes,Two year,Yes,Credit card (automatic),44,58247,613.8,3.8,6.8,Yes
3956-MGXOG,Female,No,28,Yes,Yes,Fiber optic,No,Month-to-month,No,Electronic check,71,40297,534.2,1.3,9.5,No
9274-UARKJ,Female,No,15,Yes,No phone service,Fiber optic,No,Month-to-month,Yes,Bank transfer (automatic),51,55861,333.4,0.5,5.7,No
4077-HWUYD,Male,No,72,Yes,No phone service,DSL,Yes,Two year,Yes,Bank transfer (automatic),57,59447,370.8,1,7.6,No
2012-NWRPA,Female,No,11,Yes,Yes,Fiber optic,No,Month-to-month,Yes,Electronic check,44,113076,444.8,10.2,3.2,Yes
8808-ELEHO,Male,No,8,Yes,No,Fiber optic,No,Month-to-month,Yes,Electronic check,45,28196,489.3,6.9,5.5,Yes
0103-CSITQ,Female,No,57,Yes,No phone service,Fiber optic,Yes,One year,Yes,Bank transfer (automatic),46,44818,443.2,2.8,7.9,No
3506-LCJDC,Male,No,1,Yes,Yes,No,No internet service,Month-to-month,No,Bank transfer (automatic),56,97609,265,2.2,6.6,Yes
8671-KKKOS,Female,Yes,46,No,Yes,DSL,No,Month-to-month,Yes,Electronic check,47,49257,0,7.7,6.5,No
7305-ZWMAJ,Male,No,30,Yes,No,No,No internet service,One year,Yes,Credit card (automatic),26,44013,562.3,2.9,7.5,No
9518-XXBXE,Male,No,10,Yes,Yes,Fiber optic,No,Month-to-month,Yes,Electronic check,29,37988,512.7,2.3,8,No
3934-HXCFZ,Male,No,23,Yes,Yes,Fiber optic,No,Month-to-month,Yes,Electronic check,37,78620,596.3,12,4.7,Yes
6578-KRMAW,Male,No,32,Yes,No,Fiber optic,No,Month-to-month,No,Credit card (automatic),20,50024,421.2,1.1,4.9,No
4860-IJUDE,Male,No,13,Yes,No phone service,Fiber optic,No,Month-to-month,Yes,,37,46787,414.6,0.8,7.2,No
7666-WKRON,Female,Yes,39,Yes,No,Fiber optic,Yes,Two year,Yes,Electronic check,36,28317,247.1,6,6.7,Yes
9688-YGXVR,Female,No,44,Yes,Yes,Fiber optic,No,Month-to-month,Yes,Credit card (automatic),74,40384,489,0,8.5,No
0423-UDIJQ,Male,Yes,9,Yes,No,DSL,Yes,Month-to-month,Yes,Mailed check,78,71949,459.8,1.3,7.1,No
1945-XISKS,Female,No,67,Yes,Yes,No,No internet service,Two year,Yes,Mailed check,64,44248,341.1,3.1,9.9,No
4910-AQFFX,Male,No,9,Yes,Yes,Fiber optic,No,Month-to-month,Yes,Bank transfer (automatic),42,38116,484.6,7.8,4.8,Yes
2154-KVJFF,Female,No,15,Yes,Yes,Fiber optic,No,Month-to-month,No,Electronic check,27,70559,723.9,3.8,7.1,Yes
5360-LJCNJ,Female,No,71,Yes,No,Fiber optic,No,Two year,No,Bank transfer (automatic),41,39101,571.2,0.5,6.1,No
2607-FBDFF,Male,Yes,1,Yes,Yes,DSL,Yes,Month-to-month,No,Credit card (automatic),37,40895,542.2,2.8,7.6,No
9647-ERGBE,Female,No,30,Yes,No phone service,Fiber optic,No,Month-to-month,No,Electronic check,76,151109,659.8,7.3,6.8,Yes
3428-XZMAZ,Male,No,1,Yes,No phone service,Fiber optic,No,Month-to-month,No,Electronic check,48,50875,396.3,6.1,2.2,Yes
1100-DDVRV,Male,No,17,No,Yes,DSL,No,Month-to-month,Yes,Mailed check,79,156169,0,0.6,8,No
0378-TOVMS,Female,Yes,3,Yes,No,Fiber optic,Yes,Month-to-month,Yes,Electronic check,27,59201,464.8,4.8,4,Yes
4355-HBJHH,Male,No,67,Yes,No phone service,DSL,No,Two year,No,Electronic check,38,44572,372.6,7.7,8.2,Yes
6728-WYQBC,Male,No,1,Yes,No,No,No internet service,Month-to-month,Yes,Bank transfer (automatic),18,35750,520.4,2.5,7.5,No
9058-CBREO,Female,No,1,Yes,No,DSL,No,Month-to-month,Yes,Mailed check,73,59425,604.7,3.4,5.5,Yes
9029-FEGVJ,Female,No,32,Yes,Yes,Fiber optic,No,Month-to-month,Yes,Mailed check,54,42936,679.5,3,9.2,No
7216-KAOID,Male,No,41,Yes,No,No,No internet service,One year,Yes,Bank transfer (automatic),48,102605,336.1,3.6,7.1,No
0318-QUUOB,Male,No,1,Yes,Yes,Fiber optic,No,Month-to-month,No,Electronic check,64,29083,453.9,4,6,Yes
6145-NNPNO,Female,Yes,1,Yes,Yes,DSL,No,Month-to-month,Yes,Bank transfer (automatic),64,91934,649.9,4.5,6.8,No
5520-FVEWJ,Female,No,12,Yes,No,Fiber optic,No,Month-to-month,Yes,Electronic check,19,90094,483,9.8,5.3,Yes
5339-TJFEK,Male,No,62,Yes,Yes,Fiber optic,No,Month-to-month,Yes,Electronic check,64,58243,744.5,4.6,6.2,No
5572-ZDXHY,Female,No,22,Yes,Yes,Fiber optic,No,Month-to-month,No,Mailed check,26,91691,737,5,6.1,Yes
2074-GUHPQ,Female,No,17,Yes,No,Fiber optic,Yes,Month-to-month,Yes,Credit card (automatic),60,72510,,0,8.9,No
4625-XMOYM,Female,No,72,Yes,Yes,No,No internet service,Two year,No,Bank transfer (automatic),50,58912,443.6,0.8,8.9,No
5827-MWCZK,Male,No,56,Yes,No,Fiber optic,Yes,Month-to-month,Yes,Credit card (automatic),55,56502,494.4,4,6.3,No
1385-TQOZW,Female,No,9,Yes,Yes,No,No internet service,Month-to-month,No,Credit card (automatic),45,55385,735.5,2.3,5.5,No
5914-XRFQB,Male,No,72,Yes,Yes,Fiber optic,Yes,Two year,No,Bank transfer (automatic),75,24527,606.2,0.5,6,No
4329-YPDDQ,Male,No,20,Yes,Yes,Fiber optic,Yes,Month-to-month,Yes,Bank transfer (automatic),55,53791,366.8,1.5,6.4,No
4804-NCPET,Male,No,19,Yes,No,No,No internet service,Two year,Yes,Mailed check,41,64527,611.3,4.4,8.8,No
3750-CKVKH,Male,No,2,Yes,No phone service,Fiber optic,No,Month-to-month,No,Electronic check,70,64878,446.9,5.4,4.3,Yes
5944-UGLLK,Male,No,53,No,Yes,DSL,Yes,One year,Yes,Credit card (automatic),23,45522,0,1.1,7.8,No
8063-GBATB,Female,No,27,Yes,No phone service,Fiber optic,No,Month-to-month,Yes,Electronic check,41,81833,639.1,5.7,6.6,Yes
7787-BNTZM,Male,No,6,Yes,No,No,No internet service,Month-to-month,Yes,Bank transfer (automatic),51,59677,417,1.7,6.7,No
2252-ISRNH,Male,No,9,Yes,No,Fiber optic,No,One year,Yes,Electronic check,79,47911,570.4,2.3,6.8,No
9415-TPKRV,Female,No,8,Yes,No phone service,DSL,No,Month-to-month,No,Electronic check,31,103824,632.8,9.7,6.1,No
5322-TEUJK,Female,No,71,Yes,No phone service,Fiber optic,Yes,Two year,No,Bank transfer (automatic),83,81484,962.2,1.9,7.5,No
4547-KQRTM,Female,No,10,Yes,Yes,Fiber optic,No,Month-to-month,Yes,Bank transfer (automatic),48,60304,342.4,5.3,5.9,Yes
4877-EVATK,Male,No,1,Yes,No,No,No internet service,Month-to-month,No,Mailed check,18,124461,595.3,2.9,6.3,Yes
1866-DIOQZ,Female,No,71,No,Yes,DSL,Yes,One year,No,Bank transfer (automatic),40,59516,0,2.5,8.6,No
8375-KVTHK,Male,No,68,Yes,Yes,Fiber optic,Yes,One year,No,Electronic check,45,67181,378.9,3.7,7.7,No
2697-NQBPF,Male,No,34,Yes,No,Fiber optic,Yes,Month-to-month,No,Electronic check,40,40947,517.9,0.7,6.6,No
3709-OIJEA,Male,No,26,Yes,No,Fiber optic,Yes,One year,Yes,Electronic check,41,81742,307.4,1.3,9.4,No
7639-SUPCW,Female,Yes,22,Yes,Yes,DSL,No,Month-to-month,No,Credit card (automatic),57,86166,562.2,6.9,5.7,Yes
1386-ZIKUV,Male,No,7,Yes,No,No,No internet service,Month-to-month,Yes,Mailed check,33,50622,329.8,0.9,8.2,No
0599-XNYDO,Female,Yes,20,Yes,No,Fiber optic,No,Month-to-month,No,Bank transfer (automatic),86,52036,651.9,3,6.6,No
6377-WHAOX,Female,No,60,Yes,Yes,Fiber optic,No,Month-to-month,No,Electronic check,53,60292,553,1.6,5,No
6855-VLGOS,Male,No,72,Yes,No,No,No internet service,Two year,No,Electronic check,18,23160,628.1,2.6,6.7,No
8999-XXGNS,Female,No,72,Yes,Yes,Fiber optic,No,One year,No,Credit card (automatic),45,,507.3,0,4.1,No
8746-OQQRW,Male,No,4,Yes,No,No,No internet service,Month-to-month,Yes,Mailed check,37,35106,450.8,3.7,6,No
3181-MIZBN,Male,No,16,Yes,Yes,No,No internet service,Month-to-month,Yes,Electronic check,46,70685,469.7,4.8,6.3,No
0471-ARVMX,Female,No,62,Yes,Yes,Fiber optic,No,One year,Yes,Electronic check,65,86119,1049.9,0,7.6,No
7766-CLTIC,Female,No,,Yes,Yes,DSL,Yes,Month-to-month,No,Mailed check,45,50986,529,1.2,6.4,No
5650-YLIBA,Male,No,31,Yes,Yes,Fiber optic,No,Month-to-month,No,Electronic check,25,70778,821.3,5.5,7.9,No
0825-CPPQH,Female,No,71,Yes,No,No,No internet service,Two year,No,Credit card (automatic),38,67652,739.9,0.4,7.1,No
9084-OAYKL,Male,Yes,58,Yes,No phone service,No,No internet service,Two year,Yes,Mailed check,54,76116,331.1,3,7.1,No
6122-LJADA,Male,No,70,Yes,No,DSL,Yes,Two year,No,Credit card (automatic),42,51619,396.7,0.8,6.5,No
2400-XIWIO,Female,Yes,71,Yes,No,DSL,Yes,Two year,No,Electronic check,45,81870,440,1.7,6.9,No
7524-VRLPL,Male,No,69,Yes,No,DSL,Yes,Two year,Yes,Credit card (automatic),41,36451,924.7,1.9,9.1,No
1069-XAIEM,Female,No,1,Yes,No,Fiber optic,No,Month-to-month,No,,47,53729,646.3,2.7,5.3,Yes
7569-NMZYQ,Female,No,72,Yes,No,Fiber optic,Yes,Two year,Yes,Bank transfer (automatic),25,46572,750.1,1.2,7.6,No
5201-USSQZ,Female,No,26,Yes,No,Fiber optic,Yes,Month-to-month,Yes,Credit card (automatic),44,118614,432,2.1,8.4,No
2105-PHWON,Female,No,33,Yes,Yes,Fiber optic,Yes,Month-to-month,Yes,Credit card (automatic),,98892,715.2,2.7,6.3,No
1494-EJZDW,Female,No,10,Yes,No,No,No internet service,Two year,Yes,Mailed check,27,21665,469.9,1,7.1,No
4884-TVUQF,Female,No,57,Yes,No,Fiber optic,Yes,Two year,Yes,Credit card (automatic),27,102608,320.5,1.3,5.7,No
8003-EWNDZ,Female,No,10,Yes,Yes,No,No internet service,Month-to-month,Yes,Electronic check,32,67538,330,4.4,6.8,No
1897-RCFUM,Female,Yes,39,Yes,No phone service,No,No internet service,One year,Yes,Mailed check,41,38169,380.3,0.4,7.7,No
9256-JTBNZ,Female,No,11,Yes,Yes,No,No internet service,Month-to-month,No,Bank transfer (automatic),36,92155,675.7,0.7,5.7,No
4658-HCOHW,Female,No,21,Yes,No,Fiber optic,Yes,Month-to-month,Yes,Electronic check,39,73315,621,9.3,5.4,Yes
2211-RMNHO,Female,No,68,Yes,No,DSL,Yes,Two year,Yes,Bank transfer (automatic),48,124787,722.6,0.4,8.8,No
2432-TFSMK,Male,No,18,Yes,No,Fiber optic,No,One year,No,Credit card (automatic),39,69089,428.3,0,5.1,No
3440-JPSCL,Female,No,6,Yes,No phone service,Fiber optic,Yes,Month-to-month,Yes,Mailed check,34,90734,195.9,5.9,4.4,Yes
4929-ROART,Male,No,,Yes,No,DSL,No,Month-to-month,Yes,Mailed check,41,85949,603.6,8.1,9.2,No
1834-ABKHQ,Female,No,52,Yes,Yes,DSL,No,One year,No,Bank transfer (automatic),28,41773,720.8,0.1,8.2,No
1741-WTPON,Male,Yes,56,Yes,Yes,Fiber optic,Yes,Two year,No,Mailed check,28,34947,616.6,1.2,7.5,No
3932-IJWDZ,Male,No,45,Yes,No,Fiber optic,Yes,Month-to-month,No,Bank transfer (automatic),50,50205,708.1,2,4.8,No
1240-HCBOH,Female,No,67,Yes,Yes,No,No internet service,Two year,No,Mailed check,43,76703,653.3,2.3,7.9,No
3594-KADLU,Male,Yes,3,No,Yes,DSL,Yes,Month-to-month,No,Mailed check,61,49168,0,3.1,9.1,No
8065-BVEPF,Male,No,65,Yes,No,Fiber optic,No,Month-to-month,No,Bank transfer (automatic),32,111193,675.1,3.4,6,No
3796-ENZGF,Male,No,,Yes,Yes,DSL,Yes,Two year,Yes,Mailed check,78,57712,964.1,1.7,6.7,No
1734-ZMNTZ,Female,No,11,Yes,Yes,No,No internet service,Two year,No,,49,90051,584.4,3.7,7.1,No
2853-CWQFQ,Male,No,1,Yes,Yes,DSL,Yes,Month-to-month,No,Mailed check,64,34694,423.8,0,7.2,No
0813-TAXXS,Male,No,55,Yes,No,DSL,No,Two year,Yes,Bank transfer (automatic),52,41299,265.8,1.6,6.7,No
2519-TWKFS,Male,Yes,25,Yes,No,DSL,Yes,One year,Yes,Mailed check,36,66143,623.4,0,5.8,No
2889-FPWRM,Male,Yes,72,Yes,Yes,Fiber optic,Yes,One year,Yes,Bank transfer (automatic),44,74798,949.3,2.3,5,Yes
0626-QXNGV,Female,No,72,Yes,No phone service,No,No internet service,Two year,Yes,Credit card (automatic),29,28486,593,0,9.8,No
6723-CEGQI,Female,No,65,No,No phone service,DSL,Yes,Two year,Yes,Mailed check,66,104761,0,3.6,7.5,No
6987-XQSJT,Female,No,54,Yes,Yes,Fiber optic,No,Month-to-month,Yes,,34,67098,767.8,8.8,3.7,Yes
4732-RRJZC,Male,No,7,Yes,No,No,No internet service,Month-to-month,No,Mailed check,47,46032,679.9,0,5.9,No
9499-XPZXM,Female,No,72,Yes,No,DSL,Yes,Two year,Yes,Bank transfer (automatic),24,44063,624.4,1.6,7.4,No
4338-EYCER,Male,No,21,Yes,No phone service,DSL,No,Month-to-month,Yes,Bank transfer (automatic),42,39570,267.3,1.7,7.1,No
3007-FDPEA,Female,No,2,Yes,Yes,No,No internet service,Month-to-month,Yes,Bank transfer (automatic),74,26059,576,,8,No
6350-XFYGW,Male,No,4,Yes,Yes,Fiber optic,No,Month-to-month,No,Electronic check,53,159016,435.3,13.6,6.1,No
4290-BSXUX,Male,Yes,3,Yes,Yes,Fiber optic,Yes,Month-to-month,Yes,Bank transfer (automatic),69,62154,534.1,5.3,6.9,Yes
8513-OLYGY,Male,Yes,72,Yes,No,Fiber optic,Yes,Two year,No,Credit card (automatic),62,41611,422.6,0,7.3,No
0311-QYWSS,Female,No,6,Yes,Yes,DSL,No,Month-to-month,Yes,Electronic check,45,45346,309.7,13.7,7.1,No
8705-DWKTI,Male,No,52,Yes,No,Fiber optic,No,Month-to-month,No,,74,68874,297.6,0.2,6.7,No
8755-IWJHN,Male,No,69,Yes,No,Fiber optic,No,Month-to-month,No,Bank transfer (automatic),30,78214,613,0.2,6.6,No
0325-XBFAC,Male,No,8,Yes,No,Fiber optic,No,Month-to-month,Yes,Electronic check,31,28213,818.7,5.1,,Yes
4480-QQRHC,Female,No,8,Yes,No phone service,Fiber optic,No,Month-to-month,Yes,Bank transfer (automatic),52,56647,440.8,1,9.6,No
0929-PECLO,Female,Yes,63,Yes,No,Fiber optic,No,Month-to-month,Yes,Bank transfer (automatic),68,36999,628.3,4.4,4.9,No
3680-CTHUH,Male,No,60,Yes,No,Fiber optic,Yes,One year,Yes,Credit card (automatic),38,55484,520.3,0.7,6.1,No
1202-KKGFU,Female,No,12,Yes,No,DSL,Yes,Month-to-month,Yes,Bank transfer (automatic),85,68811,293.5,0.4,7,No
6112-KTHFQ,Female,Yes,13,Yes,Yes,No,No internet service,Month-to-month,Yes,Mailed check,56,79532,265.2,0,6.4,No
1852-XEMDW,Male,No,22,Yes,No,DSL,No,Month-to-month,No,Mailed check,36,70333,392.3,7.3,5.5,No
2462-XIIJB,Male,No,5,Yes,Yes,Fiber optic,No,Month-to-month,No,Electronic check,34,99252,265.8,10.9,5.5,Yes
4760-XOHVN,Female,No,1,Yes,Yes,No,No internet service,Month-to-month,Yes,Mailed check,21,24971,583.6,3.5,7.2,Yes
1820-DJFPH,Female,No,72,Yes,No,No,No internet service,Two year,Yes,Bank transfer (automatic),31,49487,679.3,0,8,No
9426-SXNHE,Female,No,2,Yes,No,No,No internet service,Month-to-month,Yes,Bank transfer (automatic),31,88344,322,4.7,9.6,No
9068-FHQHD,Female,No,40,Yes,No,No,No internet service,Two year,Yes,Bank transfer (automatic),52,,457.8,2.3,7.3,No
1269-FOYWN,Male,No,44,Yes,No,No,No internet service,One year,Yes,Bank transfer (automatic),59,37464,416,4.3,6.7,No
9470-YFUYI,Male,No,71,Yes,No,DSL,Yes,One year,No,Bank transfer (automatic),73,42712,301.8,0.3,6.4,No
7817-BOQPW,Female,No,2,Yes,Yes,Fiber optic,No,Month-to-month,Yes,Electronic check,78,69109,389.5,2.5,4.4,Yes
7402-EYFXX,Male,No,26,Yes,No,Fiber optic,No,Month-to-month,Yes,Electronic check,47,134017,674,3.6,,No
1853-UDXBW,Male,No,1,Yes,No phone service,Fiber optic,No,Month-to-month,No,Electronic check,44,122288,707,3.6,7.4,Yes
9895-VFOXH,Female,Yes,1,No,No,DSL,No,Month-to-month,Yes,Mailed check,20,45119,0,0.8,8.6,No
5458-CQJTA,Male,No,65,Yes,No,DSL,Yes,Two year,No,Bank transfer (automatic),53,29778,62.2,4,8.8,Yes
1230-QAJDW,Male,No,3,Yes,No,DSL,Yes,Month-to-month,Yes,Mailed check,24,72335,654.6,6.5,8,No
5701-ZIKJE,Male,No,13,Yes,Yes,DSL,Yes,Month-to-month,Yes,Mailed check,49,18000,322,4.2,7,No
5219-YIPTK,Female,No,33,Yes,No,Fiber optic,No,Month-to-month,Yes,Electronic check,,92103,588.8,3.1,5.3,Yes
5032-MIYKT,Female,No,1,Yes,No,Fiber optic,No,Month-to-month,Yes,Mailed check,38,36026,592.8,6.1,9.2,No
7396-VJUZB,Male,No,4,Yes,No,DSL,No,Month-to-month,No,Mailed check,63,24588,339.4,1.9,6.6,No
9717-QEBGU,Male,No,2,Yes,No,Fiber optic,No,Month-to-month,Yes,Electronic check,52,190532,618.8,6.2,,No
5172-RKOCB,Male,No,72,Yes,No,Fiber optic,Yes,Two year,Yes,Credit card (automatic),46,41737,25,0.4,8.5,No
6509-TSGWN,Female,No,37,Yes,Yes,No,No internet service,Month-to-month,No,Mailed check,36,48280,375.2,2.7,8.3,No
3540-RZJYU,Female,No,15,Yes,No,Fiber optic,No,Month-to-month,No,,77,59415,550.8,6.6,6.4,Yes
3178-CIFOT,Female,No,23,Yes,Yes,No,No internet service,One year,No,Credit card (automatic),42,93219,404.4,1.2,8,No
2091-MJTFX,Female,No,30,No,Yes,DSL,Yes,Month-to-month,No,Credit card (automatic),36,57425,0,1.7,6.7,Yes
4530-NDRKU,Female,No,42,Yes,Yes,No,No internet service,One year,Yes,Electronic check,74,171734,535.9,2.1,3.6,No
5985-TBABQ,Female,No,32,Yes,Yes,DSL,No,One year,No,,44,58568,565.2,6,8.5,No
9800-ONTFE,Female,No,22,Yes,No,Fiber optic,No,Month-to-month,Yes,Bank transfer (automatic),75,50720,581.7,2.8,5.6,No
6743-HHQPF,Male,No,42,No,No,DSL,No,Month-to-month,Yes,Credit card (automatic),79,87946,0,5.5,5,No
8455-HIRAQ,Female,No,8,Yes,Yes,DSL,No,Month-to-month,Yes,Mailed check,54,47155,273.9,0.2,6.7,No
6616-AALSR,Female,No,65,Yes,Yes,Fiber optic,No,Two year,No,Credit card (automatic),23,88336,481.7,1.2,7.6,No
0883-EIBTI,Female,No,2,Yes,Yes,No,No internet service,Month-to-month,Yes,Mailed check,32,52243,293.9,5.9,5.9,Yes
9415-ZNBSX,Female,No,,Yes,No,DSL,Yes,Two year,Yes,Bank transfer (automatic),64,64909,670.9,1.1,7.2,No
4018-KJYUY,Male,No,22,Yes,Yes,No,No internet service,Month-to-month,No,Credit card (automatic),26,137820,655.9,0,8,No
0722-TROQR,Female,No,4,Yes,Yes,Fiber optic,No,Month-to-month,Yes,Electronic check,43,59635,672.8,3.9,6.5,Yes
7571-YXDAD,Female,No,2,Yes,Yes,Fiber optic,No,Month-to-month,Yes,Credit card (automatic),32,88539,447.4,5.4,7.5,Yes
3884-UEBXB,Female,No,67,No,No,DSL,No,Two year,Yes,,44,66133,0,1.1,8.3,No
8780-RSYYU,Female,No,25,Yes,Yes,No,No internet service,Month-to-month,No,Credit card (automatic),48,27741,176.6,2.3,7.7,No
5537-UXXVS,Female,No,20,Yes,Yes,No,No internet service,Month-to-month,Yes,Bank transfer (automatic),37,52164,606.5,1.2,6.9,No
1791-PQHBB,Female,No,2,Yes,Yes,DSL,No,Month-to-month,Yes,Credit card (automatic),18,62580,318.6,0.5,7.6,No
8701-DGLVH,Male,No,51,Yes,Yes,No,No internet service,Two year,Yes,Mailed check,37,22352,788.1,0.8,7.9,No
8741-LQOBK,Female,No,46,No,No phone service,DSL,No,Month-to-month,Yes,Bank transfer (automatic),,75127,0,3.6,8,No
3393-FMZPV,Female,No,25,Yes,No,Fiber optic,No,Month-to-month,Yes,Electronic check,48,105120,738.5,6.1,3.2,Yes
8082-GHXOP,Male,No,13,Yes,Yes,DSL,No,Month-to-month,Yes,Mailed check,57,56169,297.7,3.3,6.3,No
6402-ZFPPI,Female,No,25,Yes,No phone service,Fiber optic,No,Month-to-month,Yes,Mailed check,28,62199,435.9,4.1,4.8,Yes
0980-FEXWF,Male,No,26,Yes,Yes,DSL,No,One year,Yes,Mailed check,73,75911,508.9,,7.8,No
7486-KSRVI,Male,No,43,Yes,Yes,Fiber optic,Yes,One year,Yes,Electronic check,76,94527,148,9.8,4,Yes
3011-WQKSZ,Male,No,19,Yes,No,No,No internet service,Month-to-month,Yes,Electronic check,32,,530.8,3.5,7.6,No
8443-WVPSS,Male,Yes,10,Yes,No,Fiber optic,Yes,Month-to-month,Yes,Electronic check,37,72278,817.9,3.7,6.7,Yes
3006-XIMLN,Female,No,2,Yes,No,Fiber optic,No,Month-to-month,Yes,Bank transfer (automatic),18,50622,736.9,2.2,7,Yes
8218-FFJDS,Female,No,72,Yes,Yes,DSL,Yes,Two year,Yes,Bank transfer (automatic),73,63234,631.4,1.8,5.1,No
1986-PHGZF,Male,No,18,Yes,Yes,DSL,No,Month-to-month,Yes,Credit card (automatic),48,75809,529.3,0.6,7.8,No
9965-YOKZB,Male,No,9,Yes,No,Fiber optic,No,Month-to-month,Yes,Electronic check,58,60318,424.1,14.5,7.2,Yes
0504-HHAPI,Female,No,27,Yes,Yes,Fiber optic,No,Month-to-month,No,Credit card (automatic),38,57368,25,4.4,6.3,Yes
9360-OMDZZ,Male,Yes,24,Yes,No,Fiber optic,No,Month-to-month,Yes,Electronic check,36,39238,706.4,0.1,5.6,No
6305-YLBMM,Male,No,69,Yes,No,Fiber optic,Yes,One year,Yes,Bank transfer (automatic),62,58469,526,3.2,6,Yes
0345-XMMUG,Female,Yes,46,Yes,No,Fiber optic,Yes,Two year,Yes,Credit card (automatic),66,86776,756.7,0.6,6.7,No
8024-XNAFQ,Female,No,72,Yes,Yes,Fiber optic,Yes,Two year,Yes,Bank transfer (automatic),22,82182,733.3,0,8,No
3647-GMGDH,Male,No,22,Yes,No phone service,Fiber optic,No,Month-to-month,No,Credit card (automatic),44,50922,234.3,1.8,7,Yes
2988-GBIVW,Female,No,70,Yes,Yes,Fiber optic,No,Month-to-month,Yes,Electronic check,35,57351,819.8,9.6,8.9,No
2832-SCUCO,Female,No,2,Yes,No,No,No internet service,Month-to-month,Yes,Electronic check,32,42544,392,5.5,5.8,No
7036-ZZKBD,Male,No,31,Yes,Yes,DSL,Yes,Month-to-month,No,Credit card (automatic),50,40236,404,2,6.3,No
3791-LGQCY,Female,No,56,Yes,Yes,Fiber optic,No,Month-to-month,No,,50,67634,485.3,2.3,2.5,Yes
0265-PSUAE,Female,No,16,Yes,Yes,Fiber optic,No,Month-to-month,Yes,Bank transfer (automatic),26,33825,591.2,3.8,5.8,No
0463-TXOAK,Male,No,52,Yes,No,No,No internet service,Two year,Yes,Credit card (automatic),30,36354,604.9,3.8,7.7,No
0594-UFTUL,Male,No,13,Yes,Yes,No,No internet service,Month-to-month,No,Mailed check,30,45296,,2.3,5.1,No
9509-MPYOD,Female,No,35,Yes,Yes,No,No internet service,One year,Yes,Mailed check,34,65348,331.2,4.5,8.5,No
9128-CPXKI,Female,No,59,Yes,Yes,Fiber optic,No,Two year,Yes,Electronic check,43,71725,574,4.1,5.9,No
0129-KPTWJ,Male,No,72,Yes,Yes,Fiber optic,No,Month-to-month,Yes,Electronic check,43,66078,494.2,22.2,5.9,No
8166-ZZTFS,Female,No,66,Yes,Yes,DSL,No,Two year,Yes,Bank transfer (automatic),34,44908,919.1,2.4,6.2,Yes
5855-EIBDE,Female,No,49,Yes,Yes,Fiber optic,Yes,Two year,No,Credit card (automatic),50,123715,545.6,0.4,6.2,No
5365-LLFYV,Female,No,2,Yes,Yes,DSL,No,Month-to-month,Yes,Mailed check,38,104640,389.2,4.1,8.6,No
5956-YHHRX,Male,No,21,Yes,No phone service,Fiber optic,No,Month-to-month,Yes,Electronic check,37,56850,558.8,2.6,7.6,No
6008-NAIXK,Male,Yes,54,No,No phone service,DSL,No,One year,Yes,Electronic check,,40438,0,3.4,7.2,No
2956-GGUCQ,Male,No,24,Yes,No,Fiber optic,No,Month-to-month,No,Electronic check,60,89814,609.1,7.8,6,Yes
1928-BXYIV,Male,No,1,Yes,Yes,DSL,No,Month-to-month,Yes,Electronic check,36,53989,569.6,2.5,9.9,No
5760-FXFVO,Male,Yes,6,Yes,No,Fiber optic,No,Month-to-month,No,Electronic check,54,105393,227.9,13.4,6.9,No
6595-COKXZ,Female,No,1,Yes,Yes,DSL,No,Month-to-month,No,Mailed check,26,25598,63.2,4.4,5.6,Yes
0961-ZWLVI,Male,No,49,Yes,No,Fiber optic,No,One year,Yes,Credit card (automatic),53,132031,681.7,1.5,7.5,No
5181-OABFK,Female,No,56,Yes,No,DSL,No,Two year,Yes,Credit card (automatic),27,58327,590.6,1.9,8.3,No
4007-NHVHI,Female,No,56,Yes,No,Fiber optic,No,Month-to-month,Yes,Electronic check,34,75399,325.1,9.6,6.9,No
7816-VGHTO,Female,No,6,No,No,DSL,Yes,Two year,No,Mailed check,52,59813,0,0.2,8.5,No
5871-DGTXZ,Male,No,32,Yes,Yes,No,No internet service,One year,No,Mailed check,37,82535,415.4,2.2,8.1,No
7550-WIQVA,Male,Yes,50,Yes,No,Fiber optic,No,One year,No,Electronic check,25,49535,514.3,4.1,7.7,No
7544-ZVIKX,Male,No,58,Yes,Yes,Fiber optic,Yes,One year,No,Bank transfer (automatic),49,39798,577.3,1.5,8.8,No
0016-QLJIS,Female,No,65,Yes,No,DSL,Yes,Two year,No,Mailed check,36,49414,703.8,1.6,7.8,No
7508-DQAKK,Female,No,64,Yes,No,DSL,Yes,Two year,No,Credit card (automatic),18,40789,535.4,0.7,8.3,No
5176-OLSKT,Female,No,66,Yes,Yes,DSL,No,Two year,Yes,Bank transfer (automatic),51,75507,650.2,1.1,7.5,No
9356-AXGMP,Male,No,38,Yes,No,Fiber optic,Yes,One year,No,,54,40042,858.6,3.3,7.4,No
3556-BVQGL,Female,No,20,Yes,Yes,No,No internet service,One year,No,Mailed check,56,46143,621.3,0,8.9,No
0362-ZBZWJ,Male,No,36,Yes,No,Fiber optic,No,Month-to-month,Yes,Electronic check,27,137935,597.7,4.9,4.7,Yes
8979-CAMGB,Male,No,64,Yes,No phone service,Fiber optic,Yes,One year,No,Electronic check,,27891,591.5,1.5,7.9,No
4211-MMAZN,Male,Yes,1,Yes,Yes,No,No internet service,Month-to-month,Yes,Mailed check,74,47564,603.8,3.8,5.6,Yes
7581-EBBOU,Female,No,60,Yes,No,DSL,Yes,One year,No,Credit card (automatic),78,57647,576.9,0.7,7.9,No
4274-OWWYO,Male,Yes,1,Yes,Yes,Fiber optic,No,Month-to-month,No,Electronic check,77,60687,664.7,6.9,6.6,Yes
5073-RZGBK,Female,Yes,50,Yes,Yes,DSL,Yes,One year,Yes,Bank transfer (automatic),60,88511,581.7,1.6,6.7,No
1541-ETJZO,Male,No,1,Yes,No,DSL,Yes,Month-to-month,No,Mailed check,43,94479,695.2,6.6,7.9,Yes
2192-CKRLV,Female,Yes,72,No,Yes,DSL,No,Two year,No,Electronic check,48,,0,1.9,7.9,No
3154-HMWUU,Male,No,60,Yes,No,No,No internet service,Two year,No,Bank transfer (automatic),40,115442,559.8,0.9,7.3,No
6119-SPUDB,Male,No,46,No,No phone service,DSL,Yes,Two year,No,Mailed check,57,77415,0,1.9,9.9,No
6522-OIQSX,Female,No,69,No,No,DSL,No,Two year,Yes,Credit card (automatic),39,63029,0,0.6,8.8,No
7813-ZGGAW,Male,No,31,Yes,No,Fiber optic,Yes,Month-to-month,No,Bank transfer (automatic),39,27657,399.8,0,5.4,No
8748-HFWBO,Male,No,19,Yes,No,No,No internet service,One year,Yes,Mailed check,30,49103,448.8,0,6.7,No
1052-QJIBV,Female,No,71,Yes,Yes,No,No internet service,Two year,Yes,Credit card (automatic),53,41639,361.9,2,9.4,No
1319-YLZJG,Male,No,12,Yes,No,Fiber optic,No,Month-to-month,Yes,Electronic check,35,46166,626.5,1.1,6.8,No
4106-HADHQ,Male,No,39,Yes,No,DSL,Yes,One year,No,Credit card (automatic),34,58064,432.9,4.9,,Yes
0723-FDLAY,Male,No,44,Yes,No,DSL,Yes,One year,No,Bank transfer (automatic),60,68873,558.7,0.4,7.8,No
3050-RLLXC,Female,No,56,Yes,Yes,DSL,Yes,Two year,No,Credit card (automatic),74,51597,536.4,1,8.1,No
9298-WGMRW,Female,No,72,Yes,Yes,Fiber optic,Yes,Two year,No,Bank transfer (automatic),80,34250,709,1.7,5.7,No
2369-UAPKZ,Male,No,5,Yes,No phone service,Fiber optic,No,Month-to-month,Yes,Mailed check,48,45978,509.6,3.4,7.1,Yes
3088-LHEFH,Female,No,11,Yes,Yes,Fiber optic,No,Month-to-month,No,Bank transfer (automatic),38,21822,698,0.9,7.3,No
2778-OCLGR,Male,No,24,No,Yes,DSL,No,Month-to-month,Yes,Bank transfer (automatic),51,72019,0,9.2,7.7,Yes
6583-KQJLK,Female,No,15,Yes,No,Fiber optic,No,Month-to-month,No,Electronic check,77,66054,365.6,6.4,6.4,No
8544-JNBOX,Male,No,72,Yes,No phone service,No,No internet service,Two year,No,Mailed check,51,18000,329.2,2.5,8.2,No
6681-ZSEXG,Male,No,56,Yes,No,DSL,No,Two year,Yes,Credit card (automatic),58,35736,664.1,0,,No
6139-ZZRBQ,Male,No,64,Yes,No,No,No internet service,Two year,No,Bank transfer (automatic),32,61461,73.3,1,9,No
6116-RFVHN,Female,No,34,Yes,Yes,Fiber optic,No,Month-to-month,Yes,Electronic check,19,98529,530.8,6.8,5.5,No
0637-KVDLV,Male,No,2,Yes,No,Fiber optic,No,Month-to-month,Yes,Electronic check,31,40026,655,2.7,7.3,Yes
8884-FEEWR,Male,No,35,Yes,No,No,No internet service,One year,No,Bank transfer (automatic),28,46499,393.4,0.4,7.4,No
3125-RAHBV,Male,No,22,Yes,Yes,No,No internet service,One year,No,Credit card (automatic),44,41369,758.3,5.9,6.4,No
6633-MPWBS,Male,No,5,Yes,No,DSL,Yes,Month-to-month,Yes,Electronic check,39,65179,363.6,10.2,6.3,Yes
0373-AIVNJ,Male,No,9,No,Yes,DSL,No,One year,Yes,Mailed check,81,86030,0,0.8,6.8,No
8785-EPNCG,Male,No,11,Yes,Yes,No,No internet service,Month-to-month,Yes,Credit card (automatic),18,92662,370.8,4,5.7,Yes
1682-VCOIO,Male,No,23,Yes,Yes,No,No internet service,One year,Yes,Mailed check,35,31835,554.3,1.3,6.9,No
5729-KLZAR,Female,No,4,Yes,No,Fiber optic,No,Month-to-month,Yes,Electronic check,41,65585,425.7,16.6,6.4,Yes
2072-ZVJJX,Male,No,68,Yes,No phone service,No,No internet service,Two year,No,Bank transfer (automatic),45,33145,332.8,1.9,6.7,No
8849-AYPTR,Male,No,33,Yes,Yes,Fiber optic,No,Month-to-month,Yes,Electronic check,72,57116,272,9.4,6.4,No
9518-IMLHK,Male,No,31,Yes,Yes,DSL,Yes,Month-to-month,No,Bank transfer (automatic),42,39160,70.7,1.9,4.9,No
1582-RAFML,Male,No,1,Yes,No,DSL,Yes,Month-to-month,No,Mailed check,51,91901,838.3,6.6,3.3,Yes
3646-ITDGM,Female,No,56,Yes,No,No,No internet service,Two year,Yes,Bank transfer (automatic),50,127916,507.5,0.7,6,No
8740-CRYFY,Male,No,1,Yes,No,Fiber optic,No,Month-to-month,No,Electronic check,53,75802,251.7,3.7,5.6,Yes
3569-VLDHH,Male,No,66,Yes,No,DSL,Yes,One year,No,Electronic check,43,63308,480.2,0.4,4.7,No
8224-KDLKN,Male,No,72,Yes,No,No,No internet service,Two year,Yes,Bank transfer (automatic),29,62800,365.9,0.9,5.9,No
7594-LZNWR,Male,No,34,Yes,No,Fiber optic,No,Month-to-month,Yes,Credit card (automatic),42,76838,,0.8,6,No
4001-TSBTV,Female,No,58,Yes,No,Fiber optic,No,Month-to-month,Yes,Electronic check,30,61138,555.6,2.2,5.8,No
2962-XPMCQ,Male,No,2,Yes,No,DSL,No,Month-to-month,Yes,Electronic check,44,59732,559.3,2.9,,Yes
8727-XDPUD,Male,No,37,No,No phone service,DSL,No,Two year,Yes,Credit card (automatic),49,44654,0,1.2,6.1,No
1043-UXOVO,Female,No,71,Yes,Yes,Fiber optic,Yes,Two year,No,Credit card (automatic),51,51434,822.5,1.5,7.3,No
1064-FBXNK,Male,No,1,Yes,No,No,No internet service,One year,Yes,Credit card (automatic),32,36893,559.7,1.1,6.7,No
3996-ZNWYK,Male,No,71,Yes,Yes,No,No internet service,Two year,No,Credit card (automatic),52,75414,692.7,1.2,7.5,No
2878-DHMIN,Male,Yes,35,Yes,Yes,No,No internet service,One year,Yes,Electronic check,43,67105,415.5,3.2,7,No
7762-ONLJY,Female,No,6,Yes,Yes,No,No internet service,One year,Yes,Mailed check,37,62850,569.4,0.4,7.8,No
1678-FYZOW,Female,Yes,3,Yes,Yes,Fiber optic,No,Month-to-month,No,Electronic check,51,103702,433.9,4.3,5.7,Yes
5795-BKOYE,Female,No,69,Yes,No,DSL,Yes,One year,Yes,Bank transfer (automatic),54,62143,420.5,0.5,6.4,No
8627-EHGIP,Male,No,44,No,No,DSL,No,One year,No,Mailed check,44,66687,0,4,6.9,Yes
7402-PWYJJ,Female,No,53,Yes,No phone service,Fiber optic,Yes,One year,No,Electronic check,54,45553,862.6,3.6,6.6,No
5480-TBGPH,Female,No,24,Yes,Yes,Fiber optic,No,Month-to-month,Yes,Credit card (automatic),59,60053,732.4,3.2,5.4,Yes
0018-NYROU,Female,Yes,,Yes,No,Fiber optic,No,Month-to-month,No,Electronic check,42,61989,695.8,1.3,5.3,No
7501-VTYLJ,Female,No,2,Yes,No,DSL,No,Month-to-month,Yes,Mailed check,47,70205,355.4,4.3,5.6,No
7608-RGIRO,Male,No,62,Yes,Yes,No,No internet service,Two year,No,,34,54910,747.7,0,7.1,No
0480-BIXDE,Female,No,,Yes,No phone service,Fiber optic,No,Month-to-month,Yes,Electronic check,20,40521,326.7,16.8,7.9,No
5895-QSXOD,Male,No,9,Yes,No,Fiber optic,No,Month-to-month,Yes,Mailed check,66,58804,705.7,4.3,5.1,No
9814-AOUDH,Male,No,53,Yes,Yes,No,No internet service,Two year,Yes,Credit card (automatic),84,57939,442.3,1.4,7.3,No
6175-IRFIT,Male,No,5,Yes,No,Fiber optic,No,Month-to-month,Yes,Mailed check,48,37022,305.9,6.2,8,No
8760-ZRHKE,Female,No,71,Yes,Yes,DSL,No,One year,No,Electronic check,42,46596,614,0,7.1,No
1622-HSHSF,Female,No,1,Yes,Yes,No,No internet service,Month-to-month,Yes,Mailed check,77,73954,565.6,2.7,6.3,No
8854-CCVSQ,Male,No,18,Yes,No,Fiber optic,No,Month-to-month,No,Electronic check,39,86721,789.4,6.5,4.8,Yes
6749-UTDVX,Male,No,72,Yes,Yes,Fiber optic,No,Two year,No,Electronic check,56,89858,453.5,1.5,6.7,No
5542-DHSXL,Female,No,4,Yes,No,DSL,No,Month-to-month,Yes,Mailed check,34,51940,501.9,4.7,8.1,No
9102-OXKFY,Male,No,59,Yes,No,DSL,No,Two year,No,Credit card (automatic),18,94538,487.8,2.1,7.2,No
0511-JTEOY,Female,No,1,Yes,No,Fiber optic,No,Month-to-month,Yes,Mailed check,24,79267,574.6,,5.4,Yes
5216-WASFJ,Female,No,31,Yes,No,Fiber optic,No,Month-to-month,No,Electronic check,38,129797,653.4,3.3,6.9,No
7808-DVWEP,Male,No,3,Yes,No phone service,No,No internet service,Month-to-month,Yes,Bank transfer (automatic),37,36231,529.5,1.8,5,No
7067-KSAZT,Female,Yes,65,Yes,No,Fiber optic,No,One year,Yes,Electronic check,54,48153,552.3,3.1,6.7,Yes
2284-VFLKH,Male,No,49,Yes,Yes,Fiber optic,Yes,One year,Yes,Credit card (automatic),48,93418,495.8,1.5,7.3,No
0366-NQSHS,Male,No,2,Yes,Yes,No,No internet service,Month-to-month,No,Mailed check,64,52996,381.5,2.1,7.2,No
6532-YLWSI,Female,No,53,Yes,No,No,No internet service,One year,Yes,Bank transfer (automatic),57,48328,313.6,4.8,8,Yes
3807-BPOMJ,Female,No,55,Yes,Yes,Fiber optic,No,One year,Yes,Electronic check,33,44024,202.2,2.4,7.9,No
3892-NXAZG,Male,No,72,Yes,Yes,Fiber optic,Yes,Two year,No,Credit card (automatic),64,47305,662.8,1.7,9.7,No
4948-WBBKL,Female,No,36,Yes,No,Fiber optic,No,Month-to-month,Yes,Bank transfer (automatic),40,26304,288.2,4.8,8.4,No
4182-BGSIQ,Female,No,10,Yes,No,No,No internet service,Month-to-month,No,Bank transfer (automatic),35,109565,292.1,2.4,4.1,No
9300-AGZNL,Male,No,1,Yes,No,Fiber optic,No,Month-to-month,No,Electronic check,44,27271,803.5,9.4,4.4,Yes
0988-AADSA,Female,No,72,Yes,Yes,DSL,Yes,Two year,No,Bank transfer (automatic),62,41800,547.2,3,8,No
9972-NKTFD,Female,No,28,Yes,No,DSL,Yes,Month-to-month,Yes,Bank transfer (automatic),48,49298,366.2,2.3,5,No
3717-LNXKW,Male,No,38,Yes,No,Fiber optic,No,Month-to-month,No,Bank transfer (automatic),41,28220,664.3,,5.2,No
5734-EJKXG,Female,No,61,Yes,Yes,Fiber optic,Yes,One year,Yes,Electronic check,59,,444.5,6.5,9.9,No
2207-RYYRL,Male,No,52,Yes,Yes,No,No internet service,Two year,Yes,Mailed check,55,27884,507.7,0.9,7.8,No
6729-FZWSY,Male,No,67,Yes,No,No,No internet service,One year,Yes,Mailed check,32,37798,670.5,1.7,7,No
9695-IDRZR,Female,Yes,34,Yes,No,Fiber optic,Yes,Two year,No,Credit card (automatic),19,36193,359.9,1,5.8,No
8144-DGHXP,Female,Yes,,Yes,No phone service,DSL,Yes,Two year,Yes,Electronic check,38,122863,407.8,2.5,7.7,No
7814-LEEVE,Female,No,1,Yes,Yes,No,No internet service,Month-to-month,Yes,Bank transfer (automatic),39,37008,325.7,4.3,5.2,No
1112-CUNAO,Female,No,15,Yes,Yes,Fiber optic,No,Month-to-month,Yes,Electronic check,64,50145,690.2,4.4,5,Yes
5175-AOBHI,Female,No,4,Yes,No,DSL,No,Month-to-month,No,Mailed check,78,61447,114.5,7.9,4.1,Yes
5174-RNGBH,Female,No,9,Yes,Yes,DSL,Yes,Month-to-month,No,Mailed check,72,53664,425.8,4.2,6.1,Yes
8631-WUXGY,Female,No,46,Yes,No phone service,Fiber optic,No,Month-to-month,Yes,Electronic check,70,98987,717.4,4,5.6,No
7270-BDIOA,Female,No,22,Yes,Yes,Fiber optic,Yes,Month-to-month,No,Electronic check,38,63968,639.7,1.7,6.1,Yes
9565-JSNFM,Male,No,38,Yes,No,Fiber optic,No,One year,Yes,Bank transfer (automatic),19,69299,283.4,2.6,4.2,Yes
5906-DVAPM,Female,Yes,55,Yes,No phone service,DSL,Yes,One year,No,Credit card (automatic),62,88722,720.3,1.4,8.1,No
6654-QGBZZ,Female,No,1,Yes,Yes,No,No internet service,Month-to-month,No,Mailed check,52,22096,448.1,1.2,8.2,No
8348-JLBUG,Male,No,64,Yes,No,Fiber optic,No,One year,No,Credit card (automatic),41,46826,485.3,0.2,4.5,No
0607-DAAHE,Male,No,53,Yes,Yes,No,No internet service,Two year,Yes,Bank transfer (automatic),74,80121,539.6,3.7,6,Yes
5641-DMBFJ,Female,Yes,58,Yes,No,DSL,Yes,Two year,No,Electronic check,,58001,896.8,,7.5,No
9200-NLNPD,Male,No,56,No,No,DSL,Yes,One year,Yes,Bank transfer (automatic),50,55067,0,1.9,6.7,No
2664-XJZNO,Male,No,72,Yes,Yes,Fiber optic,Yes,Two year,Yes,Credit card (automatic),41,45825,411.8,2.1,6.7,No
9732-KPKBW,Male,No,,Yes,No,DSL,Yes,Month-to-month,No,Electronic check,59,141187,715.3,11.3,6.7,Yes
3339-EAQNV,Male,No,72,Yes,No,Fiber optic,No,One year,Yes,Credit card (automatic),40,57535,714.1,1.5,7.7,No
0921-OHLVP,Male,No,22,Yes,No phone service,Fiber optic,No,Month-to-month,Yes,Electronic check,71,85838,645.7,2.1,7.6,No
3389-YGYAI,Female,No,8,Yes,No,Fiber optic,No,Month-to-month,Yes,Electronic check,44,18000,396,4,3.6,Yes
9560-ARGQJ,Female,Yes,16,Yes,Yes,Fiber optic,No,Month-to-month,Yes,Electronic check,31,86488,664.3,3.7,6.3,Yes
8350-NYMVI,Female,No,39,No,No,DSL,Yes,Month-to-month,No,Bank transfer (automatic),49,34120,0,6.7,7.8,No
1600-DILPE,Female,No,12,Yes,Yes,DSL,No,Month-to-month,No,Bank transfer (automatic),82,46510,390,0.3,6,No
0536-ESJEP,Male,No,54,Yes,No,DSL,No,Two year,No,Bank transfer (automatic),32,31261,527.3,2,8.7,No
4654-GGUII,Female,No,18,No,No,DSL,Yes,One year,No,Mailed check,45,40574,0,1.9,7.7,No
6478-HRRCZ,Male,No,32,Yes,No,DSL,Yes,One year,Yes,Mailed check,18,21662,485.9,1.7,8,No
8510-BBWMU,Female,Yes,41,Yes,No,No,No internet service,One year,Yes,Mailed check,33,115377,400.6,1.3,8.9,No
6857-TKDJV,Male,No,67,Yes,No,No,No internet service,Two year,No,Bank transfer (automatic),19,87365,471.6,0.3,9.1,No
2360-RDGRO,Male,No,,Yes,No,Fiber optic,No,Month-to-month,No,Electronic check,65,30467,281.7,2.9,5.6,No
0584-BJQGZ,Female,Yes,25,Yes,Yes,DSL,Yes,Month-to-month,Yes,Bank transfer (automatic),64,46202,596.9,0.1,8.2,No
5134-IKDAY,Female,No,1,Yes,Yes,Fiber optic,No,Month-to-month,Yes,Electronic check,71,42495,458.3,4.8,5.4,Yes
1360-XFJMR,Female,No,67,Yes,No,Fiber optic,Yes,One year,Yes,Credit card (automatic),34,34847,792.7,1.2,6.1,No
3070-DVEYC,Male,Yes,7,Yes,No,Fiber optic,No,Month-to-month,Yes,Mailed check,45,45921,486.9,4.8,6.1,Yes
5730-RIITO,Female,No,43,No,No,DSL,No,Month-to-month,Yes,Credit card (automatic),35,78088,0,0.5,9.1,No
9058-MJLZC,Female,No,24,Yes,No,Fiber optic,No,Month-to-month,Yes,Electronic check,46,137821,547.5,7.5,7,No
5707-ORNDZ,Male,No,9,Yes,No phone service,DSL,No,Month-to-month,No,Electronic check,39,51899,735.1,7.7,5.8,Yes
0902-XKXPN,Male,No,69,Yes,Yes,No,No internet service,Two year,No,Bank transfer (automatic),74,60947,425.7,1.4,7.8,No
5177-RVZNU,Female,No,37,Yes,No phone service,No,No internet service,One year,Yes,Bank transfer (automatic),76,145846,334.1,2.7,8.1,No
0056-EPFBG,Male,No,20,No,No phone service,DSL,Yes,Two year,No,Credit card (automatic),28,47168,0,1.7,7.1,No
8993-IZEUX,Male,No,7,Yes,Yes,Fiber optic,No,Month-to-month,No,Bank transfer (automatic),36,25925,362.8,6.5,6.2,No
8696-JKZNU,Female,No,37,Yes,No,Fiber optic,No,Month-to-month,No,Electronic check,51,54397,592.9,7.3,7.1,Yes
5380-AFSSK,Female,No,5,Yes,No,Fiber optic,No,Month-to-month,Yes,Mailed check,82,82442,780.6,4,7.3,Yes
8190-ZTQFB,Male,No,41,No,Yes,DSL,No,One year,No,Electronic check,33,49308,0,0,,No
0931-MHTEM,Female,Yes,54,Yes,No,Fiber optic,No,One year,Yes,Credit card (automatic),29,18000,499.1,,5.5,No
2055-PDADH,Female,No,3,Yes,No,Fiber optic,No,Month-to-month,Yes,Electronic check,38,53250,540.6,2.2,5.7,Yes
7515-LODFU,Male,No,69,Yes,Yes,No,No internet service,Two year,Yes,Credit card (automatic),53,50351,176.8,0.7,5.1,No
0440-UEDAI,Female,No,53,Yes,No phone service,Fiber optic,Yes,One year,Yes,Credit card (automatic),44,44074,381.8,0,5,No
1337-BOZWO,Male,No,18,No,No,DSL,No,One year,No,Credit card (automatic),76,65875,0,1.8,6.5,No
0868-VJRDR,Male,Yes,64,Yes,No,Fiber optic,Yes,Two year,Yes,,54,77061,615.5,0,7.9,No
8714-EUHJO,Female,Yes,31,Yes,No,Fiber optic,No,Month-to-month,Yes,Electronic check,71,23516,524.4,5.5,5.8,Yes
6344-SFJVH,Female,No,20,No,Yes,DSL,No,Month-to-month,No,Credit card (automatic),68,87298,0,3.6,8.8,No
3950-VPYJB,Male,No,57,Yes,No,DSL,Yes,One year,Yes,Mailed check,32,36461,512.1,0.9,8.9,No
8041-TMEID,Male,Yes,63,Yes,No,Fiber optic,No,Two year,Yes,Credit card (automatic),36,37476,586.9,2.9,7.1,No
7321-ZNSLA,Male,No,13,No,No,DSL,Yes,Two year,Yes,Mailed check,42,44399,0,1.2,8,No
6941-KXRRV,Female,No,48,Yes,No phone service,DSL,No,One year,No,Bank transfer (automatic),39,120767,374.6,0.1,6.7,No
3721-CNEYS,Female,No,2,Yes,No,Fiber optic,No,Month-to-month,Yes,Electronic check,44,90123,359.5,5.1,6.2,Yes
8727-JQFHV,Male,Yes,57,Yes,Yes,No,No internet service,Two year,Yes,Mailed check,48,49080,343.6,0,7.9,No
9475-NNDGC,Male,No,,Yes,Yes,Fiber optic,Yes,One year,No,Bank transfer (automatic),83,65534,869.1,0.3,8.3,No
1355-KUSBG,Female,Yes,,Yes,Yes,DSL,No,Month-to-month,Yes,Electronic check,76,71037,546,5.4,7.2,No
3688-FTHLT,Female,No,16,Yes,No,DSL,No,Month-to-month,No,Bank transfer (automatic),38,93351,553.7,2.2,5.5,No
0899-LIIBW,Male,No,34,Yes,Yes,Fiber optic,No,Month-to-month,No,Electronic check,34,75552,494.5,5.9,6.7,No
2568-OIADY,Female,No,37,Yes,Yes,Fiber optic,No,Month-to-month,Yes,Electronic check,84,35019,462.3,8.8,6.9,Yes
1384-RCUXW,Male,No,16,Yes,Yes,Fiber optic,No,Month-to-month,Yes,Mailed check,31,35468,464.6,1.6,5.4,No
5825-XJOCM,Male,No,48,Yes,No,DSL,No,One year,No,Bank transfer (automatic),30,120691,617.7,1.1,7.6,No
6848-YLDFR,Male,No,58,Yes,No,DSL,Yes,One year,No,Credit card (automatic),33,34174,437.8,0.6,8.6,No
8125-QPFJD,Female,No,72,Yes,No,DSL,Yes,Two year,Yes,Bank transfer (automatic),51,86627,557,3,8,No
2320-YKQBO,Female,No,7,Yes,No,No,No internet service,Month-to-month,Yes,Mailed check,60,72553,470.6,2,7.6,No
1193-RTSLK,Female,No,38,Yes,No,Fiber optic,No,Month-to-month,No,Credit card (automatic),,34345,516.1,2.4,5.5,Yes
2302-ANTDP,Female,Yes,48,Yes,No,Fiber optic,Yes,Month-to-month,Yes,Electronic check,27,31593,225.7,1.4,5.9,Yes
5923-GXUOC,Male,No,10,Yes,Yes,Fiber optic,No,Month-to-month,Yes,Electronic check,49,104805,275.6,17.2,5.3,Yes
4973-RLZVI,Female,No,30,Yes,No,DSL,Yes,One year,Yes,Credit card (automatic),46,,505.3,1.2,7.5,No
7869-ZYDST,Male,Yes,31,Yes,No,DSL,No,Month-to-month,Yes,Credit card (automatic),49,27569,680.4,2.6,8.5,No
4501-UYKBC,Female,No,46,Yes,Yes,DSL,Yes,One year,No,Credit card (automatic),32,57978,398.7,1.3,4.9,No
1215-EXRMO,Male,No,50,Yes,No,No,No internet service,Two year,Yes,Mailed check,24,83911,487.1,2.4,7.4,No
2305-MRGLV,Male,No,28,Yes,No,Fiber optic,Yes,Month-to-month,No,Bank transfer (automatic),40,81753,264.6,3,7.2,No
8404-VIOMB,Female,No,66,No,Yes,DSL,Yes,Two year,No,Bank transfer (automatic),32,36441,0,0,8.6,No
5233-GEEAX,Male,No,8,No,No,DSL,No,Month-to-month,Yes,Electronic check,41,39228,0,3.8,7.4,Yes
2359-KLTEK,Female,No,41,Yes,No,Fiber optic,No,Month-to-month,No,Bank transfer (automatic),24,76714,320.3,3.2,6.4,No
5304-EFJLP,Male,Yes,72,Yes,No,Fiber optic,Yes,Two year,Yes,Bank transfer (automatic),21,57751,610.6,0.9,6.9,No
2673-ZALNP,Female,No,7,Yes,Yes,No,No internet service,One year,Yes,Mailed check,29,55080,343.7,0,9,No
9184-GALIL,Female,Yes,38,Yes,No,No,No internet service,Month-to-month,Yes,Mailed check,34,55145,562.9,3.7,5.9,No
4393-RYCRE,Male,No,44,Yes,Yes,Fiber optic,No,One year,No,Electronic check,84,89342,550.3,4.9,8.4,No
9746-MDMBK,Male,No,47,Yes,Yes,Fiber optic,Yes,One year,No,Bank transfer (automatic),37,35022,766.7,,6.5,No
3162-ZJZFU,Male,No,53,Yes,Yes,Fiber optic,Yes,Month-to-month,No,Electronic check,43,156002,553.6,6.6,8.7,No
8404-GFGCZ,Male,Yes,4,Yes,No,DSL,No,Month-to-month,Yes,Electronic check,42,37483,643.8,7.9,6.5,No
8875-AKBYH,Male,Yes,20,Yes,Yes,Fiber optic,No,Month-to-month,No,Electronic check,44,71764,535.1,12.6,7.9,No
4432-ADRLB,Male,No,2,Yes,No,DSL,No,Month-to-month,Yes,Mailed check,51,44224,705.1,4.7,7.7,Yes
0533-UCAAU,Male,No,57,Yes,Yes,DSL,No,One year,Yes,Credit card (automatic),44,42520,421.4,2.1,3.7,No
1394-SUIUH,Female,No,44,Yes,No,Fiber optic,Yes,Month-to-month,Yes,Electronic check,24,20067,257.2,1.9,6.8,No
3521-MNKLV,Male,Yes,24,Yes,No,DSL,No,Month-to-month,Yes,Mailed check,77,42503,249.1,1.4,5.7,No
2533-TIBIX,Male,No,15,No,Yes,DSL,No,Month-to-month,No,Bank transfer (automatic),33,57026,0,0.3,7.4,No
8993-PHFWD,Female,No,3,No,No,DSL,No,Month-to-month,Yes,Electronic check,33,45744,0,4.1,5.3,Yes
1565-RHDJD,Female,No,4,Yes,Yes,Fiber optic,No,Month-to-month,Yes,Bank transfer (automatic),50,97109,726.9,6.9,5.7,Yes
7137-RYLPP,Male,No,37,Yes,Yes,Fiber optic,No,Month-to-month,Yes,Electronic check,30,73715,694.9,6,3.9,Yes
3765-JXVKY,Female,No,1,Yes,Yes,Fiber optic,No,Month-to-month,Yes,,44,47649,476.1,3.4,5.2,Yes
5092-STPKP,Female,No,24,Yes,No,DSL,Yes,Month-to-month,Yes,Credit card (automatic),33,100922,421,3.6,4.8,No
7330-WZLNC,Female,No,5,Yes,No,Fiber optic,No,Month-to-month,No,Electronic check,60,56011,671.7,17.1,5.9,Yes
0114-PEGZZ,Female,No,33,Yes,Yes,Fiber optic,No,Month-to-month,No,Electronic check,22,76665,688,9.9,6.7,No
3359-DSRKA,Female,No,58,Yes,No,No,No internet service,Two year,Yes,Mailed check,63,44169,322.3,2.6,7.5,No
8639-NHQEI,Female,No,72,Yes,Yes,Fiber optic,No,Two year,No,,85,52467,613.7,1.1,6.4,No
7161-DFHUF,Female,No,71,Yes,No,No,No internet service,Two year,No,Mailed check,36,72782,487.6,2.5,7.5,No
3957-LXOLK,Female,No,28,Yes,Yes,Fiber optic,No,Month-to-month,No,Electronic check,86,55582,730.2,3.3,2.9,Yes
3720-DBRWL,Male,No,51,Yes,No,DSL,Yes,Two year,Yes,Credit card (automatic),90,59113,474.9,1.3,7.5,No
6635-MYYYZ,Female,No,30,Yes,Yes,DSL,Yes,One year,No,Bank transfer (automatic),70,78953,476.5,3.9,,Yes
8565-WUXZU,Male,Yes,72,Yes,No,Fiber optic,Yes,Two year,Yes,Credit card (automatic),59,62320,617.1,0,7.8,No
5281-BUZGT,Male,No,36,Yes,Yes,Fiber optic,No,Month-to-month,No,Electronic check,25,42143,685.6,6.5,5.6,Yes
4994-OBRSZ,Male,No,14,Yes,No,DSL,Yes,Two year,No,Bank transfer (automatic),28,87200,647.9,0,7,No
0562-FGDCR,Female,Yes,72,Yes,Yes,DSL,Yes,Two year,Yes,Mailed check,45,87684,458.2,4.7,7.3,No
2436-QBZFP,Female,No,22,No,Yes,DSL,No,Month-to-month,Yes,Electronic check,43,49270,0,5,7,No
3420-YJLQT,Female,No,2,Yes,No,Fiber optic,No,Month-to-month,Yes,Electronic check,38,58144,596.5,1.9,8.1,No
6040-CGACY,Female,No,15,Yes,No,No,No internet service,Month-to-month,Yes,Mailed check,57,38699,411.8,6.8,7.6,No
6582-PLFUU,Male,No,,Yes,Yes,No,No internet service,Two year,No,Credit card (automatic),22,67551,543.9,1.5,7.5,No
8242-PDSGJ,Male,No,70,No,No phone service,DSL,Yes,Two year,No,,43,30407,0,1.1,9.8,No
0264-CNITK,Female,No,71,Yes,No,No,No internet service,Two year,Yes,Bank transfer (automatic),35,24734,476,3.3,7.3,No
0089-IIQKO,Female,Yes,39,Yes,Yes,Fiber optic,Yes,Month-to-month,No,Credit card (automatic),33,79537,733.4,1.7,6.3,No
7839-NUIAA,Female,No,61,Yes,Yes,DSL,No,Month-to-month,Yes,Electronic check,73,53377,636,6,7.8,No
6075-QMNRR,Female,No,52,Yes,No,DSL,No,Month-to-month,Yes,Bank transfer (automatic),30,46251,115.3,1.4,7.5,No
5378-IKEEG,Female,Yes,1,No,No,DSL,No,Month-to-month,Yes,Electronic check,43,73807,0,23.6,6.2,Yes
5966-EMAZU,Male,Yes,64,Yes,No,Fiber optic,Yes,One year,No,Mailed check,38,104214,655.9,0.5,9.2,No
0440-EKDCF,Male,No,62,Yes,Yes,DSL,Yes,Two year,Yes,Credit card (automatic),34,44598,160.5,0.8,7.4,No
4774-HHGGS,Male,No,30,Yes,No,No,No internet service,Two year,Yes,Mailed check,42,53983,278.9,2.1,9,No
2718-GAXQD,Female,No,4,Yes,Yes,DSL,No,Month-to-month,No,Electronic check,31,51226,126.1,3.7,4.6,Yes
2055-BFOCC,Male,No,63,Yes,Yes,DSL,Yes,One year,Yes,Bank transfer (automatic),20,51297,544.8,1.1,5.9,No
8180-AKMJV,Female,No,1,Yes,Yes,DSL,No,Month-to-month,No,Credit card (automatic),67,112750,480.8,3.1,8,No
4298-OYIFC,Male,No,15,Yes,Yes,Fiber optic,Yes,Month-to-month,Yes,Electronic check,38,45898,541.5,2.7,6.9,No
5566-SOEZD,Male,Yes,27,Yes,Yes,Fiber optic,No,One year,Yes,Credit card (automatic),48,56676,458.8,1.5,6.7,No
9842-EFSYY,Female,No,4,No,Yes,DSL,No,Month-to-month,Yes,Mailed check,39,41810,0,1.7,5.8,No
2272-WUSPA,Female,No,72,Yes,No,Fiber optic,No,Two year,No,Electronic check,33,44528,790.1,0.5,9.1,No
4584-LBNMK,Male,No,45,Yes,Yes,No,No internet service,One year,Yes,Credit card (automatic),66,63613,749.9,0.3,7.9,No
3898-GUYTS,Female,No,45,Yes,No,Fiber optic,Yes,Month-to-month,Yes,,51,54625,458.6,3.1,7,No
0930-EHUZA,Female,No,36,Yes,Yes,DSL,Yes,One year,No,Mailed check,65,25014,213.3,0.6,8.7,No
6413-XKKPU,Male,No,17,Yes,No,Fiber optic,No,Month-to-month,No,Electronic check,47,103864,445.4,4.4,4,Yes
9975-SKRNR,Male,No,1,Yes,No,No,No internet service,Month-to-month,Yes,Mailed check,78,91010,498.6,10.7,5.6,No
3703-KBKZP,Male,No,16,Yes,No,Fiber optic,No,Month-to-month,Yes,Bank transfer (automatic),41,52035,645,0,7.1,No
1449-XQEMT,Male,No,3,Yes,No,No,No internet service,Month-to-month,Yes,Mailed check,26,66200,592.1,4,4.2,Yes
2626-URJFX,Male,Yes,4,Yes,No,DSL,No,Month-to-month,Yes,Electronic check,44,61036,492.2,6.8,6.7,Yes
4973-MGTON,Female,No,71,Yes,No phone service,DSL,Yes,Two year,Yes,Credit card (automatic),33,38353,404.6,1,7.1,No
3682-YEUWS,Male,No,10,Yes,No,No,No internet service,Month-to-month,Yes,Mailed check,26,79977,456.5,1.5,7.4,No
1223-UNPKS,Male,No,20,Yes,No,No,No internet service,Two year,Yes,Mailed check,37,44474,667.9,3.7,7.6,No
2612-RRIDN,Male,No,4,Yes,Yes,Fiber optic,No,Month-to-month,Yes,Electronic check,79,72327,367.6,4.9,4.5,Yes
4735-ASGMA,Male,No,26,Yes,No,Fiber optic,No,Month-to-month,Yes,Electronic check,55,73336,638.8,7.8,4.1,Yes
3446-QDSZF,Female,No,4,Yes,Yes,DSL,No,Month-to-month,Yes,Credit card (automatic),34,32691,707.1,0.4,4.4,No
3669-LVWZB,Male,No,5,No,Yes,DSL,No,Month-to-month,No,Mailed check,31,36811,0,5.1,4.9,Yes
6892-EZDTG,Female,No,4,Yes,Yes,Fiber optic,No,Month-to-month,No,Electronic check,72,40087,706.1,7.3,6,Yes
5117-IFGPS,Male,No,29,Yes,Yes,Fiber optic,No,Month-to-month,Yes,Electronic check,42,80073,292.4,0.9,4.1,No
7379-FNIUJ,Male,No,2,Yes,Yes,Fiber optic,No,Month-to-month,No,Electronic check,57,53575,132.3,7.6,5.3,No
1627-AFWVJ,Female,No,29,Yes,No,No,No internet service,Two year,Yes,Mailed check,64,62151,312.1,2.5,8.9,No
9725-SCPZG,Male,No,1,Yes,Yes,Fiber optic,No,Month-to-month,Yes,Electronic check,57,60750,548.2,3.4,4.9,Yes
5884-GCYMI,Male,No,1,Yes,Yes,Fiber optic,No,Month-to-month,No,Mailed check,83,69788,334.2,2.8,6,Yes
3217-FZDMN,Female,No,8,Yes,Yes,Fiber optic,No,Month-to-month,Yes,Credit card (automatic),31,59262,557.1,4,6.2,Yes
4486-EFAEB,Male,No,13,Yes,No,No,No internet service,Month-to-month,No,Electronic check,58,50535,603.1,15.6,8.9,No
0060-FUALY,Female,No,59,Yes,No phone service,Fiber optic,No,Month-to-month,Yes,Electronic check,63,28601,633.8,6,8.2,No
7853-GVUDZ,Female,No,1,Yes,Yes,No,No internet service,Month-to-month,No,Credit card (automatic),83,46604,486.2,8,6.8,Yes
7480-QNVZJ,Male,No,50,Yes,No,Fiber optic,No,Month-to-month,No,Electronic check,35,79530,464.5,8.2,6.9,Yes
6954-OOYZZ,Male,No,18,Yes,No,DSL,No,Month-to-month,No,Bank transfer (automatic),57,97063,673.3,1.6,6.2,No
7088-FBAWU,Female,Yes,17,Yes,Yes,DSL,No,Month-to-month,Yes,Mailed check,44,79959,824.1,4.9,7,No
8313-AFGBW,Male,No,47,Yes,No,DSL,No,Two year,Yes,,46,56787,454.1,,8.2,No
3943-KDREE,Female,No,26,Yes,No,Fiber optic,No,Month-to-month,Yes,Bank transfer (automatic),38,111562,643.7,5,4.1,Yes
9239-ZBZZV,Female,Yes,6,No,No,DSL,No,Month-to-month,Yes,Electronic check,62,41527,0,1.7,3.7,Yes
3097-IDVPU,Male,No,19,Yes,Yes,DSL,No,Month-to-month,Yes,Credit card (automatic),46,46447,609.9,1.9,6.2,No
4398-HSCJH,Female,No,3,Yes,Yes,DSL,Yes,Month-to-month,Yes,Electronic check,51,43675,424.3,5.6,7.9,Yes
2197-OMWGI,Female,Yes,68,No,Yes,DSL,No,Two year,Yes,Electronic check,41,35723,0,5.7,6.6,No
2303-PJYHN,Female,No,2,Yes,Yes,No,No internet service,Month-to-month,No,Bank transfer (automatic),31,34368,534.4,0.9,5.9,No
9795-VOWON,Male,No,7,No,Yes,DSL,No,One year,No,Credit card (automatic),32,80618,0,0.4,5.7,No
1237-WIYYZ,Female,No,18,Yes,No,No,No internet service,Month-to-month,No,Mailed check,45,34113,354.6,1.7,7.2,No
1987-AUELQ,Female,No,71,Yes,No,No,No internet service,Two year,Yes,Credit card (automatic),35,120461,484,3.1,9,No
7852-LECYP,Male,No,13,Yes,Yes,Fiber optic,No,Month-to-month,Yes,Credit card (automatic),78,71487,321.7,0.9,7.3,No
4430-UZIPO,Male,No,3,No,Yes,DSL,Yes,Month-to-month,Yes,Mailed check,52,18493,0,9.3,7,Yes
4822-LPTYJ,Male,No,72,Yes,No,Fiber optic,No,Two year,No,Bank transfer (automatic),42,42274,590.3,3.4,8.8,No
8165-CBKXO,Male,No,66,No,No,DSL,No,Two year,Yes,Credit card (automatic),57,60692,0,2,6,No
6527-PZFPV,Male,No,24,Yes,No,No,No internet service,One year,No,Credit card (automatic),63,123084,376.3,1.5,6.2,No
4855-SNKMY,Female,No,1,Yes,Yes,DSL,No,Month-to-month,Yes,Electronic check,82,167881,552.7,5.9,7.5,Yes
9593-CVZKR,Female,Yes,56,Yes,No,No,No internet service,Two year,Yes,Mailed check,44,80501,548.5,0.1,8.6,No
8595-SIZNC,Female,Yes,22,Yes,Yes,No,No internet service,One year,Yes,Bank transfer (automatic),77,60755,617.1,1.3,6.5,No
8008-HAWED,Male,No,,No,Yes,DSL,No,Month-to-month,Yes,Electronic check,46,54480,0,5.6,5.2,Yes
7124-UGSUR,Female,No,61,Yes,No,Fiber optic,No,One year,No,,23,62736,636.3,3.7,5.2,Yes
1862-SKORY,Female,Yes,40,No,Yes,DSL,No,Month-to-month,No,Electronic check,88,70735,0,12.1,7,Yes
5236-XMZJY,Female,No,42,Yes,No,DSL,No,Month-to-month,No,Bank transfer (automatic),18,43266,381.4,6.3,7,No
4827-DPADN,Female,No,72,Yes,No,DSL,Yes,Two year,Yes,Bank transfer (automatic),38,86848,792.4,1.2,8.7,No
2694-CIUMO,Female,No,12,Yes,No,Fiber optic,Yes,Month-to-month,Yes,Credit card (automatic),41,84796,686,4.6,6.6,No
5846-ABOBJ,Male,No,71,Yes,No,No,No internet service,Two year,Yes,Bank transfer (automatic),48,123491,744.8,2.1,8.9,No
1439-LCGVL,Female,No,26,Yes,Yes,No,No internet service,One year,Yes,Mailed check,48,41797,421.5,0.7,7.6,No
0909-SDHNU,Female,No,7,No,Yes,DSL,No,Month-to-month,Yes,,37,41670,0,6.4,6.9,No
4647-XXZAM,Female,No,6,Yes,Yes,DSL,No,Month-to-month,No,Mailed check,43,42529,350.3,1,7.8,No
1502-XFCVR,Female,No,58,Yes,No,Fiber optic,No,One year,Yes,Electronic check,40,107605,280,5.3,7.1,Yes
7740-KKCXF,Male,No,51,No,Yes,DSL,No,Month-to-month,Yes,Credit card (automatic),36,92149,0,0.9,6.6,No
5360-XGYAZ,Male,No,72,No,No,DSL,Yes,Two year,No,Bank transfer (automatic),41,152850,0,1.8,6.3,No
9692-TUSXH,Female,No,18,Yes,No,Fiber optic,No,Month-to-month,Yes,Electronic check,32,63072,483.3,7,9.1,Yes
7912-SYRQT,Female,Yes,7,Yes,Yes,Fiber optic,No,Month-to-month,Yes,Bank transfer (automatic),46,37185,283.1,5.3,5.3,Yes
3557-HTYWR,Female,No,47,Yes,No,DSL,Yes,Two year,Yes,Mailed check,41,44520,291,4.8,9.4,No
4816-JBHOV,Male,No,2,Yes,Yes,DSL,No,Month-to-month,Yes,Electronic check,28,58266,452.1,5,5.5,Yes
8920-NAVAY,Male,No,62,Yes,No phone service,Fiber optic,Yes,One year,Yes,Bank transfer (automatic),64,42795,516.4,1,3.9,No
1699-TLDLZ,Female,No,16,Yes,No,No,No internet service,Two year,Yes,Mailed check,84,64230,424.5,2.3,7.7,No
5600-PDUJF,Male,No,6,Yes,Yes,DSL,Yes,Month-to-month,No,Credit card (automatic),25,31143,353.2,1.6,7.8,No
8292-TYSPY,Male,No,19,Yes,No,DSL,Yes,Month-to-month,Yes,Credit card (automatic),36,52563,386.8,8.2,5.9,Yes
0567-XRHCU,Female,No,69,No,No,DSL,No,Two year,No,Credit card (automatic),30,54999,0,2.3,9.3,No
1867-BDVFH,Male,No,11,Yes,Yes,Fiber optic,No,Month-to-month,Yes,,73,105438,308.9,2.2,5,Yes
2067-QYTCF,Female,Yes,64,Yes,No,Fiber optic,Yes,Month-to-month,Yes,Electronic check,56,76582,474.8,3.4,7,No
2359-QWQUL,Female,No,39,Yes,No phone service,Fiber optic,Yes,One year,No,Credit card (automatic),44,51894,541.7,1.9,6.8,Yes
9103-TCIHJ,Female,No,15,Yes,Yes,DSL,No,Month-to-month,Yes,Mailed check,64,81625,542.8,2.7,5.2,Yes
7407-SUJIZ,Male,No,25,Yes,No phone service,No,No internet service,Month-to-month,Yes,Mailed check,44,45222,470.5,1,8,No
9150-KPBJQ,Female,Yes,6,Yes,No,No,No internet service,Two year,No,Credit card (automatic),22,71179,568.9,1,9.3,No
0052-DCKON,Male,No,66,Yes,Yes,Fiber optic,Yes,One year,No,Bank transfer (automatic),46,74133,568.3,1.4,6.7,No
3654-ARMGP,Female,No,61,Yes,Yes,DSL,Yes,Two year,Yes,Credit card (automatic),24,46601,596.3,0.2,8.7,No
9699-UBQFS,Female,Yes,43,Yes,No,Fiber optic,No,Month-to-month,No,Electronic check,80,59798,527.6,4.9,8.2,No
9367-TCUYN,Female,Yes,12,Yes,No,No,No internet service,Month-to-month,No,Mailed check,60,184934,433.7,0.3,5.4,No
1261-FWTTE,Male,No,23,No,Yes,DSL,No,Month-to-month,No,Bank transfer (automatic),55,110708,0,2.7,9,No
3528-HFRIQ,Male,No,71,No,No,DSL,No,Month-to-month,Yes,Bank transfer (automatic),29,76164,0,1.2,5.8,No
0708-SJDIS,Female,No,34,Yes,No phone service,DSL,Yes,Month-to-month,Yes,Mailed check,50,43948,671.5,10.7,6,No
4140-WJAWW,Female,Yes,5,Yes,No,No,No internet service,Month-to-month,No,Credit card (automatic),55,39477,204.8,4.2,6.9,Yes
2073-QBVBI,Female,No,41,No,No,DSL,Yes,One year,No,Mailed check,38,48685,0,3.1,7.2,No
6928-ONTRW,Female,Yes,72,Yes,Yes,No,No internet service,Two year,Yes,,81,34263,502.1,0,9.1,No
3320-VEOYC,Male,No,14,Yes,No,Fiber optic,No,Month-to-month,Yes,Electronic check,43,89801,475.7,0.4,5.9,No
5231-FIQPA,Female,No,41,Yes,No,No,No internet service,Two year,Yes,Mailed check,43,51307,410.3,0,7.6,No
6617-WLBQC,Female,No,23,Yes,Yes,Fiber optic,No,One year,No,Credit card (automatic),28,123143,329.5,2.5,6.5,No
2599-CIPQE,Male,No,71,Yes,No,Fiber optic,Yes,Two year,No,Credit card (automatic),64,74759,421.4,1.8,8.3,No
6653-CBBOM,Female,No,1,Yes,No,Fiber optic,No,Month-to-month,Yes,Electronic check,42,48758,165.2,15.7,4.7,Yes
8774-GSBUN,Male,Yes,72,Yes,No,No,No internet service,Two year,Yes,Mailed check,81,90506,446.4,0,7.5,No
7326-RIGQZ,Male,No,6,Yes,No phone service,Fiber optic,No,Month-to-month,Yes,Electronic check,50,50140,652.7,3.6,6.1,No
1401-FTHFQ,Male,No,23,Yes,No,No,No internet service,One year,Yes,Credit card (automatic),44,42462,249,2.6,9.4,No
3247-ZVOUO,Male,No,10,Yes,No phone service,Fiber optic,No,Month-to-month,No,Electronic check,68,60868,517.4,6.6,7.2,Yes
0254-FNMCI,Female,No,72,Yes,Yes,Fiber optic,Yes,Two year,Yes,Electronic check,41,49858,425.6,4.1,6.4,No
1848-LBZHY,Female,No,7,Yes,Yes,DSL,No,Month-to-month,No,Bank transfer (automatic),32,45499,439.3,2.3,7.8,No
6101-IMRMM,Male,No,6,Yes,Yes,Fiber optic,No,Month-to-month,Yes,Mailed check,18,130176,444.6,8,4,Yes
8118-TJAFG,Male,No,9,Yes,No,Fiber optic,Yes,Month-to-month,Yes,Electronic check,51,50698,398.1,3.2,8,No
5429-LWCMV,Female,No,12,Yes,Yes,Fiber optic,No,Month-to-month,No,Electronic check,41,45227,271.1,2.2,4.5,No
7298-IZWLY,Female,No,1,Yes,Yes,No,No internet service,Month-to-month,Yes,Mailed check,48,29892,259,3.9,7.4,No
9758-MFWGD,Female,No,48,No,Yes,DSL,No,One year,No,Bank transfer (automatic),39,49226,0,2.2,5.2,No
3955-JBZZM,Male,No,20,Yes,Yes,Fiber optic,No,Month-to-month,No,Electronic check,52,49347,520.6,11,7.1,No
1268-ASBGA,Female,No,16,Yes,Yes,Fiber optic,No,Month-to-month,Yes,Credit card (automatic),79,44222,511.4,3.9,,Yes
8943-URTMR,Female,No,2,Yes,No,Fiber optic,No,Month-to-month,Yes,Mailed check,57,36756,363.6,10.3,6.3,Yes
4815-TUMEQ,Female,Yes,10,Yes,No phone service,No,No internet service,One year,Yes,Mailed check,44,62920,286.5,1.5,8.9,No
4713-LZDRV,Female,No,2,Yes,No,Fiber optic,No,Month-to-month,Yes,Electronic check,64,37791,659.6,3.1,3.9,Yes
9909-IDLEK,Male,No,20,Yes,Yes,Fiber optic,Yes,Month-to-month,No,Mailed check,68,37104,580.8,1.3,5.9,No
4092-OFQZS,Male,No,,Yes,Yes,No,No internet service,One year,No,Mailed check,19,97401,345,1,8.4,No
1561-BWHIN,Male,No,19,Yes,Yes,No,No internet service,One year,No,,74,30012,618.5,2.1,6.6,No
4325-NFSKC,Male,No,19,Yes,No phone service,Fiber optic,No,Month-to-month,No,Electronic check,61,42862,331.4,4.3,6,Yes
9927-DSWDF,Male,Yes,22,Yes,Yes,Fiber optic,Yes,Month-to-month,Yes,Electronic check,29,44794,380.1,2.2,9.1,No
9500-LTVBP,Female,No,35,Yes,No,Fiber optic,Yes,Month-to-month,No,Credit card (automatic),25,60928,532.9,1.4,5.3,No
7252-NTGSS,Female,No,1,Yes,No,DSL,No,Month-to-month,Yes,Mailed check,52,88009,315,4.1,5.8,No
8149-AIQCG,Male,No,39,Yes,No,Fiber optic,No,Month-to-month,Yes,Credit card (automatic),52,26282,448.8,8.8,8.7,No
1360-JYXKQ,Female,No,54,Yes,No,Fiber optic,Yes,One year,No,Electronic check,34,36204,671.2,9.7,7.4,No
2955-PSXOE,Female,Yes,1,Yes,No,No,No internet service,Month-to-month,Yes,Bank transfer (automatic),47,64951,423.6,4.5,5.7,Yes
7762-URZQH,Male,No,66,Yes,No,Fiber optic,No,Two year,No,Credit card (automatic),33,43660,603.1,1.8,4.9,Yes
0899-WZRSD,Male,No,56,Yes,No phone service,Fiber optic,Yes,Month-to-month,Yes,Mailed check,18,18000,583.4,2.8,8,No
3255-GRXMG,Male,No,18,Yes,Yes,DSL,No,Month-to-month,No,Credit card (automatic),52,51549,389,5.2,7,No
4828-FAZPK,Female,No,16,Yes,No,Fiber optic,No,Month-to-month,No,Credit card (automatic),65,22772,743.5,1.2,8.3,No
6094-ZIVKX,Female,No,68,Yes,No,DSL,No,One year,Yes,Credit card (automatic),38,87728,394.3,0.6,7.1,No
6925-BAYGL,Female,No,53,Yes,No,No,No internet service,Two year,Yes,Credit card (automatic),27,44460,731.8,2.8,8.2,No
3262-EIDHV,Female,Yes,72,Yes,No,DSL,Yes,Two year,No,Credit card (automatic),41,37930,370.9,0.4,5.6,No
7354-OIJLX,Male,No,9,Yes,No phone service,Fiber optic,No,Month-to-month,No,Electronic check,29,36380,427.3,6.5,5.8,No
1376-HHBDV,Female,Yes,30,Yes,No,DSL,No,Month-to-month,Yes,Mailed check,41,44843,249.4,4.2,7.9,No
6907-NZZIJ,Female,Yes,36,Yes,Yes,Fiber optic,No,Month-to-month,Yes,Electronic check,53,68088,373.2,11.3,4.6,Yes
6133-OZILE,Female,No,18,No,Yes,DSL,Yes,Month-to-month,Yes,,55,39274,0,2.4,6.8,No
4135-FRWKJ,Female,No,55,Yes,No,DSL,Yes,One year,No,Electronic check,42,27249,764.1,5.4,8.5,No
2911-UREFD,Female,No,39,No,No phone service,DSL,No,Month-to-month,No,Electronic check,42,50072,0,5.6,5.8,Yes
3744-ZRRDZ,Male,No,21,Yes,Yes,Fiber optic,No,Month-to-month,Yes,Electronic check,79,51452,432.1,8.9,4.5,Yes
5673-TIYIB,Male,Yes,2,No,No,DSL,Yes,Month-to-month,No,Credit card (automatic),40,32073,0,6.1,8,Yes
6551-ZCOTS,Male,Yes,33,Yes,No,No,No internet service,One year,Yes,Bank transfer (automatic),59,50695,544.7,0.7,7.1,No
7191-ADRGF,Male,No,44,No,Yes,DSL,No,Two year,No,Bank transfer (automatic),56,56706,0,0.9,5.8,No
5018-LXQQG,Female,No,30,Yes,Yes,DSL,Yes,Month-to-month,No,Bank transfer (automatic),48,32127,450,9.8,8,No
6892-BOGQE,Female,Yes,71,Yes,Yes,No,No internet service,Two year,Yes,Bank transfer (automatic),62,82544,379.6,1.7,6.2,No
1602-IJQQE,Female,No,4,Yes,No,Fiber optic,No,Month-to-month,Yes,Electronic check,49,60901,532.1,9.8,5.1,Yes
4628-WQCQQ,Male,No,35,Yes,Yes,Fiber optic,No,One year,Yes,Electronic check,54,84884,355.7,4.6,6.4,Yes
1746-TGTWV,Male,No,1,Yes,No,Fiber optic,No,Month-to-month,Yes,Credit card (automatic),33,43515,627.9,2.9,7,No
5995-SNNEW,Male,No,23,Yes,Yes,Fiber optic,No,Month-to-month,No,Electronic check,59,81760,641.5,,5.9,No
8050-WYBND,Female,No,22,No,No,DSL,No,One year,Yes,Credit card (automatic),70,46005,0,1.2,5,No
2821-WARNZ,Female,No,49,Yes,No,No,No internet service,One year,Yes,Credit card (automatic),56,27261,379.2,0.4,8,No
4879-GZLFH,Female,Yes,42,Yes,Yes,Fiber optic,No,Month-to-month,No,Electronic check,44,123142,590.4,9.7,7.2,No
1644-IRKSF,Female,No,33,Yes,No,Fiber optic,No,One year,No,Electronic check,28,53670,180.4,4.3,5.9,Yes
8314-HTWVE,Female,No,7,Yes,Yes,No,No internet service,Two year,Yes,Mailed check,36,58177,602.8,1.8,6.6,No
9402-ROUMJ,Female,No,67,Yes,Yes,Fiber optic,Yes,One year,Yes,Bank transfer (automatic),77,32028,869.2,0,7.2,No
2507-QZPQS,Male,No,15,Yes,No,Fiber optic,Yes,Month-to-month,No,,37,45877,157.5,0.4,6.5,No
7159-NOKYQ,Male,No,67,Yes,Yes,Fiber optic,No,Two year,Yes,Electronic check,30,42904,606.4,0.8,6.9,No
5707-ZMDJP,Male,Yes,53,Yes,No,DSL,Yes,Two year,Yes,Mailed check,36,46458,348.1,4.4,8.5,No
8779-YIQQA,Male,Yes,21,Yes,Yes,No,No internet service,One year,No,Mailed check,18,96452,463.1,1.2,8.8,No
7136-IHZJA,Female,Yes,40,Yes,No,DSL,Yes,Month-to-month,No,Mailed check,29,37726,895.2,1.6,7.2,No
8966-OIQHG,Female,No,22,Yes,No,No,No internet service,One year,Yes,Bank transfer (automatic),29,27795,575.8,0.2,8.4,No
7074-STDCN,Male,No,39,No,Yes,DSL,Yes,Month-to-month,No,Electronic check,74,39359,0,7,7.7,No
3705-PSNGL,Male,No,45,Yes,Yes,No,No internet service,One year,Yes,Electronic check,49,86113,333.4,,7.4,Yes
8739-QOTTN,Female,Yes,2,Yes,Yes,No,No internet service,Month-to-month,Yes,Mailed check,49,94724,414.8,2,5.8,No
1399-OUPJN,Female,No,57,Yes,No phone service,No,No internet service,Two year,Yes,Bank transfer (automatic),32,105375,602.6,0.6,6.6,No
0277-BKSQP,Male,No,8,Yes,No phone service,DSL,No,Month-to-month,No,Electronic check,30,73949,461.8,4.2,7.2,No
6502-HCJTI,Male,No,7,Yes,Yes,Fiber optic,No,Month-to-month,Yes,Credit card (automatic),70,47811,501.1,6.1,7.2,Yes
2606-RMDHZ,Male,No,6,No,Yes,DSL,No,Month-to-month,No,Credit card (automatic),88,50574,0,2.8,5.1,Yes
5774-XZTQC,Female,No,7,Yes,No,No,No internet service,Month-to-month,No,Mailed check,46,71078,417.2,6.8,9.6,No
2676-SSLTO,Male,No,49,Yes,No,DSL,Yes,Two year,Yes,Bank transfer (automatic),72,30317,606.8,4.2,7,No
6266-QHOJZ,Female,No,65,Yes,No,Fiber optic,Yes,One year,Yes,Electronic check,46,53107,180.7,6.8,8.2,No
7269-JISCY,Female,No,55,Yes,Yes,DSL,No,One year,Yes,Bank transfer (automatic),65,72234,304.7,0,6.2,No
0363-SVHYR,Male,No,71,Yes,Yes,DSL,Yes,Two year,Yes,Bank transfer (automatic),22,28633,591.1,0.8,7.7,No
8547-NSBBO,Male,No,35,Yes,No,Fiber optic,Yes,Month-to-month,No,Mailed check,73,71607,718.8,1.7,7.9,No
8258-GSTJK,Male,Yes,3,Yes,Yes,Fiber optic,No,Month-to-month,Yes,Electronic check,52,38187,450.1,3.9,4.1,Yes
6861-OKBCE,Female,Yes,11,Yes,No phone service,No,No internet service,Month-to-month,Yes,,51,35203,290,2.8,5.2,Yes
9940-RHLFB,Female,No,1,Yes,No,Fiber optic,No,Month-to-month,Yes,Electronic check,39,133325,443.2,10.8,4.2,Yes
6591-QGOYB,Male,Yes,17,Yes,Yes,Fiber optic,Yes,Month-to-month,Yes,Bank transfer (automatic),27,48074,623.1,0.5,5.6,No
9070-BCKQP,Female,No,72,Yes,Yes,Fiber optic,Yes,Two year,No,Credit card (automatic),68,113243,392.9,1.1,5.7,No
6421-SZVEM,Female,No,28,Yes,No,Fiber optic,No,One year,Yes,Bank transfer (automatic),71,30347,605.1,2.4,7.5,No
1328-EUZHC,Female,No,,Yes,No,No,No internet service,Two year,Yes,Mailed check,58,44107,627,2.9,7.2,No
2995-UPRYS,Female,No,40,Yes,Yes,Fiber optic,Yes,One year,Yes,Credit card (automatic),55,28847,290.3,3.5,5.2,Yes
8878-RYUKI,Female,No,52,Yes,Yes,DSL,No,Month-to-month,Yes,Electronic check,39,31723,151.2,2.9,7.5,No
9633-DENPU,Female,Yes,47,Yes,Yes,DSL,No,Month-to-month,Yes,Bank transfer (automatic),58,48050,260,0.6,7.6,No
7811-JIVPF,Female,Yes,23,Yes,No,DSL,No,Month-to-month,Yes,Credit card (automatic),79,75354,301.1,1.4,8.1,No
7113-HIPFI,Male,No,66,Yes,No phone service,DSL,Yes,Two year,No,Mailed check,34,,394.3,1.8,8.8,No
8541-QVFKM,Female,Yes,8,Yes,No,Fiber optic,No,Month-to-month,No,Electronic check,40,59876,586.1,16.3,7,No
6686-YPGHK,Male,No,47,Yes,No,Fiber optic,No,Month-to-month,No,Mailed check,44,42729,511.4,,3.4,Yes
1383-EZRWL,Female,Yes,7,Yes,No phone service,No,No internet service,Month-to-month,Yes,Mailed check,19,67427,779.5,2.6,6,Yes
9258-CNWAC,Female,No,71,Yes,No,Fiber optic,Yes,Two year,No,Credit card (automatic),27,44003,589.8,0.1,7.6,No
5371-VYLSX,Female,No,50,Yes,Yes,Fiber optic,No,Month-to-month,Yes,Electronic check,53,52986,542,5.8,8.4,No
6374-AFWOX,Male,Yes,46,Yes,No,DSL,Yes,Two year,No,Mailed check,64,62732,542.6,4.4,9.1,No
4759-TRPLW,Male,No,1,Yes,Yes,Fiber optic,No,Month-to-month,No,Electronic check,76,41328,418.5,5,5.8,Yes
5317-FLPJF,Female,No,66,No,No phone service,DSL,Yes,Two year,Yes,Bank transfer (automatic),60,41307,0,1.9,7.6,No
7621-VPNET,Female,No,42,Yes,No phone service,Fiber optic,Yes,Month-to-month,No,Credit card (automatic),77,45139,605.1,0.2,7.2,No
6034-YMTOB,Female,No,5,Yes,No,Fiber optic,Yes,Month-to-month,No,Mailed check,24,31429,182.8,0.7,7.4,No
8563-IIOXK,Male,Yes,7,Yes,No,DSL,No,One year,Yes,Electronic check,28,80562,247.4,6.9,6.5,Yes
4903-CNOZC,Male,Yes,29,Yes,Yes,DSL,No,One year,No,Credit card (automatic),53,83557,495.8,1.4,7.2,No
4353-HYOJD,Female,No,27,Yes,Yes,DSL,No,Month-to-month,Yes,Mailed check,38,42458,179.3,5.7,6.2,No
8020-BWHYL,Female,No,15,Yes,No,Fiber optic,No,Month-to-month,Yes,Credit card (automatic),47,47044,419,5.1,6.4,Yes
7267-FRMJW,Female,No,25,Yes,No,No,No internet service,Two year,Yes,,60,133282,624.6,0.4,7.1,No
2982-VPSGI,Female,No,11,Yes,Yes,Fiber optic,No,Month-to-month,No,Electronic check,40,37731,433.1,7.8,7.3,Yes
4188-FRABG,Male,Yes,57,Yes,Yes,Fiber optic,Yes,Month-to-month,Yes,,43,31108,543.5,1.7,7.7,No
8199-ZLLSA,Male,No,67,Yes,Yes,Fiber optic,Yes,One year,Yes,Bank transfer (automatic),51,47942,625.6,3.6,9.1,Yes
4128-ETESU,Female,No,47,Yes,Yes,Fiber optic,No,Month-to-month,No,Electronic check,51,39394,499,5.9,5.4,No
0620-DLSLK,Female,No,13,Yes,No,Fiber optic,No,Month-to-month,Yes,Mailed check,32,36307,642.6,3.9,8,No
4625-EWPTF,Male,No,8,No,No phone service,DSL,No,Month-to-month,Yes,Electronic check,65,110952,0,2.1,4.1,Yes
5980-NOPLP,Female,No,44,Yes,No,Fiber optic,No,Month-to-month,Yes,Electronic check,39,50089,483.9,10.1,7.7,Yes
3850-OKINF,Male,No,71,Yes,No,DSL,No,One year,Yes,Electronic check,49,66447,906.4,4.4,7.8,No
6892-XPFPU,Male,Yes,24,Yes,Yes,Fiber optic,No,Month-to-month,No,Electronic check,37,34825,800.4,3.2,6,Yes
8010-EZLOU,Male,No,15,Yes,Yes,Fiber optic,No,Month-to-month,Yes,Electronic check,35,45310,415.3,5.9,7.8,Yes
1156-ZFYDO,Female,No,1,Yes,Yes,No,No internet service,Month-to-month,Yes,Electronic check,43,115097,276.3,1.3,7.5,No
3295-YVUSR,Male,No,2,Yes,Yes,Fiber optic,No,Month-to-month,Yes,Mailed check,55,39118,602.1,6.2,7.6,No
8016-NCFVO,Male,Yes,55,Yes,No,Fiber optic,Yes,Month-to-month,Yes,Electronic check,41,30328,1009.8,21.4,6.6,No
4119-ZYPZY,Male,Yes,71,Yes,No,Fiber optic,Yes,Two year,No,Electronic check,48,37370,759.7,4.2,7.7,No
5549-ZGHFB,Male,No,50,Yes,No,No,No internet service,Two year,Yes,Mailed check,44,41678,803.4,1.2,8.3,No
7577-SWIFR,Male,No,1,Yes,Yes,Fiber optic,No,Month-to-month,No,Electronic check,53,66360,587.3,3.9,6.9,No
0303-WMMRN,Male,No,5,Yes,No,No,No internet service,Month-to-month,Yes,Mailed check,56,34650,373.6,2.2,9,No
6408-OTUBZ,Female,Yes,66,Yes,No,Fiber optic,Yes,One year,No,Bank transfer (automatic),32,56164,638.8,0.5,7.2,No
5204-HMGYF,Female,No,,Yes,No,DSL,Yes,One year,No,Mailed check,32,248719,544.7,1.9,8,No
1078-TDCRN,Female,No,3,No,No,DSL,No,Month-to-month,Yes,Electronic check,48,63602,0,6.1,6.2,No
3727-OVPRY,Male,No,66,Yes,No phone service,No,No internet service,One year,No,Credit card (automatic),36,100699,708.2,2,7.4,No
3797-FKOGQ,Male,No,11,Yes,No,Fiber optic,No,Month-to-month,Yes,Electronic check,32,28242,910,7,7.4,No
7622-NXQZR,Male,No,28,No,No phone service,DSL,Yes,Month-to-month,No,Credit card (automatic),45,40173,0,2.2,8.6,No
6196-HBOBZ,Male,Yes,65,Yes,Yes,Fiber optic,No,Two year,Yes,Electronic check,53,79652,571.3,7.1,6.6,No
3970-XGJDU,Female,Yes,62,Yes,No phone service,No,No internet service,Two year,Yes,Credit card (automatic),35,33823,249.9,1,7.3,No
7017-VFULY,Female,Yes,2,Yes,Yes,No,No internet service,Month-to-month,Yes,Bank transfer (automatic),84,59175,490,0.1,8.9,No
5562-YJQGT,Female,No,2,Yes,Yes,No,No internet service,Month-to-month,Yes,Credit card (automatic),74,46738,200.3,0.5,6.9,No
8807-OPMBM,Female,No,55,Yes,Yes,No,No internet service,Two year,No,Credit card (automatic),77,53999,448.5,4.1,8.1,No
5439-WIKXB,Male,No,41,Yes,No,Fiber optic,No,Month-to-month,Yes,Electronic check,34,78633,193.3,4.5,7.2,No
9874-QLCLH,Female,No,17,Yes,No,Fiber optic,No,Month-to-month,Yes,Electronic check,75,30931,727.5,7.7,6.5,Yes
8294-UIMBA,Female,No,30,Yes,No phone service,Fiber optic,Yes,One year,Yes,Bank transfer (automatic),60,33369,428.7,0.3,7.6,No
8109-YUOHE,Male,No,17,Yes,Yes,DSL,No,One year,Yes,Mailed check,81,71975,668.6,4.5,8.5,No
5840-NVDCG,Female,No,16,Yes,No phone service,DSL,Yes,Two year,No,Bank transfer (automatic),38,29585,210.7,1,8.2,No
8092-NLTGF,Male,No,72,Yes,No phone service,No,No internet service,Two year,No,Bank transfer (automatic),18,25797,605,0.4,6.9,No
5928-QLDHB,Male,No,9,Yes,No phone service,Fiber optic,No,Month-to-month,Yes,Electronic check,25,49727,553.9,4.2,7.1,No
9840-EFJQB,Female,No,1,Yes,No,Fiber optic,No,Month-to-month,No,Electronic check,32,64359,312.9,2.2,6.3,No
0696-UKTOX,Male,No,23,Yes,No phone service,DSL,Yes,Month-to-month,Yes,,62,48393,638.6,1.4,6.8,No
4801-KFYKL,Male,No,,Yes,Yes,No,No internet service,Month-to-month,Yes,Bank transfer (automatic),49,28681,392.3,4.9,6.6,No
3472-OAOOR,Male,No,19,No,No,DSL,No,Month-to-month,Yes,Mailed check,41,47628,0,4,7.3,No
6135-OZQVA,Female,No,7,Yes,No,DSL,No,Month-to-month,Yes,Electronic check,39,97900,725.4,0,5.6,No
8062-YBDOE,Male,No,1,Yes,Yes,Fiber optic,No,Month-to-month,No,Electronic check,55,73029,513.2,3.7,6.6,Yes
2252-JHJGE,Male,No,61,Yes,No,Fiber optic,No,One year,No,Electronic check,77,84433,363.3,1.4,7,No
4188-PCPIG,Female,No,57,Yes,Yes,DSL,Yes,Two year,Yes,Credit card (automatic),49,33638,457.2,1,8.2,No
6000-APYLU,Male,No,9,Yes,No,Fiber optic,No,Month-to-month,No,Electronic check,28,35439,483.4,9.8,3.7,Yes
7105-BENQF,Male,No,15,Yes,No,DSL,No,One year,Yes,Mailed check,49,34776,450.1,1.8,7.4,No
7721-DVEKZ,Female,No,1,Yes,No,No,No internet service,Month-to-month,No,Mailed check,55,24890,134,1.4,7.4,No
3566-VVORZ,Female,Yes,12,Yes,No phone service,DSL,No,Month-to-month,Yes,Bank transfer (automatic),27,35096,548.7,7.1,8.7,No
9507-HSMMZ,Male,No,54,Yes,Yes,No,No internet service,Two year,Yes,Mailed check,41,148259,596.4,5.5,7.1,No
2480-SQIOB,Male,No,4,Yes,Yes,DSL,No,Month-to-month,Yes,Electronic check,35,42907,316.2,0.6,6,No
0947-IDHRQ,Female,No,7,Yes,No,Fiber optic,No,Month-to-month,Yes,Mailed check,71,65947,588.6,5.8,4.7,Yes
7813-TKCVO,Female,Yes,,Yes,No,No,No internet service,One year,No,Mailed check,53,43778,718.4,0.6,6.8,No
0128-MKWSG,Female,No,26,No,Yes,DSL,Yes,Month-to-month,No,Mailed check,,49076,0,3.9,7.8,No
3672-YITQD,Male,No,36,Yes,Yes,Fiber optic,No,Month-to-month,Yes,Electronic check,45,80313,601.4,2.5,5.3,Yes
4350-ZTLPI,Female,No,53,Yes,Yes,Fiber optic,Yes,One year,No,Bank transfer (automatic),51,72458,841.2,1.5,8.1,No
9048-JVYVF,Male,Yes,3,Yes,Yes,DSL,Yes,Month-to-month,Yes,Electronic check,64,49145,381.7,5.2,5.1,Yes
0361-HJRDX,Female,Yes,68,No,Yes,DSL,Yes,Two year,Yes,Credit card (automatic),57,153800,0,2.6,9.5,No
5727-MYATE,Male,No,72,Yes,No,DSL,Yes,Two year,No,Credit card (automatic),37,37516,756.2,0.1,6.8,No
3823-KYNQY,Male,No,12,Yes,Yes,No,No internet service,One year,Yes,Credit card (automatic),42,58405,819.6,0.8,8.5,No
8988-ECPJR,Female,No,34,Yes,Yes,Fiber optic,No,Month-to-month,No,Mailed check,48,74771,481.7,5,7.9,Yes
7570-WELNY,Female,No,68,Yes,Yes,Fiber optic,No,Two year,Yes,Bank transfer (automatic),37,46605,500.1,1.2,7.9,No
3021-VLNRJ,Female,No,50,Yes,No,DSL,Yes,One year,No,Credit card (automatic),63,61506,94.1,0.3,7.1,No
3776-EKTKM,Female,No,1,No,No,DSL,No,Month-to-month,Yes,Electronic check,61,30563,0,6,5.9,Yes
2080-CAZNM,Female,No,41,Yes,Yes,Fiber optic,No,Month-to-month,Yes,Electronic check,35,40111,634.7,5.5,4.8,No
1028-FFNJK,Male,No,30,Yes,No,Fiber optic,Yes,Month-to-month,No,Electronic check,30,68702,753.9,0.8,6.7,No
6907-FLBER,Male,No,1,Yes,No,DSL,No,Month-to-month,No,Electronic check,27,80023,631.9,8.3,7.9,No
3001-UNBTL,Male,Yes,29,Yes,Yes,Fiber optic,No,Month-to-month,Yes,,37,33333,291.3,4,8.2,No
5982-PSMKW,Female,No,23,Yes,No,DSL,Yes,Two year,Yes,Credit card (automatic),36,48258,750.6,2,9,No
3507-GASNP,Male,No,60,Yes,No,No,No internet service,Two year,Yes,Mailed check,71,34823,503.6,1.5,7.5,No
7096-ZNBZI,Female,No,72,Yes,Yes,No,No internet service,Two year,Yes,Credit card (automatic),51,47426,625.3,0.5,7.5,No
1902-XBTFB,Male,No,22,Yes,No phone service,Fiber optic,No,Month-to-month,No,Electronic check,83,43858,245.1,5.6,3.8,Yes
1676-MQAOA,Male,No,72,Yes,No phone service,DSL,Yes,Two year,Yes,Bank transfer (automatic),73,44336,511,0,7,No
0786-IVLAW,Female,No,66,Yes,Yes,Fiber optic,No,One year,Yes,Bank transfer (automatic),49,39879,418.8,1,7.6,No
7566-DSRLQ,Female,No,72,Yes,No,Fiber optic,Yes,Two year,Yes,Electronic check,30,54069,489.7,2.4,7.1,No
0643-OKLRP,Female,No,47,Yes,Yes,Fiber optic,No,Month-to-month,Yes,Electronic check,43,59179,757.5,9.3,5.9,Yes
7245-JMTTQ,Female,No,51,Yes,No,Fiber optic,Yes,One year,No,Electronic check,32,34316,586,2.2,8.7,No
6050-IJRHS,Female,No,70,Yes,Yes,Fiber optic,No,One year,Yes,,21,53640,369,1.6,6.1,No
6202-JVYEU,Male,Yes,9,Yes,Yes,No,No internet service,One year,Yes,Electronic check,55,71389,471.5,1.9,7.7,No
8591-TKMZH,Male,No,59,Yes,No,Fiber optic,Yes,Two year,No,Mailed check,64,121916,891.9,2.5,10,No
0734-OXWBT,Male,No,,Yes,No phone service,DSL,Yes,Month-to-month,Yes,Mailed check,41,58525,517.6,4.9,6.5,No
4282-ACRXS,Male,No,38,No,No,DSL,No,Month-to-month,No,Electronic check,46,87140,0,4.4,5.2,No
0365-TRTPY,Female,No,37,Yes,No phone service,Fiber optic,No,Month-to-month,No,Bank transfer (automatic),74,48567,184.1,0.9,6.9,No
7349-ALMUX,Male,No,37,Yes,No,DSL,Yes,Two year,Yes,Bank transfer (automatic),74,68763,837.5,0.9,8.6,No
9381-NDKME,Female,No,24,No,No,DSL,No,Month-to-month,No,Credit card (automatic),37,82463,0,5.4,5.1,Yes
6502-KUGLL,Female,No,14,Yes,No,DSL,Yes,Month-to-month,Yes,,50,76075,451,6.9,6.5,No
1841-YSJGV,Male,No,72,Yes,Yes,Fiber optic,Yes,Two year,Yes,Credit card (automatic),44,108295,613.1,1,7.2,No
2794-XIMMO,Male,No,53,No,No,DSL,Yes,One year,No,Electronic check,42,60755,0,2.3,8.1,Yes
8382-SHQEH,Female,No,8,Yes,No phone service,Fiber optic,No,Month-to-month,No,Electronic check,53,24682,665.6,4.1,6.1,Yes
3511-BFTJW,Male,No,72,No,Yes,DSL,No,Two year,Yes,Credit card (automatic),44,52469,0,2,8.7,No
7668-XCFYV,Female,Yes,17,Yes,No,Fiber optic,No,Month-to-month,Yes,Electronic check,44,71731,530.6,5.5,6.4,No
2983-ZANRP,Female,No,2,Yes,No,Fiber optic,No,Month-to-month,Yes,Bank transfer (automatic),34,66569,592.7,3.6,6.9,Yes
7845-URHJN,Female,No,8,Yes,No,No,No internet service,Month-to-month,Yes,Bank transfer (automatic),38,23217,346.1,4.9,7.3,Yes
3034-ZBEQN,Female,No,48,No,No,DSL,No,One year,Yes,Mailed check,46,57464,0,2.6,6.6,Yes
5018-HEKFO,Female,Yes,10,Yes,No,No,No internet service,Month-to-month,Yes,Mailed check,55,46322,,3.1,5.6,No
2923-ARZLG,Male,No,0,Yes,No,No,No internet service,One year,No,Mailed check,65,68894,323.2,1.6,5.1,No
3976-NLDEZ,Male,No,1,Yes,No phone service,No,No internet service,Month-to-month,No,Mailed check,30,67709,454.1,9.6,8.1,No
2282-YGNOR,Female,No,29,Yes,Yes,DSL,Yes,One year,No,Credit card (automatic),27,64940,313.2,0,6.7,No
5336-UFNZP,Female,No,65,Yes,No,Fiber optic,No,One year,Yes,Electronic check,42,71734,621.6,,6.6,No
6854-EXGSF,Female,No,8,Yes,No,DSL,No,Month-to-month,Yes,Bank transfer (automatic),26,41743,492.7,0.1,5.5,No
1241-EZFMJ,Male,No,61,Yes,No,No,No internet service,Two year,Yes,Bank transfer (automatic),50,27657,565.5,2.2,6.4,No
9233-PSYHO,Female,No,45,Yes,No,Fiber optic,No,One year,Yes,Bank transfer (automatic),39,61011,790.9,0.8,7.2,No
5376-PCKNB,Male,No,72,Yes,Yes,Fiber optic,No,One year,Yes,Credit card (automatic),77,58838,452.7,1.3,6.8,No
8044-BGWPI,Male,No,12,Yes,Yes,No,No internet service,Month-to-month,Yes,Electronic check,68,27396,248.2,5.6,6.5,No
4060-LDNLU,Male,No,7,Yes,No phone service,Fiber optic,No,Month-to-month,No,Electronic check,51,48839,406.1,0,7.4,No
3589-PPVKW,Male,No,9,Yes,No,DSL,No,Month-to-month,Yes,Mailed check,46,67829,452.8,3.8,6.9,No
8327-LZKAS,Female,No,43,Yes,Yes,Fiber optic,Yes,One year,Yes,Electronic check,18,40785,463.3,3.5,5.1,Yes
5887-IKKYO,Male,No,58,Yes,No,Fiber optic,Yes,Two year,Yes,Bank transfer (automatic),64,24782,409.7,6.7,8.3,No
1075-BGWOH,Male,Yes,16,Yes,No,Fiber optic,No,Month-to-month,No,Electronic check,35,49951,585.2,1.9,3.8,Yes
1755-RMCXH,Male,No,2,Yes,Yes,No,No internet service,Month-to-month,Yes,Mailed check,64,50019,500.2,0,7.2,No
0302-JOIVN,Female,No,,Yes,No,Fiber optic,No,Month-to-month,Yes,Electronic check,82,56785,349.7,2.7,6.9,Yes
3858-XHYJO,Female,No,40,Yes,No,Fiber optic,No,One year,Yes,Bank transfer (automatic),71,87640,623.5,0.2,6.8,No
4299-SIMNS,Male,No,,Yes,Yes,Fiber optic,No,Month-to-month,Yes,Electronic check,30,18000,532.6,3.2,6.5,No
7025-IWFHT,Male,No,41,Yes,No,Fiber optic,Yes,One year,No,Electronic check,36,38337,287.5,1.4,7.4,No
6261-LHRTG,Female,No,26,Yes,Yes,DSL,No,Month-to-month,Yes,Credit card (automatic),31,24529,427,1.8,5.6,No
7841-FCRQD,Female,No,33,Yes,Yes,DSL,Yes,One year,Yes,Credit card (automatic),46,41859,425.7,0.7,9.3,No
2056-EVGZL,Male,No,68,Yes,No,Fiber optic,Yes,One year,Yes,Credit card (automatic),47,44858,554.6,1,9.7,No
8777-MBMTS,Female,No,65,Yes,No,Fiber optic,Yes,Two year,No,Credit card (automatic),39,24968,481.6,0,8,No
7753-USQYQ,Male,No,55,Yes,Yes,DSL,Yes,One year,Yes,Electronic check,51,41027,806.8,1.8,6.5,No
5366-IJEQJ,Male,No,20,Yes,No,Fiber optic,No,Month-to-month,Yes,Electronic check,49,35978,841,7.2,5,Yes
7661-CPURM,Male,No,19,Yes,No,Fiber optic,Yes,One year,No,Credit card (automatic),44,59003,495.9,0.3,6.9,No
6233-HXJMX,Female,No,45,Yes,Yes,Fiber optic,No,Month-to-month,No,Credit card (automatic),66,41047,490.5,4.1,5.5,No
5902-WBLSE,Female,No,70,Yes,No,No,No internet service,Two year,No,Credit card (automatic),40,48657,203,1.9,5.1,No
1981-INRFU,Female,No,,Yes,Yes,Fiber optic,No,Month-to-month,No,Electronic check,66,32676,469.7,5.3,5.5,Yes
4971-PUYQO,Female,No,27,Yes,Yes,Fiber optic,No,Month-to-month,Yes,Mailed check,77,37107,578.6,4,5.7,Yes
3239-TPHPZ,Female,Yes,12,Yes,No,No,No internet service,Two year,Yes,Electronic check,34,49177,916.5,5.7,6.8,No
5115-GZDEL,Male,No,72,No,No,DSL,Yes,Two year,Yes,Credit card (automatic),50,21557,0,1,10,No
3338-CVVEH,Male,No,12,Yes,No phone service,Fiber optic,No,Month-to-month,Yes,Electronic check,66,81563,498.2,0.5,7.1,No
8485-GJCDN,Female,No,5,Yes,No,Fiber optic,No,Month-to-month,Yes,Mailed check,42,44621,764.8,9.2,4.5,Yes
2615-YVMYX,Male,Yes,71,Yes,Yes,Fiber optic,No,Month-to-month,Yes,Electronic check,28,43452,503.7,9.5,7,No
2851-STERV,Male,No,35,Yes,No,DSL,Yes,One year,Yes,Electronic check,47,97792,599,6.9,7.7,No
4393-GEADV,Male,No,70,Yes,Yes,Fiber optic,Yes,Two year,No,Credit card (automatic),76,47403,850.8,3.5,7.7,No
8486-AYEQH,Female,No,31,Yes,Yes,Fiber optic,No,Month-to-month,Yes,Electronic check,33,53178,754.7,6.3,8.4,No
1527-SXDPN,Male,No,52,Yes,No phone service,Fiber optic,Yes,Two year,Yes,Bank transfer (automatic),48,75549,474.5,2.7,6,Yes
6029-WTIPC,Male,No,37,Yes,Yes,Fiber optic,No,Month-to-month,Yes,Electronic check,45,20029,656.5,2.8,6.5,Yes
8634-CILSZ,Male,No,,Yes,No,Fiber optic,Yes,One year,No,Bank transfer (automatic),29,49048,449.6,3.5,5.3,Yes
5419-JKZNQ,Male,No,30,Yes,No,Fiber optic,No,Month-to-month,No,Mailed check,80,65087,616.2,2.9,6.1,No
2495-KZNFB,Female,No,33,Yes,No,Fiber optic,No,Month-to-month,Yes,Electronic check,43,64946,751.6,2.4,6,No
1409-PHXTF,Male,No,54,Yes,No phone service,Fiber optic,Yes,Two year,Yes,Electronic check,70,49105,798.8,4.9,6.8,No
4560-WQAQW,Female,No,59,Yes,Yes,DSL,Yes,One year,Yes,Bank transfer (automatic),58,39302,517.3,1,7.6,No
9591-YVTEB,Male,No,55,No,Yes,DSL,No,Month-to-month,Yes,Electronic check,32,44313,0,8.2,9.7,No
9309-BZGNT,Male,No,69,No,Yes,DSL,No,One year,Yes,Credit card (automatic),45,69330,0,2.1,9.3,No
4274-DRSQT,Female,No,66,Yes,No,Fiber optic,No,One year,Yes,Bank transfer (automatic),32,55087,604.9,0.4,6.7,No
2027-DNKIV,Male,No,37,Yes,No phone service,DSL,Yes,One year,Yes,Mailed check,36,63543,334.2,0,7.3,No
8075-GXIUB,Male,No,9,Yes,No,No,No internet service,One year,No,Credit card (automatic),34,28810,191.2,3.6,5.2,No
2885-HIJDH,Male,Yes,69,Yes,No,DSL,Yes,Two year,No,Bank transfer (automatic),26,129095,630.7,0.8,7.2,No
5424-RLQLC,Male,No,10,Yes,Yes,DSL,No,Month-to-month,No,Mailed check,50,101918,327.6,1.8,6.4,No
6682-QJDGB,Male,No,40,Yes,No,DSL,No,Month-to-month,No,Mailed check,68,47354,25,4.7,6.9,Yes
6507-DTJZV,Male,No,13,Yes,Yes,DSL,No,Month-to-month,Yes,Credit card (automatic),20,94216,427.3,0.9,5.9,No
8780-IXSTS,Female,No,6,Yes,Yes,Fiber optic,No,Month-to-month,Yes,Electronic check,69,106512,787.4,7.2,2.4,Yes
7673-BQGKU,Female,Yes,69,Yes,Yes,No,No internet service,Two year,Yes,Bank transfer (automatic),76,78998,886.1,0.7,7.5,No
6723-WSNTY,Female,No,66,Yes,Yes,Fiber optic,Yes,One year,No,Credit card (automatic),75,67533,355.1,2.7,9.9,No
9530-EHPOH,Male,No,11,Yes,No,DSL,No,Month-to-month,No,Electronic check,60,135002,600.6,7.1,6.7,Yes
2725-IWWBA,Male,No,46,Yes,No,DSL,Yes,One year,Yes,Mailed check,42,44819,468.3,3.7,6.4,No
0345-HKJVM,Female,No,6,Yes,No,Fiber optic,No,Month-to-month,Yes,Electronic check,72,192866,279.7,3.5,5.8,Yes
1061-PNTHC,Female,No,56,Yes,Yes,Fiber optic,Yes,Month-to-month,No,Mailed check,38,70124,275.9,14.5,5.7,No
0394-YONDK,Male,No,70,Yes,No,No,No internet service,Two year,No,,48,64175,682.4,2,8.1,No
6574-MCOEH,Female,No,33,Yes,No,DSL,Yes,One year,Yes,Electronic check,51,59475,531.9,5.4,6.2,No
7399-QHBJS,Female,No,72,Yes,No,DSL,Yes,Two year,No,Credit card (automatic),41,142212,872,0,7.1,No
3049-SOLAY,Female,No,3,Yes,Yes,Fiber optic,No,Month-to-month,Yes,Electronic check,50,34167,705.7,3.6,7.4,Yes
0997-YTLNY,Female,No,19,Yes,Yes,DSL,Yes,Month-to-month,Yes,Mailed check,47,103292,266.5,2.5,7.3,No
3317-HRTNN,Female,No,5,No,No,DSL,No,Month-to-month,Yes,Electronic check,37,33184,0,4,4.8,Yes
9479-HYNYL,Female,No,71,Yes,No,DSL,Yes,Two year,Yes,Credit card (automatic),25,133482,342.3,0.2,7.8,No
3235-ETOOB,Male,No,8,Yes,Yes,Fiber optic,No,Month-to-month,No,Electronic check,40,44907,541.3,2.9,6.5,Yes
9708-KFDBY,Male,No,1,Yes,No,No,No internet service,Month-to-month,Yes,Credit card (automatic),45,43976,319,1.4,7.3,No
8058-INTPH,Female,No,1,Yes,Yes,Fiber optic,No,Month-to-month,No,Electronic check,23,83977,546.3,3.2,1.7,Yes
3642-GKTCT,Female,No,61,Yes,No,Fiber optic,Yes,One year,Yes,Mailed check,37,28178,763.3,1.5,9.1,No
0774-RMNUW,Female,No,71,No,No phone service,DSL,Yes,Two year,Yes,,47,70440,0,0.9,7.3,No
1334-PDUKM,Female,No,68,Yes,Yes,Fiber optic,No,One year,No,Credit card (automatic),41,31169,696.6,0,8.3,No
0756-MPZRL,Male,No,46,No,No,DSL,Yes,One year,Yes,Credit card (automatic),66,51965,0,0.3,8.3,No
2242-MFOTG,Male,No,33,Yes,No,Fiber optic,No,One year,No,Bank transfer (automatic),21,48281,549.2,0.4,4.6,No
2927-CVULT,Female,Yes,53,Yes,No,Fiber optic,Yes,Two year,No,Bank transfer (automatic),76,50671,488,1.9,8,No
2144-BFDSO,Female,No,50,Yes,No,Fiber optic,No,Month-to-month,Yes,Bank transfer (automatic),47,58134,817.9,1.6,6.4,No
8745-PVESG,Female,No,57,No,Yes,DSL,Yes,One year,No,Credit card (automatic),74,42319,0,3.5,9.8,No
7647-GYYKX,Female,No,54,Yes,No,No,No internet service,Two year,Yes,Bank transfer (automatic),25,49640,822.1,0.1,6.9,No
5647-FXOTP,Female,Yes,60,Yes,Yes,Fiber optic,No,Month-to-month,No,Electronic check,80,49593,529.1,7.6,6.9,No
5569-OUICF,Female,No,,Yes,Yes,Fiber optic,Yes,Month-to-month,Yes,Credit card (automatic),30,66768,412.6,3.5,6.2,Yes
8821-XNHVZ,Female,No,1,Yes,No,Fiber optic,No,Month-to-month,No,Mailed check,26,53803,510.6,1.5,7,Yes
2082-OJVTK,Male,Yes,29,Yes,Yes,Fiber optic,No,Month-to-month,No,Electronic check,68,61328,214.6,3.5,5.3,Yes
9700-ISPUP,Female,No,10,Yes,Yes,DSL,Yes,Month-to-month,Yes,Electronic check,36,63896,311.8,12.4,6.5,No
9839-ETQOE,Male,No,43,No,No,DSL,No,Month-to-month,Yes,Electronic check,22,58918,0,4.8,8,No
6078-VESFR,Male,No,13,Yes,No,Fiber optic,No,Month-to-month,Yes,Bank transfer (automatic),53,109491,468.7,1.9,6.8,No
9027-TMATR,Female,No,43,Yes,Yes,DSL,Yes,Two year,Yes,Electronic check,45,25421,751.8,3.2,7.3,No
5940-NFXKV,Male,No,19,Yes,No,Fiber optic,No,Month-to-month,No,Electronic check,81,92974,727.8,8.6,3.4,Yes
1941-HOSAM,Male,No,1,Yes,No,Fiber optic,No,Month-to-month,No,Electronic check,28,46785,401.6,0,5.7,No
9110-HSGTV,Female,No,69,Yes,No,DSL,Yes,Two year,Yes,Credit card (automatic),24,122657,352.5,1.6,7,No
0704-VCUMB,Female,No,61,Yes,No,No,No internet service,Two year,Yes,Credit card (automatic),47,60132,670.1,0.8,6.1,No
6171-ZTVYB,Male,No,43,Yes,Yes,DSL,Yes,Month-to-month,No,Bank transfer (automatic),73,48331,444.9,3.7,8.9,No
8053-WWDRO,Female,No,6,Yes,No,No,No internet service,Month-to-month,Yes,Bank transfer (automatic),45,107728,600.8,5.4,6.5,Yes
9564-KCLHR,Male,No,1,Yes,Yes,DSL,Yes,Month-to-month,Yes,Mailed check,29,137860,259.5,7.6,7,Yes
1935-IMVBB,Male,No,56,Yes,No,Fiber optic,No,Month-to-month,No,Mailed check,35,30861,234.3,0.8,6.5,No
2535-PBCGC,Female,No,70,No,No,DSL,Yes,Two year,No,Bank transfer (automatic),34,62513,0,0.9,6.6,No
2082-CEFLT,Male,No,1,Yes,Yes,DSL,No,Month-to-month,Yes,,23,74627,550.7,5.9,5.5,Yes
1470-PSXNM,Male,No,49,Yes,No,Fiber optic,No,One year,Yes,Electronic check,20,56426,647.7,4.7,7.4,No
1213-NGCUN,Female,Yes,6,Yes,No,DSL,Yes,Month-to-month,Yes,Bank transfer (automatic),40,56497,366.2,4.6,4.3,Yes
2498-XLDZR,Female,Yes,32,Yes,No,DSL,Yes,Two year,Yes,Mailed check,76,,261.2,0.4,7.9,No
9866-OCCKE,Female,No,72,Yes,Yes,Fiber optic,Yes,Two year,No,Mailed check,40,104392,674.4,3,6.9,No
5338-YHWYT,Male,No,37,Yes,Yes,DSL,Yes,Two year,Yes,Credit card (automatic),64,38410,460.9,0.2,7,No
7718-UPSKJ,Female,No,69,Yes,No,Fiber optic,Yes,One year,Yes,Credit card (automatic),24,30012,486.3,1.1,8.1,No
8731-WBBMB,Female,Yes,26,Yes,Yes,DSL,Yes,Month-to-month,Yes,Bank transfer (automatic),76,59396,693.2,2,,No
1448-CYWKC,Female,No,58,Yes,Yes,Fiber optic,No,One year,Yes,Credit card (automatic),26,62545,687.1,1.2,5.2,No
7901-IIDQV,Male,No,24,Yes,Yes,DSL,Yes,One year,Yes,Bank transfer (automatic),76,21120,215.3,0.4,6.6,No
2690-DVRVK,Male,No,5,Yes,Yes,No,No internet service,One year,Yes,Electronic check,39,100997,499.4,16,6.4,No
5688-KZTSN,Male,No,15,Yes,No,No,No internet service,Month-to-month,Yes,Electronic check,40,45247,496.4,3.6,7.8,Yes
1270-XKUCC,Female,No,30,Yes,Yes,No,No internet service,Two year,No,Mailed check,37,21736,225.2,2.5,9.9,No
0334-ZFJSR,Female,No,55,Yes,No,DSL,Yes,One year,Yes,Credit card (automatic),41,42352,807.2,1.1,6.9,No
2894-QOJRX,Female,Yes,25,No,Yes,DSL,No,Month-to-month,No,Bank transfer (automatic),35,43870,0,2.5,6.4,Yes
5747-PMBSQ,Male,No,,Yes,No phone service,Fiber optic,Yes,Month-to-month,Yes,Mailed check,39,118374,479.1,4.6,5.4,Yes
5583-EJXRD,Male,No,44,No,No,DSL,Yes,Two year,No,Credit card (automatic),52,53032,0,1.6,9.5,No
4565-EVZMJ,Female,No,47,Yes,Yes,DSL,Yes,One year,Yes,Mailed check,35,64236,,1.7,6.4,No
3143-JQEGI,Female,No,13,Yes,Yes,Fiber optic,No,Month-to-month,Yes,Electronic check,84,28339,702.6,4.3,4,Yes
6386-SZZKH,Female,No,49,Yes,No,Fiber optic,Yes,Two year,Yes,Bank transfer (automatic),72,154472,548.1,4.2,6.8,Yes
3327-YBAKM,Female,No,64,Yes,No,Fiber optic,Yes,One year,No,Mailed check,49,32484,650.6,2.5,6,No
9441-QHEVC,Male,No,1,Yes,Yes,No,No internet service,Month-to-month,Yes,Mailed check,64,32417,406,2.1,5.5,No
6705-LNMDD,Male,No,20,Yes,No,DSL,Yes,Month-to-month,No,Mailed check,45,34725,410.3,1.2,7,No
2580-ASVVY,Female,No,37,No,Yes,DSL,Yes,Two year,No,Electronic check,77,115367,0,2.4,7,No
3370-GQEAL,Male,No,30,Yes,No,Fiber optic,No,Month-to-month,Yes,Electronic check,32,46589,604.1,2.6,5.2,No
5032-USPKF,Female,No,38,Yes,No,DSL,No,One year,Yes,Bank transfer (automatic),46,47019,874.2,0.7,7.4,No
2982-IHMFT,Female,No,,Yes,No,Fiber optic,No,Month-to-month,Yes,Mailed check,34,32145,838.9,5.8,5.4,Yes
3521-SYVOR,Female,No,37,Yes,No phone service,DSL,No,Month-to-month,No,Electronic check,21,,504.3,2.6,5.3,Yes
4254-QPEDE,Female,No,52,No,Yes,DSL,Yes,Two year,No,Credit card (automatic),48,144757,0,1.2,9.3,No
6283-GITPX,Male,Yes,71,Yes,Yes,DSL,Yes,Two year,Yes,Credit card (automatic),33,97852,500.8,2.5,8.9,No
9526-JAWYF,Male,Yes,26,Yes,No,Fiber optic,No,Month-to-month,No,Electronic check,54,65674,199.2,10.5,5,Yes
0771-CHWSK,Male,No,66,Yes,No,DSL,No,Two year,No,Credit card (automatic),56,26298,609.2,0.7,6.1,No
9788-HNGUT,Male,No,72,Yes,Yes,Fiber optic,Yes,Two year,Yes,Credit card (automatic),74,35044,565.4,1.3,8,No
9495-REDIY,Male,No,25,No,No,DSL,No,One year,Yes,Credit card (automatic),52,28183,0,0,7.9,No
5375-XLDOF,Male,No,69,Yes,Yes,Fiber optic,Yes,Two year,No,,75,42554,687.9,1.2,7.2,No
1172-VIYBP,Male,No,53,Yes,Yes,DSL,No,Two year,Yes,Bank transfer (automatic),61,41835,657.7,0.9,9.6,No
5649-VUKMC,Female,Yes,12,Yes,Yes,Fiber optic,No,One year,Yes,Mailed check,43,28011,512.5,2.4,5.9,Yes
6559-PDZLR,Male,No,26,Yes,No,Fiber optic,Yes,Month-to-month,Yes,Electronic check,29,18000,317.6,7,6.9,No
8992-OBVDG,Male,No,21,Yes,No,DSL,No,Month-to-month,No,Mailed check,45,55791,339.5,5.2,7.4,No
4273-MBHYA,Female,No,1,Yes,Yes,Fiber optic,No,Month-to-month,No,Electronic check,19,60205,320.5,1.5,7,No
4724-WXVWF,Male,No,48,Yes,Yes,Fiber optic,Yes,Month-to-month,Yes,Electronic check,83,56827,763.8,2.4,7.2,No
5701-GUXDC,Female,No,26,No,No,DSL,No,One year,Yes,Credit card (automatic),53,56018,0,0.2,7.5,No
1460-UZPRJ,Male,No,60,Yes,No phone service,No,No internet service,Two year,No,Mailed check,74,35825,612.2,1.9,7.7,No
6082-GLJIX,Male,No,18,Yes,No,No,No internet service,Month-to-month,Yes,,43,74871,262.3,3.1,6.8,No
5143-EGQFK,Female,No,10,No,Yes,DSL,Yes,Month-to-month,Yes,Electronic check,38,87590,0,3.9,4.8,Yes
4919-IKATY,Male,Yes,5,Yes,Yes,Fiber optic,No,Month-to-month,No,Electronic check,55,97597,543.6,11.4,6.1,Yes
2495-TTHBQ,Female,No,4,Yes,No,No,No internet service,One year,Yes,Mailed check,36,122342,459.2,2.5,9.1,No
0485-ZBSLN,Male,No,65,Yes,Yes,No,No internet service,Two year,No,Credit card (automatic),36,66350,623.6,0.5,9,No
3810-PJUHR,Male,No,,Yes,Yes,No,No internet service,Two year,Yes,Mailed check,46,62483,687.7,1.3,9,No
9050-QLROH,Male,No,18,Yes,No,Fiber optic,No,Month-to-month,Yes,Credit card (automatic),67,41999,681.2,3.1,6,Yes
0847-HGRML,Male,No,62,Yes,No phone service,No,No internet service,Two year,Yes,Bank transfer (automatic),52,38337,370.7,0.9,8.1,No
8232-CTLKO,Female,Yes,66,Yes,No,DSL,No,Two year,No,Electronic check,31,83131,348.8,1.2,6.8,No
9227-YBAXE,Female,No,65,Yes,No,DSL,Yes,Two year,No,Bank transfer (automatic),39,47502,581.3,0.6,8,No
6168-WFVVF,Female,No,3,Yes,Yes,Fiber optic,No,Month-to-month,Yes,Electronic check,40,159287,267.8,7.5,6.5,Yes
9860-LISIZ,Female,No,34,Yes,Yes,No,No internet service,Month-to-month,No,Mailed check,38,70229,314.7,2.9,6.5,No
0112-QAWRZ,Male,No,16,Yes,Yes,Fiber optic,No,Month-to-month,No,Bank transfer (automatic),36,81505,405.5,0.6,4.7,No
0877-SDMBN,Female,No,54,Yes,No,Fiber optic,No,One year,Yes,Bank transfer (automatic),31,59049,521,4.2,6,Yes
2786-GCDPI,Female,Yes,50,Yes,No,Fiber optic,Yes,Month-to-month,Yes,Electronic check,28,49905,740.5,11.3,6.7,No
4043-MKDTV,Male,No,71,Yes,No,Fiber optic,Yes,Two year,Yes,Electronic check,54,29512,348.3,4.8,8.5,No
8065-YKXKD,Female,No,10,Yes,No,Fiber optic,No,Month-to-month,Yes,Electronic check,56,28488,516.5,3.2,5.9,Yes
9637-EIHEQ,Female,Yes,1,Yes,Yes,DSL,Yes,Month-to-month,No,Electronic check,58,55565,610,5.9,6.7,Yes
9229-RQABD,Male,No,18,Yes,No phone service,No,No internet service,One year,Yes,,34,96611,490.7,0.6,9.5,No
8313-KTIHG,Male,Yes,4,Yes,Yes,DSL,Yes,Month-to-month,No,Electronic check,56,103421,329.7,1.4,6.7,No
5320-BRKGK,Female,Yes,58,Yes,No phone service,DSL,Yes,Two year,Yes,Mailed check,49,82139,567.5,0.9,7,No
6284-KMNUF,Female,No,56,Yes,Yes,Fiber optic,No,One year,No,Electronic check,79,62697,571.9,6,6.5,No
9689-PTNPG,Male,No,2,Yes,Yes,Fiber optic,No,Month-to-month,Yes,Electronic check,20,48655,324.6,5.7,6.1,Yes
9465-RWMXL,Male,No,32,Yes,Yes,Fiber optic,No,Month-to-month,No,Electronic check,32,84739,640.1,5.7,4.6,Yes
6229-UOLQL,Male,Yes,56,No,No phone service,DSL,Yes,One year,Yes,Mailed check,48,60909,0,3.9,8.5,No
2362-IBOOY,Male,No,36,Yes,No,Fiber optic,No,Month-to-month,Yes,Electronic check,46,58894,508.8,7,6.2,Yes
3137-LUPIX,Female,No,4,Yes,No,DSL,Yes,Month-to-month,No,Mailed check,78,29456,395.1,1.6,7.7,No
0843-WTBXE,Male,No,53,Yes,No,Fiber optic,No,Month-to-month,Yes,Bank transfer (automatic),20,59198,631.5,4.8,2.2,Yes
6143-JQKEA,Male,Yes,10,Yes,No phone service,DSL,No,Month-to-month,No,Credit card (automatic),35,58515,422.9,4.2,7.7,No
8676-OOQEJ,Male,No,4,No,No,DSL,Yes,Month-to-month,No,Electronic check,36,45214,0,0,9.1,No
5515-IDEJJ,Male,No,1,Yes,No,No,No internet service,Month-to-month,No,Mailed check,61,36555,229.9,4.8,5.3,Yes
9701-CDXHR,Female,Yes,51,Yes,No,Fiber optic,No,Month-to-month,No,Mailed check,81,65055,441.9,,7.2,No
7450-NWRTR,Male,No,12,Yes,No phone service,Fiber optic,No,Month-to-month,No,Electronic check,79,81851,590.3,6,5.2,Yes
8124-NZVGJ,Female,No,6,No,No,DSL,Yes,One year,Yes,Mailed check,39,49773,0,3.5,7.6,No
2162-FRZAA,Male,No,63,No,Yes,DSL,Yes,Two year,Yes,Bank transfer (automatic),54,44895,0,2.8,7.6,No
5376-DEQCP,Female,No,1,Yes,Yes,Fiber optic,No,Month-to-month,No,Electronic check,40,56940,559.3,7.4,6.7,Yes
5118-MUEYH,Female,No,48,Yes,Yes,Fiber optic,Yes,Month-to-month,Yes,Credit card (automatic),55,60530,669.7,1.9,6.8,No
9095-HFAFX,Female,No,5,Yes,No,Fiber optic,No,Month-to-month,Yes,Credit card (automatic),33,55946,,7.3,5,Yes
5627-TVBPP,Female,No,35,Yes,Yes,No,No internet service,One year,Yes,Credit card (automatic),34,38284,66.5,1.1,10,No
2379-ENZGV,Male,No,6,Yes,No,Fiber optic,No,Month-to-month,Yes,,42,49841,571.6,5.2,4.9,Yes
3936-QQFLL,Male,No,,Yes,No,No,No internet service,Month-to-month,Yes,Mailed check,41,124906,485.4,6.9,5.8,No
2589-AYCRP,Female,No,50,Yes,Yes,No,No internet service,One year,No,Bank transfer (automatic),49,47275,271.6,1.5,6.8,No
4067-HLYQI,Female,No,,Yes,Yes,Fiber optic,No,Month-to-month,Yes,Bank transfer (automatic),70,32380,442.8,0.3,7.2,No
5124-EOGYE,Male,No,31,Yes,No,No,No internet service,Two year,Yes,Mailed check,53,40106,462.7,1,7,No
5057-RKGLH,Female,No,9,Yes,No,No,No internet service,Two year,Yes,Mailed check,64,30353,380.7,1.4,7.4,No
0292-WEGCH,Female,No,54,Yes,Yes,DSL,Yes,Month-to-month,Yes,Electronic check,44,30881,646.8,2.3,8,No
8910-ICHIU,Female,No,46,Yes,No,Fiber optic,No,One year,Yes,Credit card (automatic),70,39682,519.5,2.2,4.9,No
4097-YODCF,Male,No,34,Yes,No,Fiber optic,No,One year,No,Electronic check,46,36383,460,6.9,7.4,No
9715-WZCLW,Male,No,71,Yes,No,Fiber optic,No,Two year,Yes,Electronic check,49,77969,264.9,3.5,7.5,No
9786-YWNHU,Female,No,63,Yes,Yes,DSL,Yes,Two year,Yes,Mailed check,24,55165,338.7,1.8,8.8,No
6407-GSJNL,Female,No,51,Yes,Yes,No,No internet service,Two year,No,Bank transfer (automatic),75,19135,539.1,0.5,7.9,No
6005-OBZPH,Female,Yes,26,Yes,No phone service,Fiber optic,No,Month-to-month,No,Electronic check,32,55332,600.1,4.2,5.3,Yes
4049-ZPALD,Female,No,64,Yes,No,Fiber optic,No,Two year,Yes,Bank transfer (automatic),32,72438,555.5,1.2,5.9,No
7932-WPTDS,Female,No,1,No,Yes,DSL,No,Month-to-month,No,Electronic check,83,60298,0,17,7.7,Yes
3733-UOCWF,Male,No,61,Yes,Yes,Fiber optic,Yes,One year,Yes,Bank transfer (automatic),46,52099,766,2.7,8.9,No
6833-JMZYP,Female,No,15,Yes,No,Fiber optic,No,Month-to-month,Yes,Credit card (automatic),43,81885,411,1.8,5.8,No
2722-VOJQL,Male,No,64,Yes,Yes,Fiber optic,Yes,One year,Yes,Credit card (automatic),75,65882,437.2,5.1,6.6,Yes
1310-QRITU,Female,No,18,Yes,No,DSL,No,Month-to-month,Yes,Electronic check,58,53875,785,2.9,7.6,No
8961-QDZZJ,Female,No,57,Yes,No phone service,Fiber optic,No,One year,No,Electronic check,30,66884,566.8,3.7,6.3,No
9715-SBVSU,Male,No,,Yes,No,DSL,No,Two year,Yes,Bank transfer (automatic),64,51367,362.8,1.9,7.5,No
8490-BXHEO,Male,Yes,18,Yes,No,Fiber optic,No,Month-to-month,Yes,Credit card (automatic),39,59979,519.7,1.3,5.8,No
7173-TETGO,Female,No,72,Yes,Yes,Fiber optic,No,Two year,No,Bank transfer (automatic),22,94580,590.1,1.7,7.6,No
7929-SKFGK,Male,No,70,Yes,No,Fiber optic,Yes,Two year,Yes,Credit card (automatic),30,55225,,0.4,9,No
2300-RQGOI,Female,No,38,Yes,No,No,No internet service,Two year,Yes,Mailed check,47,18440,507.7,3.8,7.6,No
3563-SVYLG,Male,No,68,Yes,No phone service,DSL,Yes,Two year,No,Credit card (automatic),38,97914,340.5,1.1,9.6,No
5228-EXCET,Male,No,13,Yes,No phone service,Fiber optic,No,Month-to-month,Yes,Electronic check,54,79708,276.6,5.4,5.1,Yes
6435-VWCCY,Male,No,65,Yes,No,Fiber optic,No,Two year,No,Credit card (automatic),54,50994,470.4,3.8,9,No
4998-IKFSE,Female,Yes,30,Yes,Yes,Fiber optic,No,Month-to-month,No,Electronic check,30,83811,684.5,0.1,5.2,No
8630-QSGXK,Male,No,51,Yes,No,DSL,Yes,Two year,No,Bank transfer (automatic),55,50917,584.4,1.7,8.1,No
2455-USLMV,Female,No,31,Yes,Yes,Fiber optic,No,Month-to-month,No,Credit card (automatic),42,48548,362.9,5,7.7,No
7394-FKDNK,Female,No,9,Yes,Yes,Fiber optic,No,Month-to-month,Yes,Electronic check,49,108589,388,3.1,6.4,Yes
9488-FVZCC,Female,No,72,Yes,Yes,DSL,Yes,Two year,No,Bank transfer (automatic),79,103576,1106.5,1.2,8.2,No
6331-LWDTQ,Male,No,10,Yes,No,DSL,No,Month-to-month,Yes,Credit card (automatic),28,52184,474.2,3.6,3.9,Yes
5995-WWKKG,Female,No,37,Yes,No,No,No internet service,One year,No,Electronic check,46,38681,490.5,3.6,5.4,No
1597-FZREH,Female,No,2,Yes,No,DSL,Yes,Month-to-month,No,Electronic check,56,93781,201.3,8.1,7.1,Yes
7879-CGSFV,Male,Yes,55,Yes,Yes,Fiber optic,No,One year,Yes,Mailed check,35,56504,493.8,5.8,8.2,No
9921-EZKBY,Male,No,33,Yes,No,Fiber optic,No,Month-to-month,Yes,Bank transfer (automatic),36,139844,405.7,4,4.8,No
7432-FFVAR,Female,No,46,Yes,Yes,Fiber optic,Yes,One year,Yes,Bank transfer (automatic),44,43829,289.2,0.9,8.4,No
7246-ZGQDF,Female,No,1,Yes,Yes,DSL,Yes,Month-to-month,No,Electronic check,47,53942,374.7,1.6,7.4,No
7000-WCEVQ,Female,No,20,Yes,Yes,DSL,No,Month-to-month,No,Mailed check,32,110668,626.9,5.1,6.9,Yes
0727-IWKVK,Male,No,9,Yes,No,Fiber optic,No,Month-to-month,Yes,Electronic check,51,101243,617.8,5.1,6,Yes
5959-BELXA,Male,No,32,Yes,Yes,Fiber optic,No,Month-to-month,Yes,Credit card (automatic),30,60975,452.6,5.4,6.2,Yes
4456-RHSNB,Female,No,19,Yes,No,DSL,No,Month-to-month,Yes,Bank transfer (automatic),48,76132,416,3.7,4.5,No
3512-IZIKN,Female,No,70,Yes,No,DSL,Yes,Two year,Yes,Credit card (automatic),69,50859,682.8,4,8.8,Yes
2481-SBOYW,Female,No,61,Yes,Yes,No,No internet service,Two year,Yes,Credit card (automatic),33,35444,572,1.8,6.8,No
7109-MFBYV,Male,No,26,Yes,No,DSL,No,Month-to-month,Yes,Electronic check,20,28017,187.3,1.4,8.3,No
1833-TCXKK,Male,No,45,Yes,Yes,Fiber optic,No,Month-to-month,No,Bank transfer (automatic),48,98748,533.8,1.7,5.6,No
1832-PEUTS,Male,No,62,Yes,Yes,Fiber optic,No,Two year,Yes,Credit card (automatic),71,121051,634.3,1.4,7.6,No
6141-OOXUQ,Male,No,1,Yes,No,No,No internet service,Month-to-month,Yes,,62,92223,447.2,5.6,5.2,Yes
8660-BUETV,Female,No,3,Yes,No,DSL,No,Month-to-month,Yes,Mailed check,35,40079,316.9,9.4,5.7,No
0580-PIQHM,Female,No,41,Yes,No,Fiber optic,No,One year,Yes,Bank transfer (automatic),49,98957,480.3,2.1,7.7,No
5696-CEIQJ,Male,No,67,Yes,No,Fiber optic,Yes,Two year,Yes,Bank transfer (automatic),18,,625.5,2.1,7.6,No
7503-ZGUZJ,Male,No,1,Yes,No,Fiber optic,No,Month-to-month,No,Mailed check,18,50969,838.9,2.7,6.6,Yes
1696-HXOWK,Female,Yes,71,Yes,No,Fiber optic,No,One year,Yes,Mailed check,51,46243,807,3,8.7,No
3026-ATZYV,Female,No,37,Yes,No,DSL,No,One year,No,Bank transfer (automatic),65,107172,396.9,1.2,6.3,No
4012-YCFAI,Male,No,60,Yes,No,DSL,Yes,Two year,Yes,Mailed check,47,131534,395.6,1.2,7.6,No
2506-TNFCO,Female,No,1,Yes,No,Fiber optic,No,Month-to-month,No,Electronic check,76,65138,455,9.3,5.9,Yes
9970-QBCDA,Female,No,6,Yes,Yes,No,No internet service,Month-to-month,Yes,Credit card (automatic),32,62085,,1.3,6.1,No
8718-PTMEZ,Female,No,13,No,No,DSL,No,Month-to-month,No,Electronic check,45,32679,0,12.1,6,Yes
9496-IVVRP,Female,No,11,Yes,Yes,DSL,No,Month-to-month,Yes,Bank transfer (automatic),49,44190,107.2,5.3,7.2,No
2207-OBZNX,Male,No,7,Yes,No,DSL,No,Month-to-month,No,Mailed check,36,72433,25,4.8,4.6,Yes
2657-VPXTA,Female,Yes,10,Yes,No,Fiber optic,No,Month-to-month,No,Electronic check,34,28133,507.7,7,10,No
6551-VLJMV,Male,Yes,34,Yes,No,No,No internet service,Two year,Yes,Credit card (automatic),57,63570,501.8,0,8.3,No
1221-GHZEP,Female,No,62,Yes,No,DSL,Yes,Two year,Yes,Mailed check,40,53955,343.6,1.1,7.8,No
9289-LBQVU,Male,No,64,Yes,Yes,DSL,Yes,One year,Yes,Mailed check,30,47956,508.3,0.5,6.8,No
6142-VSJQO,Female,No,1,Yes,No,DSL,No,Month-to-month,Yes,Bank transfer (automatic),33,33121,524.6,3.2,4.6,Yes
3458-IDMFK,Male,No,25,Yes,Yes,No,No internet service,Two year,No,Mailed check,51,36853,522.1,0.4,7.2,No
6933-FHBZC,Female,No,26,Yes,No,DSL,No,One year,No,Mailed check,62,71694,624.7,0.9,6.7,No
0221-NAUXK,Male,No,10,Yes,Yes,No,No internet service,One year,No,Bank transfer (automatic),44,50532,348.2,2.6,,No
9770-KXGQU,Female,No,53,Yes,Yes,Fiber optic,No,One year,No,,56,66826,691.8,0.3,6.8,No
6437-UKHMV,Female,No,7,Yes,No,Fiber optic,No,Month-to-month,Yes,Electronic check,72,36449,464.7,4.6,5.6,Yes
6538-POCHL,Male,Yes,,Yes,No,Fiber optic,No,Month-to-month,No,,26,117112,263.7,0.9,4.8,No
6726-NNFWD,Female,No,71,Yes,Yes,Fiber optic,No,Two year,Yes,Credit card (automatic),58,86388,758.1,0,9.2,No
3002-WQZWT,Female,No,29,Yes,Yes,Fiber optic,No,Month-to-month,No,Electronic check,22,50701,490.8,2.1,6.1,No
4277-UDIEF,Male,No,24,Yes,Yes,DSL,Yes,Month-to-month,No,Bank transfer (automatic),80,66709,577.9,0.8,9.9,No
1208-NBVFH,Male,No,20,Yes,No,DSL,No,Month-to-month,Yes,Electronic check,40,73375,310.2,2.9,7.2,No
4912-PIGUY,Female,Yes,1,Yes,Yes,Fiber optic,No,Month-to-month,No,Electronic check,31,53860,738,6.5,7,No
1114-CENIM,Male,No,54,Yes,Yes,DSL,No,Month-to-month,No,Credit card (automatic),34,22977,641.9,5.9,4.4,Yes
6060-DRTNL,Female,Yes,5,Yes,No,Fiber optic,No,Month-to-month,No,Mailed check,44,75886,614.5,6.9,7.4,Yes
2725-TTRIQ,Female,Yes,72,Yes,No,DSL,Yes,Two year,No,Bank transfer (automatic),24,41850,527.4,0,7.6,No
3374-TTZTK,Male,No,52,Yes,No phone service,Fiber optic,Yes,Two year,Yes,Electronic check,18,51882,561,1.8,8,No
8990-ZXLSU,Female,No,9,Yes,No,Fiber optic,No,Month-to-month,Yes,Electronic check,62,50119,399.2,5.4,7.1,No
2275-RBYQS,Female,No,1,Yes,Yes,DSL,No,Month-to-month,Yes,Mailed check,21,71188,81,3.7,6.7,No
8473-VUVJN,Male,Yes,1,Yes,Yes,Fiber optic,No,Month-to-month,No,Electronic check,54,61453,762.1,3.4,5.6,Yes
6289-CPNLD,Male,No,33,Yes,Yes,DSL,Yes,One year,No,Mailed check,52,57212,468.4,2.2,7.8,Yes
5536-SLHPM,Female,No,55,Yes,Yes,Fiber optic,No,Month-to-month,Yes,Electronic check,54,74824,784,6,5.3,Yes
4419-UJMUS,Male,No,69,Yes,Yes,Fiber optic,Yes,Two year,No,Electronic check,34,102965,679.2,0,7.6,No
7794-JASDG,Male,No,1,Yes,Yes,DSL,No,Month-to-month,No,Mailed check,33,68070,372.6,0.4,3.9,No
7609-YBPXG,Male,Yes,54,Yes,Yes,DSL,Yes,Two year,Yes,Bank transfer (automatic),77,86876,352.2,2.6,9.5,No
5519-TEEUH,Male,No,33,Yes,No,No,No internet service,One year,Yes,Mailed check,64,47965,,4.5,6.9,No
7856-GANIL,Male,No,45,Yes,No,Fiber optic,Yes,One year,Yes,Bank transfer (automatic),47,79667,303.3,2.6,9.6,No
0804-XBFBV,Female,Yes,11,No,No,DSL,No,Month-to-month,Yes,Electronic check,24,32270,0,2.5,4.8,No
2676-OXPPQ,Male,No,6,Yes,No,DSL,No,Month-to-month,No,Bank transfer (automatic),28,53714,534.2,2.2,5.5,No
3703-TTEPD,Male,No,21,Yes,Yes,DSL,No,Month-to-month,No,Bank transfer (automatic),75,68313,314.7,1.3,7,No
2799-TSLAG,Female,No,65,Yes,Yes,No,No internet service,Two year,No,Bank transfer (automatic),47,62951,641.6,0.9,8.4,No
0196-VULGZ,Female,No,6,Yes,No,Fiber optic,No,Month-to-month,Yes,Electronic check,18,38977,844.7,12.2,5.7,Yes
8837-VVWLQ,Female,No,8,Yes,No,Fiber optic,No,Month-to-month,No,Electronic check,34,41990,295.7,13,5,Yes
2696-NARTR,Male,Yes,11,Yes,No,Fiber optic,Yes,Month-to-month,Yes,Electronic check,81,50620,213.6,6.5,7.3,Yes
2208-NKVVH,Male,No,43,Yes,Yes,No,No internet service,Two year,Yes,Mailed check,46,59828,551.2,1.7,7,No
7614-QVWQL,Male,Yes,49,No,Yes,DSL,No,One year,Yes,Bank transfer (automatic),32,64089,0,2.7,7.4,Yes
1976-CFOCS,Female,No,,Yes,No,DSL,No,Month-to-month,Yes,Electronic check,23,68380,591.3,3.2,7,Yes
4631-OACRM,Male,No,15,Yes,No phone service,Fiber optic,No,Month-to-month,No,Electronic check,44,144357,351.4,16,4.8,Yes
7139-JZFVG,Male,No,60,Yes,No,DSL,No,Two year,Yes,Bank transfer (automatic),19,60799,426.3,0.8,7.1,No
4987-GQWPO,Male,Yes,17,No,Yes,DSL,No,Month-to-month,Yes,Credit card (automatic),55,60487,0,1.8,8.2,No
3755-JBMNH,Male,No,16,Yes,Yes,Fiber optic,No,Month-to-month,No,Bank transfer (automatic),49,66184,602.8,6.7,5.1,Yes
1757-TCATG,Male,No,35,Yes,Yes,No,No internet service,One year,Yes,Bank transfer (automatic),37,72549,151.9,0.6,6.5,No
6345-ULYRW,Male,No,44,Yes,No phone service,Fiber optic,No,One year,Yes,Mailed check,,34105,571.8,4.4,7.4,Yes
4776-XSKYQ,Female,No,12,No,No,DSL,Yes,One year,Yes,Credit card (automatic),43,60022,0,2.9,7.5,No
8048-DSDFQ,Male,No,1,Yes,Yes,No,No internet service,Month-to-month,Yes,Mailed check,35,31702,401.5,,7.7,No
5753-QQWPW,Female,No,28,Yes,No,DSL,Yes,One year,Yes,Electronic check,75,36855,304.3,0.2,7.9,No
6010-DDPPW,Male,Yes,70,Yes,No,No,No internet service,Two year,Yes,Bank transfer (automatic),55,26981,745.1,1.3,10,No
1809-DMJHQ,Female,Yes,5,Yes,No phone service,DSL,No,Month-to-month,No,Mailed check,46,162832,366.5,4.3,6.1,Yes
6693-FRIRW,Male,No,18,Yes,No,Fiber optic,No,Month-to-month,No,Credit card (automatic),26,38551,575.9,6,6.9,No
6586-MYGKD,Male,No,70,Yes,No phone service,DSL,Yes,Two year,Yes,Credit card (automatic),39,117542,533.2,0.3,7.5,No
3173-NVMPX,Female,No,9,Yes,No phone service,DSL,No,Month-to-month,Yes,Mailed check,37,37919,809.6,0.4,7.8,No
0248-PGHBZ,Female,No,67,Yes,No,Fiber optic,Yes,Two year,Yes,Bank transfer (automatic),20,35862,436.9,1.3,7,No
0623-GDISB,Female,No,1,Yes,No,DSL,No,Month-to-month,No,Bank transfer (automatic),31,56722,284.2,1.5,5.1,No
2892-GESUL,Female,No,18,Yes,No phone service,No,No internet service,Two year,No,Mailed check,47,73117,324.6,2.6,8.7,No
6923-EFPNL,Male,No,4,Yes,No phone service,DSL,No,Month-to-month,Yes,Credit card (automatic),33,53389,513.1,4.4,6.1,Yes
7472-EQOAV,Male,Yes,71,Yes,Yes,Fiber optic,No,One year,No,Bank transfer (automatic),81,98044,697.9,0.1,5.6,No
9574-RKJIF,Male,No,30,Yes,No,Fiber optic,No,Month-to-month,Yes,Electronic check,32,30971,687.6,7,6.4,Yes
2043-WVTQJ,Male,No,1,Yes,No phone service,DSL,No,Month-to-month,Yes,Mailed check,35,62211,474.2,2.7,5.8,No
8034-RYTVV,Female,No,55,Yes,No,Fiber optic,No,One year,Yes,Credit card (automatic),24,46594,602.8,0.8,6.7,No
3863-QSTYI,Male,No,59,Yes,Yes,DSL,Yes,Month-to-month,No,,30,65056,340.3,2.1,7.6,No
2619-WFQWU,Female,No,1,Yes,Yes,Fiber optic,No,Month-to-month,No,Mailed check,36,63524,310.2,2.2,5.3,Yes
5044-LRQAQ,Female,Yes,7,Yes,No,Fiber optic,No,Month-to-month,No,Bank transfer (automatic),80,85805,564.9,3.4,7.8,No
1716-LSAMB,Male,No,45,Yes,Yes,DSL,Yes,Two year,No,Bank transfer (automatic),35,,612.6,0.3,7.3,No
1333-PBMXB,Female,No,54,Yes,Yes,No,No internet service,One year,Yes,Bank transfer (automatic),36,46968,416.6,1.5,7.2,No
6546-OPBBH,Male,No,51,Yes,Yes,No,No internet service,One year,Yes,Mailed check,36,66081,1020.8,0.9,8.4,No
5985-BEHZK,Female,No,,Yes,No,Fiber optic,No,One year,No,Credit card (automatic),49,18370,717.4,0.7,8.7,No
9127-QRZMH,Male,No,44,Yes,No,DSL,Yes,One year,Yes,Bank transfer (automatic),,44748,433.7,1.6,5.7,No
5919-VCZYM,Male,No,2,Yes,Yes,No,No internet service,Month-to-month,No,Mailed check,63,40999,490.9,0.9,8.7,No
9644-KVCNC,Female,No,66,Yes,No,Fiber optic,No,One year,No,Bank transfer (automatic),45,88591,683.5,0.5,4.7,No
2137-DQMEV,Male,No,68,No,Yes,DSL,No,One year,Yes,Mailed check,32,19641,0,2,7.5,No
8174-LNWMW,Female,No,31,Yes,No,No,No internet service,Two year,Yes,Credit card (automatic),42,51623,440.9,2.1,5.2,No
9279-CJEOJ,Female,No,21,Yes,Yes,Fiber optic,No,Month-to-month,Yes,Bank transfer (automatic),76,47782,561.6,4.4,6.9,No
7964-VEXDG,Male,No,21,Yes,No,Fiber optic,No,Month-to-month,Yes,Electronic check,59,37056,631,4.3,6.4,No
2404-JIBFC,Female,No,55,Yes,No phone service,DSL,Yes,Two year,Yes,Bank transfer (automatic),38,46981,781.8,0.6,8.6,No
0778-NELLA,Male,No,9,No,No,DSL,No,Month-to-month,Yes,Credit card (automatic),34,44201,0,5.3,7.7,Yes
8029-XYPWT,Male,No,71,Yes,No,Fiber optic,Yes,Two year,No,Bank transfer (automatic),57,45932,579.7,0.5,8.3,No
4614-NUVZD,Female,No,1,Yes,Yes,Fiber optic,No,Month-to-month,No,Electronic check,81,43994,536.4,5.3,6.8,Yes
4632-PAOYU,Male,No,22,Yes,No,No,No internet service,One year,No,Mailed check,38,20861,942.9,3,4.9,No
3803-KMQFW,Female,No,1,Yes,Yes,No,No internet service,Month-to-month,Yes,Mailed check,44,54730,452.4,1.7,5.6,Yes
6804-GDMOI,Female,No,61,Yes,Yes,Fiber optic,Yes,Two year,Yes,Electronic check,37,47939,333,6.7,4.1,Yes
2990-OGYTD,Female,No,67,Yes,No,DSL,Yes,Two year,Yes,Bank transfer (automatic),70,40589,668.4,0.9,5.3,No
6646-JPPHA,Female,No,14,Yes,Yes,Fiber optic,No,Month-to-month,Yes,Electronic check,28,62274,499.4,1.6,6.7,No
9572-MTILT,Male,No,,Yes,No,Fiber optic,Yes,Month-to-month,No,Electronic check,43,72770,573.2,3.2,5.8,Yes
7658-UYUQS,Male,No,21,Yes,No,Fiber optic,No,Month-to-month,Yes,Bank transfer (automatic),56,105309,543.1,1.5,7.7,No
7880-XSOJX,Male,No,4,No,Yes,DSL,Yes,Month-to-month,Yes,Mailed check,23,84112,0,6.4,7,No
9611-CTWIH,Female,No,3,Yes,Yes,Fiber optic,No,Month-to-month,Yes,Electronic check,41,32301,234.1,6.4,5.5,Yes
4589-IUAJB,Male,No,70,Yes,No,No,No internet service,Two year,Yes,Bank transfer (automatic),47,52899,472.8,1.7,7.4,No
0329-GTIAJ,Female,No,,Yes,Yes,Fiber optic,Yes,Month-to-month,No,Electronic check,50,80057,244.7,3,4.9,Yes
8746-BFOAJ,Male,Yes,21,Yes,No,No,No internet service,One year,No,Bank transfer (automatic),60,99714,388.1,2.5,5.7,No
8457-XIGKN,Male,Yes,20,Yes,No,No,No internet service,Month-to-month,No,Credit card (automatic),32,102607,406.3,2.6,3.7,No
6072-NUQCB,Male,No,22,Yes,No,No,No internet service,One year,No,Bank transfer (automatic),20,175075,534.8,2,8,No
6629-CZTTH,Male,No,,Yes,Yes,DSL,No,Month-to-month,Yes,,53,37300,170,8.1,5.5,Yes
8838-GPHZP,Female,Yes,63,Yes,Yes,No,No internet service,Two year,No,Mailed check,35,42073,309.1,1.4,,No
8750-QWZAJ,Female,No,70,Yes,Yes,No,No internet service,Two year,Yes,Bank transfer (automatic),39,39702,480.2,1.2,7.5,No
5364-EVNIB,Male,No,13,Yes,No,Fiber optic,No,Month-to-month,Yes,Electronic check,27,56431,431.7,4.3,5.7,Yes
6918-UMQCG,Female,No,5,Yes,No phone service,Fiber optic,No,Month-to-month,Yes,Electronic check,54,26107,429.3,13,7.6,No
0675-NCDYU,Female,No,72,Yes,Yes,Fiber optic,Yes,Two year,Yes,,73,164280,443.7,2,5.5,No
6339-DKLMK,Female,No,13,No,Yes,DSL,No,Month-to-month,No,Electronic check,69,57878,0,3.6,6,No
1346-PJWTK,Male,No,61,Yes,No,Fiber optic,Yes,Month-to-month,Yes,Credit card (automatic),44,131411,358.7,3.8,6.2,No
5088-QZLRL,Male,No,1,Yes,Yes,No,No internet service,Month-to-month,No,Electronic check,62,66528,286.8,4.5,9.5,No
8023-QHAIO,Female,No,56,Yes,Yes,Fiber optic,Yes,Month-to-month,Yes,Bank transfer (automatic),80,66586,581.6,2.7,7.6,No
4397-FRLTA,Female,No,4,Yes,Yes,No,No internet service,Month-to-month,Yes,Mailed check,70,93993,527,4.3,9,No
3057-VJJQE,Male,No,35,Yes,Yes,DSL,No,Two year,Yes,Mailed check,30,56929,446.7,3.1,6.8,No
5087-SUURX,Female,No,18,No,Yes,DSL,No,Month-to-month,No,Electronic check,41,61129,0,12.9,5.2,Yes
2302-OUZXB,Male,No,72,Yes,No,DSL,No,Two year,Yes,Bank transfer (automatic),42,49974,525,3.2,6.4,No
8133-ANHHJ,Female,No,49,Yes,No,Fiber optic,Yes,One year,Yes,Bank transfer (automatic),30,30670,670.3,2,6.3,No
2270-CHBFN,Female,No,44,Yes,Yes,Fiber optic,Yes,Month-to-month,No,Credit card (automatic),62,67404,802.9,0.7,5.8,No
0013-EXCHZ,Female,No,3,Yes,Yes,Fiber optic,Yes,Month-to-month,No,Mailed check,73,81989,355.2,2.6,4.9,Yes
5982-FPVQN,Female,No,37,Yes,Yes,Fiber optic,No,Month-to-month,No,Electronic check,49,62351,620.1,10,6.6,No
9107-UKCKY,Male,Yes,,Yes,Yes,DSL,No,One year,No,Electronic check,79,102071,532.1,5.6,7.8,No
4654-ULTTN,Male,No,70,Yes,Yes,DSL,Yes,Two year,No,Credit card (automatic),58,40296,603.5,0,7.4,No
5550-VFRLC,Female,No,1,Yes,No,Fiber optic,No,Month-to-month,Yes,Electronic check,61,43380,217.7,4.3,4.6,Yes
5546-BYZSM,Female,No,41,Yes,No,No,No internet service,Month-to-month,No,Electronic check,54,57262,473.2,2.6,5.9,No
1492-KGETH,Male,Yes,70,Yes,Yes,DSL,Yes,One year,No,Bank transfer (automatic),38,52748,652.1,1.7,7.8,No
4929-BSTRX,Female,No,1,Yes,Yes,DSL,No,Month-to-month,No,Mailed check,31,70552,267.3,3.4,6.4,Yes
4163-HFTUK,Male,No,51,Yes,No,No,No internet service,One year,Yes,Electronic check,49,72798,410.6,1.3,7.1,No
8215-NGSPE,Female,Yes,42,Yes,No,No,No internet service,Two year,Yes,Mailed check,33,67982,524.9,1.5,6.7,No
2225-ZRGSG,Female,No,70,Yes,Yes,Fiber optic,Yes,Two year,No,Bank transfer (automatic),48,40322,812.7,1.8,6.9,Yes
8859-YSTWS,Male,Yes,48,Yes,Yes,No,No internet service,One year,Yes,Bank transfer (automatic),52,80397,198.2,1.4,7.6,No
5271-YNWVR,Male,No,68,Yes,Yes,Fiber optic,Yes,Two year,Yes,Electronic check,24,43726,804.6,3.2,6.3,Yes
7601-DHFWZ,Female,No,48,Yes,No phone service,No,No internet service,Two year,Yes,Credit card (automatic),57,62765,446.9,0.7,7.6,No
2657-ALMWY,Female,No,26,Yes,Yes,Fiber optic,No,Month-to-month,No,Electronic check,35,162652,566.7,3.1,5.7,Yes
6330-JKLPC,Male,No,11,Yes,No,Fiber optic,No,Month-to-month,Yes,Bank transfer (automatic),40,85778,713.1,3.1,4.5,Yes
4667-OHGKG,Male,No,1,Yes,Yes,No,No internet service,Month-to-month,Yes,Mailed check,39,117423,368.1,3.9,5,Yes
1998-VHJHK,Female,No,27,Yes,Yes,No,No internet service,One year,Yes,Mailed check,64,92707,631.6,1.3,6.6,No
1707-HABPF,Female,No,46,Yes,No,Fiber optic,No,One year,No,Bank transfer (automatic),35,50452,236.3,2.3,6.8,No
1660-HSOOQ,Male,No,1,Yes,Yes,DSL,No,Month-to-month,No,Mailed check,90,59269,324.4,2.5,6.6,Yes
7253-UVNDW,Female,No,46,Yes,Yes,DSL,Yes,Two year,No,Credit card (automatic),72,120889,664.3,4.3,7.3,Yes
0487-VVUVK,Male,No,25,Yes,No,No,No internet service,Month-to-month,No,Mailed check,85,55422,580.5,1.7,7.4,No
7228-OMTPN,Male,Yes,4,Yes,No,Fiber optic,No,Month-to-month,No,Electronic check,29,51357,547.2,6.3,5.5,Yes
5063-IUOKK,Male,Yes,13,Yes,No,No,No internet service,Two year,Yes,Mailed check,88,74486,527.5,1.8,7.7,No
4508-OEBEY,Male,No,31,Yes,Yes,DSL,Yes,One year,Yes,Credit card (automatic),36,71894,548.2,1.7,6.5,No
0027-KWYKW,Female,No,23,Yes,No phone service,Fiber optic,No,Month-to-month,Yes,Electronic check,44,89935,701.8,3,5.5,No
2308-STERM,Female,No,2,Yes,Yes,No,No internet service,Month-to-month,No,Mailed check,37,86403,443.4,5.7,7,No
5982-XMDEX,Female,No,65,Yes,No,No,No internet service,Two year,Yes,Bank transfer (automatic),27,109151,679.1,0.1,9.5,No
6284-AHOOQ,Male,No,22,Yes,No,Fiber optic,Yes,Month-to-month,No,Bank transfer (automatic),45,72993,449.2,1.2,5.8,Yes
6051-PTVNS,Female,No,,Yes,Yes,No,No internet service,One year,No,Credit card (automatic),36,90678,282,1.9,6.6,No
2344-JMOGN,Male,No,9,Yes,No,Fiber optic,Yes,Month-to-month,Yes,Mailed check,,32751,270.3,4.1,4.9,Yes
3799-ISUZQ,Male,No,7,Yes,No,Fiber optic,No,Month-to-month,Yes,Bank transfer (automatic),55,54129,461.9,3.1,3.2,Yes
2877-VDUER,Female,No,35,No,No,DSL,Yes,One year,Yes,Mailed check,44,119334,0,0.2,7,No
9152-AMKAK,Male,No,6,Yes,No,DSL,Yes,Two year,No,Mailed check,40,46361,276.4,2.2,8.1,No
1794-HBQTJ,Female,No,1,Yes,Yes,DSL,No,Month-to-month,No,Credit card (automatic),20,39517,458.4,7.6,5.8,Yes
9432-VOFYX,Male,No,17,Yes,No,Fiber optic,No,Month-to-month,No,Electronic check,43,85960,553.9,4,5.9,No
8049-WJCLQ,Male,Yes,,Yes,Yes,DSL,No,Month-to-month,Yes,Mailed check,43,42056,163.5,2.3,6.7,No
6586-PSJOX,Male,No,15,Yes,Yes,DSL,Yes,One year,No,Credit card (automatic),51,38883,603.2,1.3,7.3,No
2460-FPSYH,Female,No,40,No,No,DSL,No,Month-to-month,Yes,Electronic check,65,35392,0,9.9,5.9,Yes
9705-ZJBCG,Female,No,13,Yes,No,DSL,Yes,One year,No,Bank transfer (automatic),42,151807,498.9,0,9.2,No
4818-DRBQT,Male,No,29,Yes,No,Fiber optic,No,Month-to-month,No,Bank transfer (automatic),64,78354,760.2,2.8,5.7,Yes
1320-HTRDR,Female,No,3,Yes,Yes,Fiber optic,No,Month-to-month,Yes,Electronic check,71,28925,585.6,3.3,6.4,Yes
6847-KJLTS,Female,No,58,Yes,No phone service,Fiber optic,Yes,Month-to-month,No,Bank transfer (automatic),50,69959,,2.9,6.9,No
9670-BPNXF,Female,No,45,Yes,No phone service,DSL,Yes,One year,Yes,Credit card (automatic),45,74749,580.8,0,7.8,No
3913-FCUUW,Female,No,72,Yes,Yes,DSL,Yes,Two year,Yes,Bank transfer (automatic),64,56371,703,0.9,6.9,No
3301-VKTGC,Male,No,68,Yes,Yes,Fiber optic,No,One year,Yes,Bank transfer (automatic),44,,853.8,0.9,5.4,No
1493-AMTIE,Male,No,1,Yes,Yes,No,No internet service,Month-to-month,No,Bank transfer (automatic),45,50395,622.2,6.6,5.6,Yes
9555-SAHUZ,Female,No,38,Yes,Yes,DSL,No,Month-to-month,Yes,Electronic check,50,49519,613.8,7.4,6.4,No
0816-TSPHQ,Male,No,2,Yes,No,No,No internet service,Month-to-month,Yes,Mailed check,39,65729,430,2,6.6,No
9932-WBWIK,Male,Yes,11,Yes,Yes,No,No internet service,Month-to-month,No,Mailed check,78,83408,356,4.2,,No
4619-EVPHY,Female,No,20,Yes,No phone service,Fiber optic,No,One year,No,Bank transfer (automatic),52,75525,740.6,0.4,6.2,No
5286-YHCVC,Male,No,72,Yes,Yes,Fiber optic,No,Two year,No,Bank transfer (automatic),37,49236,957.3,1.2,5.8,No
6424-ELEYH,Female,No,3,Yes,Yes,Fiber optic,No,Month-to-month,No,Credit card (automatic),49,79110,618.1,5.2,5.3,Yes
4391-RESHN,Male,No,23,Yes,No,Fiber optic,Yes,Month-to-month,No,Mailed check,58,100554,513,9,4.6,Yes
9115-YQHGA,Male,No,40,Yes,Yes,DSL,Yes,Month-to-month,Yes,Electronic check,44,24512,355,6.7,7.4,No
4462-CYWMH,Male,No,62,Yes,Yes,Fiber optic,No,Month-to-month,Yes,Bank transfer (automatic),51,129401,437.2,0.4,7.1,No
8963-MQVYN,Female,No,22,Yes,No,No,No internet service,Month-to-month,No,Electronic check,47,87511,635.2,7.6,6.1,No
2458-EOMRE,Female,Yes,11,Yes,Yes,DSL,No,Month-to-month,Yes,Bank transfer (automatic),68,77603,198.5,0.2,6.6,No
9334-GWGOW,Male,No,7,Yes,No,Fiber optic,No,Month-to-month,Yes,Electronic check,50,69270,637.7,2.1,6.8,No
6821-BUXUX,Female,Yes,,Yes,No,Fiber optic,No,Month-to-month,No,Electronic check,46,75229,649.7,5.4,6.6,Yes
5028-HTLJB,Male,No,1,Yes,Yes,No,No internet service,Month-to-month,No,Mailed check,39,47029,385.6,9,7,Yes
9801-GDWGV,Female,No,39,Yes,Yes,Fiber optic,No,Month-to-month,Yes,Electronic check,76,101193,839.1,4.3,4.7,Yes
6542-LWGXJ,Male,No,3,No,Yes,DSL,No,Month-to-month,Yes,Mailed check,31,41944,0,6.1,6.1,No
5567-GZKQY,Male,Yes,58,Yes,No phone service,No,No internet service,Two year,No,Credit card (automatic),43,56694,530.7,4.1,10,No
1222-LRYKO,Male,No,6,Yes,No,No,No internet service,Month-to-month,No,Mailed check,32,39837,421.1,2.2,6.8,No
2320-JRSDE,Female,No,1,Yes,No,No,No internet service,Month-to-month,No,Electronic check,36,68572,225.9,2.9,,Yes
2087-QAREY,Female,No,22,Yes,No,DSL,No,Month-to-month,No,Mailed check,39,55447,252.9,2.3,3.6,No
0601-WZHJF,Male,No,14,No,Yes,DSL,No,Month-to-month,No,Electronic check,50,140411,0,2.1,6.7,Yes
4423-JWZJN,Male,No,,Yes,Yes,Fiber optic,No,One year,Yes,Credit card (automatic),45,35262,775.9,0.8,7,No
5143-WMWOG,Male,No,1,Yes,Yes,No,No internet service,Month-to-month,No,Electronic check,44,57716,405,1.6,5.2,Yes
6490-FGZAT,Male,No,6,Yes,No,No,No internet service,Month-to-month,No,,31,36123,338.3,9.1,7,No
5393-RXQSZ,Male,No,1,Yes,No,Fiber optic,No,Month-to-month,No,Electronic check,29,50988,413.8,4.3,5.6,Yes
7452-FOLON,Male,No,39,Yes,No,No,No internet service,One year,No,Bank transfer (automatic),32,54782,752.7,1.7,6.6,No
2320-TZRRH,Female,No,20,Yes,No,No,No internet service,One year,Yes,Mailed check,35,53001,440.1,1.7,9.7,No
0231-LXVAP,Male,No,1,Yes,No,Fiber optic,Yes,Month-to-month,Yes,Electronic check,30,20363,477.7,5.2,4.9,Yes
9444-JTXHZ,Male,Yes,1,Yes,No,Fiber optic,No,Month-to-month,No,Electronic check,18,49246,,3.3,5.4,Yes
4942-VZZOM,Male,Yes,64,Yes,Yes,DSL,No,One year,No,Credit card (automatic),55,58090,516.9,2,7.4,No
5510-BOIUJ,Male,No,1,Yes,No phone service,No,No internet service,Month-to-month,No,Mailed check,45,42356,623.9,4.6,5.1,Yes
7502-BNYGS,Female,No,46,Yes,Yes,DSL,No,Month-to-month,Yes,Credit card (automatic),48,76292,321.9,1.3,6,No
4291-HYEBC,Female,No,28,No,Yes,DSL,No,One year,No,Electronic check,35,39947,0,9.6,8.5,No
6147-CBCRA,Female,No,33,Yes,Yes,No,No internet service,Month-to-month,No,Mailed check,43,48034,331.4,6.9,4.9,No
6047-SUHPR,Male,No,39,Yes,Yes,DSL,No,One year,Yes,,79,41582,484.9,2.4,8.7,No
4471-KXAUH,Female,No,42,Yes,No phone service,Fiber optic,Yes,Month-to-month,Yes,Electronic check,65,66727,624,6.9,6.3,Yes
9752-ZNQUT,Female,Yes,1,Yes,No,DSL,No,Month-to-month,Yes,Electronic check,47,61933,506.5,3.8,5.7,No
7638-QVMVY,Female,No,7,Yes,No,Fiber optic,No,Month-to-month,No,Electronic check,48,62035,400.7,8,3.9,Yes
1576-PFZIW,Male,No,70,Yes,Yes,Fiber optic,No,Two year,Yes,Credit card (automatic),41,73011,853.7,0.8,7.8,No
5666-MBJPT,Male,No,65,Yes,No,No,No internet service,Two year,No,Bank transfer (automatic),47,68278,428.7,1.5,8.9,No
7312-XSBAT,Male,No,1,Yes,Yes,DSL,No,Month-to-month,No,Electronic check,55,31899,589.8,2.3,8.3,No
3096-GKWEB,Male,No,18,Yes,Yes,Fiber optic,No,Month-to-month,No,Electronic check,43,125857,555.2,2.7,6.2,No
2371-JQHZZ,Male,No,24,Yes,Yes,Fiber optic,No,Month-to-month,Yes,Electronic check,42,51109,242.1,1.5,5.8,No
0674-GCDXG,Male,No,63,Yes,No phone service,DSL,Yes,Two year,Yes,Bank transfer (automatic),37,45578,538.1,3.3,9.7,No
1121-QSIVB,Female,No,44,Yes,Yes,DSL,No,One year,Yes,,74,117272,678.1,1.1,7.6,No
4396-KLSEH,Male,No,4,Yes,Yes,No,No internet service,Month-to-month,Yes,Electronic check,38,27121,497.8,8.6,7.1,No
3244-DCJWY,Female,Yes,1,Yes,No,Fiber optic,No,Month-to-month,No,Electronic check,53,131546,316.6,6.1,4,Yes
2824-MYYBN,Female,No,37,Yes,No,Fiber optic,No,Month-to-month,Yes,Electronic check,23,56398,683.7,0.7,6.9,No
0875-CABNR,Female,No,10,Yes,No,Fiber optic,No,Month-to-month,Yes,Credit card (automatic),27,89845,320.1,3.5,4.3,Yes
6345-HOVES,Male,Yes,34,No,No,DSL,No,Month-to-month,Yes,Bank transfer (automatic),50,75240,0,0.7,6,No
8318-LCNBW,Male,No,35,No,No,DSL,No,One year,Yes,Credit card (automatic),46,37501,0,0,7.2,No
6469-QJKZW,Female,No,4,Yes,No,No,No internet service,Month-to-month,Yes,Electronic check,37,85229,515.2,17.8,6.9,No
0147-ESWWR,Female,Yes,39,Yes,Yes,Fiber optic,Yes,Month-to-month,Yes,Electronic check,23,45292,564.3,7.6,6.4,No
1217-VASWC,Male,No,,Yes,Yes,Fiber optic,No,One year,Yes,Bank transfer (automatic),32,66705,357.3,0.8,3.7,No
7812-FZHPE,Female,No,17,Yes,Yes,No,No internet service,Month-to-month,Yes,Mailed check,42,35030,502.6,7.4,6,Yes
6370-ZVHDV,Female,No,61,Yes,No,No,No internet service,Two year,No,Bank transfer (automatic),45,117738,624.9,0,8.4,No
5915-DGNVC,Female,No,49,Yes,No,DSL,No,One year,No,Electronic check,34,250000,661.2,5.3,7.2,No
6260-XLACS,Male,Yes,4,Yes,No,No,No internet service,One year,Yes,Mailed check,30,32479,360.5,,8.8,No
3566-CAAYU,Female,No,64,No,No,DSL,Yes,Two year,Yes,Electronic check,35,49419,0,0.8,9,No
4983-CCWMC,Male,No,3,Yes,No,Fiber optic,No,Month-to-month,No,Mailed check,80,52098,551.2,4.3,8.4,No
9103-CXVOK,Male,No,1,Yes,No phone service,No,No internet service,Month-to-month,Yes,Electronic check,31,70157,472.8,5,7.2,No
2896-TBNBE,Male,No,40,Yes,No,Fiber optic,No,One year,No,Electronic check,32,132277,496.8,9.3,6.1,No
4797-AXPXK,Female,Yes,1,Yes,No phone service,DSL,Yes,Month-to-month,No,Electronic check,49,87662,356.8,6.5,9.1,Yes
5229-PRWKT,Male,Yes,8,Yes,No,Fiber optic,No,Month-to-month,Yes,Electronic check,18,122424,692.2,3.5,4.4,Yes
6982-UQZLY,Female,No,1,Yes,No,No,No internet service,Month-to-month,Yes,Mailed check,43,99777,566.7,2,6.3,Yes
2522-WLNSF,Female,No,34,Yes,No phone service,DSL,Yes,One year,No,Bank transfer (automatic),70,72177,365.1,2.9,7,No
3841-CONLJ,Female,Yes,1,No,No phone service,DSL,No,Month-to-month,Yes,Electronic check,43,95912,0,0.3,5,No
5057-LCOUI,Female,No,39,No,No,DSL,No,Month-to-month,No,Electronic check,44,41391,0,4.8,7.3,Yes
0193-ESZXP,Female,No,58,Yes,No,Fiber optic,Yes,One year,Yes,Credit card (automatic),70,40210,395.6,3.5,6,Yes
4475-NVTLU,Male,No,45,Yes,Yes,No,No internet service,Two year,Yes,Electronic check,41,29224,448.6,1.7,7,No
4369-HTUIF,Male,Yes,6,Yes,No,Fiber optic,No,Month-to-month,Yes,Bank transfer (automatic),65,56599,540.7,3.2,5.2,Yes
9386-LDCZR,Male,No,43,Yes,Yes,Fiber optic,Yes,One year,No,Credit card (automatic),70,76825,545.9,0.3,7.4,No
9585-KKMFD,Male,Yes,41,Yes,Yes,No,No internet service,Two year,Yes,Mailed check,65,40171,557.1,3.9,7.6,No
5399-ZIMKF,Male,Yes,5,Yes,Yes,Fiber optic,No,Month-to-month,Yes,Electronic check,47,114281,625.8,0.8,6.5,No
0336-KXKFK,Male,No,72,No,No,DSL,Yes,Two year,Yes,Credit card (automatic),32,64409,0,0.6,9.7,No
5619-XZZKR,Male,No,4,Yes,No,No,No internet service,One year,No,Mailed check,43,39781,446.4,0,7.9,No
3948-FVVRP,Male,No,9,Yes,Yes,DSL,Yes,Month-to-month,No,Mailed check,34,89747,504.5,9.1,6.1,No
5327-XOKKY,Male,No,72,Yes,No phone service,DSL,No,Two year,No,Credit card (automatic),34,57435,324.4,2.1,8.3,No
0983-TATYJ,Female,No,33,Yes,No,DSL,Yes,One year,No,Mailed check,25,44610,427,2.4,7.7,No
1813-JYWTO,Female,No,72,Yes,No,Fiber optic,No,Two year,No,,68,37747,738.6,2.6,9.9,No
0156-FVPTA,Male,No,22,Yes,No,DSL,Yes,Month-to-month,No,Electronic check,53,41637,456.4,9.6,7.1,Yes
1984-FCOWB,Female,No,70,Yes,Yes,Fiber optic,Yes,One year,Yes,Electronic check,37,37092,618.5,3.7,3.7,Yes
0654-HMSHN,Male,No,21,Yes,Yes,Fiber optic,No,Month-to-month,Yes,Electronic check,25,70766,691.8,3.4,7.2,Yes
6719-OXYBR,Male,Yes,15,Yes,No,Fiber optic,No,Month-to-month,Yes,Electronic check,53,60938,505.9,,6.7,No
3312-ZWLGF,Male,No,29,Yes,Yes,Fiber optic,Yes,Month-to-month,Yes,Electronic check,46,102118,536.9,8.4,8.7,No
6476-YHMGA,Female,No,15,Yes,No phone service,DSL,Yes,Month-to-month,No,Bank transfer (automatic),35,63539,713.4,2.3,6.7,No
5287-QWLKY,Male,No,71,Yes,No,Fiber optic,No,Month-to-month,Yes,Credit card (automatic),54,40663,458.4,5.7,5.3,Yes
0795-XCCTE,Male,No,72,Yes,No,No,No internet service,Two year,Yes,Bank transfer (automatic),39,92972,886.1,0.2,6.8,No
0168-XZKBB,Female,No,19,Yes,No,Fiber optic,No,Month-to-month,Yes,Electronic check,23,94696,782,4.6,6.3,No
3785-NRHYR,Male,No,1,Yes,No,No,No internet service,Month-to-month,No,Mailed check,41,56405,279,1.4,6.1,No
5196-SGOAK,Female,Yes,1,Yes,No,Fiber optic,No,Month-to-month,No,Electronic check,57,115793,410,4.1,6.6,Yes
4537-DKTAL,Female,No,2,Yes,No phone service,DSL,No,Month-to-month,No,Electronic check,37,28870,454,1.7,6.4,No
7072-MBHEV,Female,No,11,Yes,Yes,Fiber optic,No,Month-to-month,No,Credit card (automatic),50,84482,789.5,3.9,7.4,No
5602-BVFMK,Female,No,12,Yes,Yes,No,No internet service,One year,Yes,Mailed check,87,34891,328.9,2.3,8.8,No
6297-NOOPG,Female,No,70,Yes,Yes,Fiber optic,Yes,Two year,Yes,Electronic check,44,67836,1001.6,7.6,7.5,No
1891-UAWWU,Female,No,20,Yes,No,Fiber optic,No,Month-to-month,No,,49,84168,549.5,5.4,7.5,Yes
8204-TIFGJ,Female,No,23,Yes,No,No,No internet service,Month-to-month,Yes,,36,73930,404.1,1.5,8.6,No
8050-DVOJX,Male,No,49,Yes,No,DSL,Yes,Two year,Yes,Credit card (automatic),54,97566,528.7,2.4,9.1,No
6108-OQZDQ,Female,No,4,Yes,Yes,Fiber optic,No,Month-to-month,No,Electronic check,79,81254,499.5,5.2,3.5,Yes
0363-QJVFX,Male,No,32,Yes,Yes,Fiber optic,Yes,Month-to-month,No,Credit card (automatic),31,83528,740.1,3.6,7.7,Yes
8903-XEBGX,Male,No,2,Yes,No,DSL,No,Month-to-month,No,Electronic check,18,52389,353.2,7.3,5.2,No
8169-SAEJD,Male,Yes,69,No,No,DSL,No,Two year,Yes,Credit card (automatic),27,107676,0,0.7,6.6,No
9840-DVNDC,Male,No,6,Yes,Yes,Fiber optic,No,Month-to-month,Yes,Credit card (automatic),67,63192,327,2.5,6.3,Yes
1089-XZWHH,Female,No,24,Yes,No,No,No internet service,Two year,No,Mailed check,64,59099,134.7,1.1,6.3,No
2325-WINES,Female,No,32,Yes,No phone service,Fiber optic,No,One year,No,Credit card (automatic),72,44417,523.8,0.5,6.5,No
6064-ZATLR,Female,No,27,Yes,Yes,DSL,No,Two year,Yes,Bank transfer (automatic),39,44405,366.8,5.5,6.4,No
3096-JRDSO,Female,Yes,27,Yes,No,Fiber optic,Yes,Month-to-month,No,Bank transfer (automatic),36,132305,644.6,3.8,4.7,Yes
7824-PANSQ,Male,No,58,Yes,No,Fiber optic,Yes,Month-to-month,No,Bank transfer (automatic),49,36415,618.4,2,7.7,No
8042-JVNFH,Male,No,1,Yes,No,Fiber optic,No,Month-to-month,Yes,,47,85850,554.2,5.1,6.7,Yes
9648-BCHKM,Female,No,18,Yes,No,No,No internet service,Two year,Yes,Credit card (automatic),34,54355,724.7,1.8,6.5,No
2888-ADFAO,Female,Yes,47,Yes,Yes,No,No internet service,Two year,No,Bank transfer (automatic),31,103318,746.8,0,8,No
8707-HOEDG,Female,No,70,Yes,No,Fiber optic,Yes,Two year,No,Electronic check,39,35346,586.3,4.8,7.6,No
3374-LXDEV,Female,No,13,Yes,No,Fiber optic,Yes,Month-to-month,No,Electronic check,58,82223,464.3,1.2,8.5,Yes
4072-IPYLT,Female,No,36,Yes,No phone service,DSL,No,Month-to-month,No,Credit card (automatic),20,134762,239.6,4.7,8.6,No
7167-PCEYD,Male,Yes,67,Yes,No phone service,No,No internet service,Two year,No,Mailed check,64,58823,544.2,2.4,7.9,No
4936-YPJNK,Female,Yes,10,Yes,Yes,No,No internet service,Month-to-month,No,Mailed check,49,45316,348.4,7.4,6.3,No
1580-BMCMR,Male,No,19,Yes,Yes,Fiber optic,No,Month-to-month,Yes,Electronic check,43,62158,600.9,6.8,6.1,No
4817-KEQSP,Female,No,71,Yes,No,No,No internet service,Two year,No,Bank transfer (automatic),75,30197,451.9,0.5,7.6,No
6408-WHTEF,Male,No,72,Yes,Yes,DSL,Yes,Two year,No,Mailed check,74,30947,819,1.4,5.4,No
9251-AWQGT,Female,No,48,Yes,No,No,No internet service,Two year,Yes,Mailed check,64,46936,549.7,3.2,5.8,No
8749-CLJXC,Male,No,1,Yes,Yes,No,No internet service,Month-to-month,No,Mailed check,65,40396,362.5,10.3,6.1,No
7989-VCQOH,Male,No,18,Yes,Yes,DSL,Yes,Month-to-month,No,Electronic check,54,78297,625.3,4.1,9.2,No
5049-GLYVG,Male,Yes,1,Yes,Yes,No,No internet service,Month-to-month,Yes,Mailed check,34,71904,459.6,7.4,7.9,Yes
4199-QHJNM,Male,No,67,Yes,No,Fiber optic,Yes,Two year,Yes,Bank transfer (automatic),47,87518,452,6.1,8.6,No
8882-TLVRW,Male,No,69,No,Yes,DSL,Yes,Two year,Yes,Mailed check,27,46212,0,1.2,7.2,No
5883-GTGVD,Male,No,19,Yes,No,Fiber optic,No,Month-to-month,Yes,Electronic check,45,66356,726.3,7.2,4.2,Yes
5135-GRQJV,Male,No,72,Yes,No,Fiber optic,Yes,Two year,Yes,Mailed check,50,46563,599.6,0,8.4,No
2384-OVPSA,Female,No,38,Yes,No,No,No internet service,Two year,Yes,Mailed check,55,56266,287.9,0,7.1,No
1371-WEPDS,Male,No,40,Yes,Yes,DSL,No,One year,Yes,Electronic check,63,89182,772.5,1.1,6.4,No
3580-GICBM,Female,No,61,Yes,No,No,No internet service,Two year,No,Mailed check,52,84436,657,4,9.2,No
4817-QRJSX,Female,No,10,Yes,No,Fiber optic,No,Month-to-month,No,Credit card (automatic),63,43361,551,3.5,5.1,Yes
9730-DRTMJ,Male,No,32,Yes,Yes,DSL,Yes,One year,Yes,Credit card (automatic),33,31351,377.5,3.8,6.9,No
4686-UXDML,Female,No,21,Yes,No phone service,Fiber optic,No,Month-to-month,No,Credit card (automatic),50,168151,333.6,2.5,7.3,No
3349-ANQNH,Female,No,59,Yes,No,Fiber optic,No,One year,Yes,Electronic check,19,35476,386.9,0.7,5.6,No
2398-YPMUR,Female,No,13,Yes,No,Fiber optic,No,Month-to-month,Yes,Electronic check,29,56284,667.2,11.4,4.9,Yes
0932-YIXYU,Female,No,,Yes,No phone service,No,No internet service,Two year,Yes,Credit card (automatic),21,38677,98.8,1.8,7.5,No
7480-SPLEF,Male,No,69,Yes,Yes,No,No internet service,Two year,Yes,Bank transfer (automatic),68,41592,782.4,0.8,5.3,No
7636-XUHWW,Male,No,2,Yes,No,No,No internet service,Month-to-month,Yes,Credit card (automatic),45,52388,393,2.1,7.4,No
1431-CYWMH,Female,No,22,Yes,Yes,No,No internet service,Month-to-month,No,Bank transfer (automatic),76,24422,749.9,2.6,5.4,No
5937-EORGB,Male,No,15,Yes,Yes,Fiber optic,No,Month-to-month,Yes,Electronic check,70,27410,964.8,0.3,7.7,No
6349-JDHQP,Female,No,53,Yes,No,No,No internet service,Two year,Yes,Credit card (automatic),36,34049,611.6,0.1,8.8,No
5539-HIVAK,Female,No,28,Yes,No,No,No internet service,Month-to-month,No,Mailed check,55,60190,497,1,6.3,No
5847-MXBEO,Male,No,22,Yes,Yes,No,No internet service,One year,Yes,Mailed check,33,85122,456.4,0.3,7.7,No
9985-MWVIX,Female,No,1,Yes,Yes,Fiber optic,No,Month-to-month,Yes,Mailed check,43,86913,326.6,4,3.6,Yes
4583-PARNH,Male,No,16,Yes,Yes,Fiber optic,Yes,Month-to-month,Yes,Electronic check,78,76908,518,6.4,6.4,No
1116-FRYVH,Female,Yes,48,No,No,DSL,Yes,Two year,Yes,Mailed check,27,47094,0,0.3,7.3,No
1421-HCERK,Male,No,30,Yes,No,Fiber optic,Yes,Month-to-month,No,Bank transfer (automatic),50,56119,547.6,0.8,6.2,No
9633-XQABV,Female,Yes,3,Yes,No,Fiber optic,No,Month-to-month,No,Electronic check,50,67756,527,5.6,7.6,No
0716-BQNDX,Male,No,57,Yes,No,Fiber optic,Yes,Two year,Yes,Electronic check,45,44562,633.3,4.6,6.2,No
1265-XTECC,Female,No,68,Yes,No,Fiber optic,No,One year,No,Credit card (automatic),40,102965,825.7,2.7,5.9,Yes
1183-CANVH,Female,Yes,,Yes,Yes,DSL,Yes,One year,Yes,Bank transfer (automatic),77,127668,486.7,1.2,6.6,No
1972-XMUWV,Female,Yes,65,Yes,Yes,DSL,Yes,Two year,Yes,Credit card (automatic),31,35668,465.9,2.2,8,No
8679-LZBMD,Male,No,44,Yes,No,Fiber optic,No,One year,Yes,Bank transfer (automatic),35,37725,490.3,1.8,7.7,No
3407-JMJQQ,Female,No,71,Yes,Yes,Fiber optic,No,Two year,Yes,Bank transfer (automatic),69,50201,688.7,1.9,7.4,No
6252-DFGTK,Female,Yes,37,Yes,No,DSL,Yes,One year,Yes,Credit card (automatic),43,42122,579.9,4.1,7.5,No
1539-LNKHM,Female,No,12,Yes,No,No,No internet service,Month-to-month,Yes,Mailed check,54,26688,520.7,5.8,7.3,No
8645-KOMJQ,Male,No,69,Yes,Yes,DSL,Yes,Two year,Yes,Bank transfer (automatic),63,71325,476.8,1.3,7.7,No
0289-IVARM,Female,No,35,Yes,No,DSL,No,Month-to-month,No,Electronic check,36,70942,511.2,8.5,8.3,No
9761-XUJWD,Male,No,5,Yes,Yes,DSL,Yes,Month-to-month,Yes,Bank transfer (automatic),34,28169,594.5,3.4,6.8,No
4057-FKCZK,Male,No,58,Yes,No,Fiber optic,No,Two year,Yes,Bank transfer (automatic),64,49835,812.6,1.5,7.3,No
4291-TPNFG,Male,No,72,Yes,Yes,DSL,Yes,Two year,Yes,Bank transfer (automatic),32,80353,747.2,0,7.9,No
6087-YPWHO,Male,Yes,72,Yes,No phone service,DSL,Yes,Two year,Yes,Mailed check,52,37252,581.9,1.3,8.4,No
3090-QFUVD,Female,No,1,Yes,No,No,No internet service,Month-to-month,Yes,Credit card (automatic),40,54273,541.2,0.4,6.8,No
2237-ZFSMY,Female,Yes,39,Yes,No,Fiber optic,Yes,One year,No,Electronic check,34,26171,645.2,3.9,4.9,Yes
1722-LDZJS,Male,No,,Yes,Yes,No,No internet service,One year,Yes,Credit card (automatic),85,27664,609.6,1.6,7.6,No
1818-ESQMW,Female,Yes,27,Yes,Yes,Fiber optic,Yes,Month-to-month,Yes,Electronic check,21,37231,325.2,0.9,6.9,No
4871-JTKJF,Female,No,1,Yes,No phone service,Fiber optic,No,Month-to-month,No,Electronic check,34,45766,551.5,4.7,6.9,Yes
1415-YFWLT,Female,No,1,Yes,Yes,Fiber optic,No,Month-to-month,Yes,Electronic check,77,73880,340.6,3.1,2.9,Yes
7401-RUBNK,Female,No,18,Yes,No,Fiber optic,No,Month-to-month,Yes,Electronic check,54,27207,325.5,8,7.2,No
0506-YLVKJ,Male,No,46,Yes,No,No,No internet service,Two year,Yes,Mailed check,44,29532,614.2,0,10,No
8661-BOYNW,Female,No,72,Yes,No phone service,DSL,Yes,Two year,Yes,Credit card (automatic),80,51745,504.7,2.1,8.7,No
6711-VTNRE,Female,No,36,Yes,Yes,Fiber optic,Yes,Month-to-month,No,,45,68600,454.6,4.1,4,Yes
4815-GBTCD,Female,No,4,No,No,DSL,No,Month-to-month,Yes,Electronic check,39,46568,0,4.1,5.5,No
2805-AUFQN,Female,No,25,Yes,No,No,No internet service,Two year,Yes,Credit card (automatic),37,43227,385.9,1.2,7.2,No
0980-PVMRC,Female,No,40,No,Yes,DSL,No,Month-to-month,No,Electronic check,36,119889,0,8.3,4.6,No
7233-DRTRF,Male,No,63,Yes,Yes,Fiber optic,No,Month-to-month,No,Electronic check,30,44426,618.7,8,5.8,No
3500-RMZLT,Female,No,15,Yes,Yes,Fiber optic,Yes,Month-to-month,Yes,Mailed check,44,71125,595.6,3.2,5.8,Yes
3873-NFTGI,Male,No,14,Yes,No,DSL,No,Month-to-month,Yes,Credit card (automatic),57,21094,467.5,0.7,5.6,No
1162-ECVII,Male,Yes,72,Yes,Yes,Fiber optic,Yes,Two year,Yes,Bank transfer (automatic),31,78698,937.6,1,5.3,No
7048-GXDAY,Male,Yes,39,Yes,Yes,Fiber optic,No,Month-to-month,Yes,Electronic check,51,55841,403.4,6.6,8.4,No
8571-ZCMCX,Female,No,47,No,No,DSL,No,Two year,Yes,Credit card (automatic),80,55860,0,0,7.3,No
1169-WCVAK,Male,Yes,19,Yes,Yes,Fiber optic,Yes,Month-to-month,Yes,Credit card (automatic),80,70760,675.5,3.1,7,No
4548-SDBKE,Female,No,5,Yes,No,Fiber optic,No,Month-to-month,Yes,Electronic check,52,32446,567.5,2.4,6.7,Yes
8066-POXGX,Female,No,13,No,No,DSL,No,Month-to-month,No,Electronic check,72,85543,0,4.3,5.5,Yes
7129-CAKJW,Female,Yes,17,Yes,No phone service,Fiber optic,No,Month-to-month,Yes,Bank transfer (automatic),34,134425,564.5,2.8,4.7,No
8695-ARGXZ,Male,No,34,Yes,No,Fiber optic,No,Month-to-month,Yes,Electronic check,24,49280,613.1,2.1,5.1,No
3570-YUEKJ,Female,No,42,Yes,Yes,DSL,No,Month-to-month,Yes,Electronic check,42,35214,398.1,4.5,6.2,No
4143-OOBWZ,Male,No,5,Yes,No,Fiber optic,No,Month-to-month,Yes,Electronic check,33,22183,607.9,2.7,4.6,Yes
1555-HAPSU,Female,Yes,71,Yes,No phone service,No,No internet service,Two year,Yes,Credit card (automatic),39,55964,773.5,0.9,6.5,No
1697-NVVGY,Male,Yes,19,Yes,No,DSL,No,Month-to-month,Yes,Bank transfer (automatic),63,118095,652.4,2,7.4,No
7854-EKTJL,Female,No,2,Yes,No,No,No internet service,Month-to-month,Yes,Electronic check,26,55134,700.1,,6.9,Yes
8464-EETCQ,Male,No,57,Yes,No,No,No internet service,Two year,Yes,Credit card (automatic),23,135386,493.5,0.8,6.5,No
2419-FSORS,Male,No,72,Yes,Yes,Fiber optic,Yes,Two year,No,Electronic check,18,59272,,9.1,6.2,No
8132-YPVBX,Female,No,6,Yes,No,Fiber optic,No,Month-to-month,No,Mailed check,41,18201,336.2,0.8,6.5,No
9102-IAYHT,Female,No,17,Yes,No,Fiber optic,No,Month-to-month,Yes,Electronic check,44,44558,429.6,3.4,7.2,Yes
6754-LZUKA,Male,No,61,Yes,No,DSL,No,Two year,No,Bank transfer (automatic),47,48301,411.1,3.2,10,No
3422-LYEPQ,Male,No,1,Yes,No,Fiber optic,No,Month-to-month,No,Electronic check,25,65732,663,9.4,6,Yes
8099-MZPUJ,Male,No,48,Yes,No,Fiber optic,Yes,Two year,Yes,Credit card (automatic),38,72453,669.9,0.6,6.1,No
0787-LHDYT,Male,Yes,16,Yes,No,No,No internet service,Month-to-month,No,Credit card (automatic),32,55525,444.2,2.1,7.3,No
2642-DTVCO,Male,No,9,Yes,No,Fiber optic,No,Month-to-month,Yes,Electronic check,28,84772,794.3,3,6.3,Yes
0374-IOEGQ,Female,No,3,Yes,Yes,DSL,No,Month-to-month,Yes,,49,95115,549.6,2.5,7.3,No
4361-JEIVL,Male,No,1,Yes,Yes,DSL,No,Month-to-month,No,Electronic check,47,18000,448.8,5.3,6.2,Yes
3197-NNYNB,Male,No,65,Yes,Yes,Fiber optic,No,Two year,Yes,Credit card (automatic),47,35131,613.4,0.6,6.6,No
3396-DKDEL,Female,No,70,Yes,Yes,Fiber optic,Yes,Two year,Yes,Credit card (automatic),39,74341,523.8,0.3,5.8,No
1752-OZXFY,Male,Yes,60,Yes,No phone service,DSL,No,One year,Yes,Mailed check,47,73126,325.1,2.3,7.9,No
9066-QRSDU,Female,No,69,Yes,Yes,No,No internet service,One year,No,Electronic check,44,75215,884.9,12.3,7.1,No
9112-WSNPU,Female,No,35,Yes,No,Fiber optic,No,Month-to-month,No,Electronic check,27,69410,592.7,8.9,7.7,No
9867-NNXLC,Female,No,22,Yes,No,No,No internet service,Month-to-month,No,,60,47598,460.1,3.3,7,No
5321-NTRKC,Male,No,66,Yes,No,DSL,No,Two year,Yes,Bank transfer (automatic),30,54943,449.6,5,8,No
1363-TXLSL,Male,No,1,Yes,Yes,Fiber optic,No,Month-to-month,Yes,Electronic check,78,68617,787.6,6.8,4.5,Yes
9507-EXLTT,Female,No,1,Yes,Yes,Fiber optic,No,Month-to-month,Yes,Bank transfer (automatic),79,71922,65.8,2.6,3.8,Yes
3161-GETRM,Male,No,34,Yes,Yes,Fiber optic,No,Month-to-month,Yes,Credit card (automatic),40,100150,659.8,2.5,7.5,No
0402-OAMEN,Female,Yes,72,Yes,Yes,No,No internet service,Two year,Yes,Bank transfer (automatic),32,47479,513.9,2.7,7.7,No
6933-VLYFX,Male,No,31,No,Yes,DSL,Yes,One year,No,Electronic check,41,38286,0,1,9.2,No
6754-WKSHP,Male,No,30,Yes,No,No,No internet service,One year,No,Bank transfer (automatic),32,85715,405.8,2.6,5.3,No
9846-GKXAS,Female,No,9,Yes,No,Fiber optic,No,Month-to-month,Yes,Bank transfer (automatic),46,74034,522.9,3.1,7.9,Yes
6017-PPLPX,Male,Yes,20,Yes,No phone service,Fiber optic,No,Month-to-month,No,Electronic check,24,22360,626.3,4.4,4.4,Yes
4976-LNFVV,Male,No,19,No,No,DSL,No,Month-to-month,Yes,Credit card (automatic),38,96970,0,1.9,6,No
5055-MGMGF,Female,No,65,Yes,Yes,Fiber optic,No,Month-to-month,No,Electronic check,36,100129,685.7,9.5,7,No
4641-FROLU,Female,No,30,Yes,Yes,No,No internet service,Two year,Yes,Mailed check,36,27268,1013.5,4.2,6.3,No
2862-JVEOY,Male,No,6,Yes,No,No,No internet service,One year,Yes,Mailed check,37,42507,400.4,2.1,5.8,No
2969-QWUBZ,Female,No,2,No,Yes,DSL,No,Month-to-month,No,Electronic check,19,117522,0,1.6,7.1,No
9822-BIIGN,Male,No,53,Yes,Yes,DSL,Yes,Month-to-month,Yes,Electronic check,,91440,749.1,5,5.3,No
2077-MPJQO,Male,No,7,Yes,Yes,Fiber optic,No,Month-to-month,Yes,Electronic check,64,71977,574,2.4,8.2,No
1534-OULXE,Female,No,61,Yes,Yes,DSL,No,One year,No,Bank transfer (automatic),52,36559,218.7,0.5,10,No
7136-RVDTZ,Male,No,70,No,Yes,DSL,No,One year,Yes,,74,28446,0,2.2,5.3,Yes
2971-SGAFL,Female,No,13,Yes,Yes,DSL,No,Month-to-month,Yes,Electronic check,62,69852,465.7,12.2,6.6,No
1480-IVEVR,Male,Yes,35,Yes,No,Fiber optic,No,One year,Yes,Bank transfer (automatic),45,25517,342.1,0.1,7.2,No
2905-KFQUV,Female,No,2,Yes,No,Fiber optic,No,Month-to-month,Yes,Credit card (automatic),35,55808,599.7,2.8,5.6,No
4581-SSPWD,Female,No,3,Yes,Yes,Fiber optic,No,Month-to-month,No,Electronic check,27,51899,717,3.5,7,Yes
3370-HXOPH,Female,No,3,Yes,Yes,Fiber optic,No,Month-to-month,Yes,Electronic check,75,88314,792.8,11.1,5.7,No
9391-YZEJW,Female,No,62,Yes,No phone service,Fiber optic,No,One year,No,Bank transfer (automatic),20,70278,676.5,0.2,8.9,No
9958-MEKUC,Male,Yes,72,Yes,No phone service,Fiber optic,Yes,Two year,Yes,Credit card (automatic),33,,747.4,1.8,6.4,No
0281-CNTZX,Male,No,63,Yes,Yes,No,No internet service,Two year,No,Bank transfer (automatic),64,28897,229.7,2.5,6.4,No
6927-WTFIV,Male,No,20,Yes,Yes,Fiber optic,No,Month-to-month,Yes,Credit card (automatic),39,77874,388.5,7.6,6.2,Yes
4118-CEVPF,Female,No,35,Yes,No,Fiber optic,Yes,One year,Yes,Bank transfer (automatic),45,43406,602.2,4.3,8.2,No
3398-ZOUAA,Male,Yes,21,Yes,Yes,Fiber optic,No,Month-to-month,No,Electronic check,29,43313,331.7,4.6,7.7,Yes
9114-VEPUF,Male,No,62,Yes,Yes,Fiber optic,No,One year,Yes,Electronic check,54,61604,854,3.6,6.7,No
7876-BEUTG,Female,No,15,Yes,No,DSL,No,Month-to-month,No,,60,66406,383.3,1.2,6.5,No
2338-BQEZT,Female,No,55,Yes,Yes,DSL,No,Month-to-month,Yes,Credit card (automatic),66,65460,518.8,2,5.8,No
9873-MNDKV,Female,Yes,11,Yes,Yes,DSL,No,Month-to-month,Yes,Mailed check,41,34445,449.4,0.5,7.3,No
0378-NHQXU,Female,No,17,Yes,Yes,Fiber optic,No,Month-to-month,Yes,Electronic check,48,59041,556.9,7.6,4.1,Yes
8241-JUIQO,Female,No,61,Yes,No,No,No internet service,One year,Yes,Bank transfer (automatic),41,81065,400.8,5.9,5.7,No
2194-IIQOF,Female,No,71,Yes,Yes,DSL,Yes,Two year,No,Credit card (automatic),28,52690,584.2,1.3,7.5,No
4512-ZUIYL,Female,No,2,Yes,No,Fiber optic,No,Month-to-month,Yes,Bank transfer (automatic),37,33210,557.7,6.3,4.7,Yes
9631-RXVJM,Male,Yes,35,Yes,No,No,No internet service,Two year,No,Mailed check,30,118622,509.1,2.7,6.4,No
9584-EXCDZ,Female,No,,Yes,Yes,Fiber optic,No,Month-to-month,No,Bank transfer (automatic),48,33956,608.1,1,9.7,No
7969-AULMZ,Female,No,21,Yes,Yes,Fiber optic,No,Month-to-month,No,Electronic check,43,61854,584.3,7.2,5.9,Yes
5093-FEGLU,Female,No,47,Yes,Yes,No,No internet service,Two year,Yes,Bank transfer (automatic),50,58987,405.7,0.5,8,No
2621-UDNLU,Female,No,3,Yes,Yes,No,No internet service,Month-to-month,Yes,,22,48378,758.8,0.5,8.2,No
7526-IVLYU,Male,No,3,Yes,Yes,No,No internet service,Month-to-month,No,Mailed check,24,39938,472.4,0.9,5.4,No
2428-HYUNX,Male,No,44,Yes,No,No,No internet service,Two year,Yes,Credit card (automatic),39,90268,516.6,0.5,7.9,No
9214-EKVXR,Female,Yes,1,Yes,No,DSL,No,Month-to-month,No,Mailed check,58,50545,433.5,0.6,5.6,No
3410-MHHUM,Female,No,44,Yes,No,Fiber optic,No,One year,Yes,Electronic check,19,34337,700.5,0.6,6.1,No
0568-ONFPC,Male,Yes,5,Yes,No,No,No internet service,Month-to-month,No,Bank transfer (automatic),52,63875,550.6,3.9,6.1,Yes
0733-VUNUW,Male,No,24,Yes,Yes,DSL,No,Month-to-month,Yes,Bank transfer (automatic),69,138178,451.6,3.7,6.6,Yes
4550-EVXNY,Female,Yes,1,Yes,Yes,Fiber optic,No,Month-to-month,No,Electronic check,61,88134,358.3,6.1,1.5,Yes
2122-YWVYA,Female,No,18,Yes,No,Fiber optic,No,Month-to-month,No,Electronic check,46,89374,243.7,,8.9,No
2968-SSGAA,Female,No,10,Yes,No,Fiber optic,No,Month-to-month,No,Electronic check,39,24990,448.9,4.5,4.8,Yes
2296-DKZFP,Female,No,65,Yes,Yes,DSL,No,Two year,No,,42,87119,367.7,2.5,6.7,No
4844-JJWUY,Female,No,1,Yes,No phone service,Fiber optic,No,Month-to-month,No,Electronic check,48,49518,602.4,3.5,5.3,Yes
6777-TGHTM,Female,No,53,Yes,No,Fiber optic,No,One year,No,Credit card (automatic),25,41321,491,5.2,6.8,Yes
8909-BOLNL,Male,No,3,Yes,No phone service,No,No internet service,One year,Yes,Mailed check,44,50362,457.9,0.7,8.4,No
6603-YRDCJ,Male,No,33,Yes,No phone service,DSL,Yes,Two year,Yes,Mailed check,37,70093,667.4,0,6.8,No
3538-WZPHD,Male,No,3,No,No,DSL,No,Month-to-month,Yes,Electronic check,36,46485,0,3,5.4,Yes
3229-USWAR,Female,No,34,Yes,Yes,DSL,Yes,One year,Yes,Bank transfer (automatic),78,59638,440.8,1,8.9,No
2138-VFAPZ,Female,No,14,Yes,Yes,No,No internet service,Two year,No,Mailed check,44,44221,482.9,0,7.3,No
6131-JLWZM,Female,Yes,13,Yes,Yes,No,No internet service,Month-to-month,No,Mailed check,31,151792,357.7,0.6,7.4,No
4785-QRJHC,Male,No,46,No,Yes,DSL,Yes,One year,No,Bank transfer (automatic),35,73063,0,2.9,7.5,Yes
0269-XFESX,Male,No,23,Yes,No,No,No internet service,One year,Yes,Mailed check,31,44950,614.2,2,8.3,No
1709-EJDOX,Female,No,47,Yes,Yes,No,No internet service,Two year,Yes,Mailed check,18,49777,529.1,0,7.1,No
4316-XCSLJ,Male,No,17,Yes,Yes,DSL,No,Month-to-month,No,Mailed check,38,42850,90.5,4.7,7.3,No
8610-WFCJF,Female,No,49,Yes,No,Fiber optic,No,Month-to-month,No,Electronic check,46,35958,597.6,5.3,7,Yes
9693-XMUOB,Male,No,59,No,Yes,DSL,No,Month-to-month,Yes,Electronic check,51,72830,0,3.7,6.4,No
0383-CLDDA,Female,No,69,Yes,No,DSL,Yes,Two year,No,Credit card (automatic),58,32971,470.1,1.8,7.2,No
4905-JEFDW,Male,No,11,No,No phone service,DSL,No,One year,No,Electronic check,36,111417,0,6.8,6.4,Yes
2709-UQGNP,Male,No,10,Yes,No,DSL,No,Month-to-month,No,Mailed check,37,57686,433.6,,6.7,No
3549-ZTMNH,Male,No,12,Yes,Yes,No,No internet service,Two year,No,Bank transfer (automatic),18,49504,585.8,0,7.8,No
7881-INRLC,Male,No,45,Yes,No phone service,Fiber optic,No,Month-to-month,No,Credit card (automatic),54,24420,718.9,4.5,4.9,Yes
8033-ATFAS,Female,No,39,Yes,No,DSL,No,Month-to-month,Yes,Mailed check,63,83723,194.6,2.7,7.1,No
1635-NZATJ,Male,No,71,Yes,Yes,No,No internet service,Two year,Yes,Credit card (automatic),24,40438,605,0.6,8.2,No
0562-HKHML,Male,No,71,Yes,Yes,No,No internet service,Two year,No,Credit card (automatic),34,145732,797.2,2.2,9.8,No
8277-RVRSV,Female,No,33,Yes,Yes,No,No internet service,One year,No,Credit card (automatic),43,54747,750,1.4,9.2,No
9943-VSZUV,Male,No,67,Yes,Yes,Fiber optic,No,Month-to-month,Yes,Mailed check,,32854,559,0,5.4,No
0117-LFRMW,Male,No,37,No,Yes,DSL,No,Month-to-month,No,Bank transfer (automatic),21,57421,0,4.4,7.7,Yes
6172-FECYY,Male,No,49,Yes,Yes,Fiber optic,No,Month-to-month,Yes,Electronic check,33,18000,569.6,5.3,7.5,Yes
7054-ENNGU,Female,No,9,Yes,Yes,DSL,No,Month-to-month,Yes,Mailed check,58,18000,511.6,4.7,7.1,No
1455-HFBXA,Male,Yes,52,Yes,Yes,Fiber optic,Yes,Two year,No,Credit card (automatic),30,129517,511.1,0.4,9.7,No
9402-CXWPL,Female,Yes,70,Yes,No phone service,Fiber optic,No,One year,Yes,Electronic check,47,53943,736,1.9,6.4,No
1628-BIZYP,Male,No,1,Yes,No,Fiber optic,No,Month-to-month,No,Electronic check,48,66051,371.9,0.6,6.1,No
1965-AKTSX,Female,No,14,Yes,No,Fiber optic,No,Month-to-month,Yes,Electronic check,59,74367,598.7,3,6.3,Yes
0082-LDZUE,Male,No,1,Yes,Yes,DSL,No,Month-to-month,Yes,Mailed check,38,55516,343.9,7.7,7.1,No
4786-UKSNZ,Male,No,,Yes,Yes,No,No internet service,Month-to-month,No,Mailed check,42,56799,465.8,2.5,8.3,Yes
5343-SGUBI,Female,No,52,Yes,No,Fiber optic,No,One year,No,Mailed check,71,59735,363.3,5.5,7.3,No
0856-NAOES,Male,No,6,Yes,No phone service,DSL,No,Month-to-month,Yes,Mailed check,73,48859,352.2,1.4,6.4,No
1976-AZZPJ,Male,No,7,No,No,DSL,No,Month-to-month,No,Mailed check,47,76827,0,4.3,6.4,No
7248-VZQLC,Female,No,47,Yes,No,Fiber optic,No,Month-to-month,No,Bank transfer (automatic),42,27682,416.1,1.6,6.6,Yes
6156-UZDLF,Female,No,26,Yes,No phone service,Fiber optic,Yes,One year,Yes,Credit card (automatic),35,52056,400.6,2.6,6.7,No
3099-OONVS,Male,No,25,Yes,No,DSL,Yes,Month-to-month,No,Electronic check,51,28803,800.8,4.3,7,No
9500-WBGRP,Male,No,69,Yes,Yes,No,No internet service,Two year,No,Mailed check,71,40504,254.2,1.3,6.6,No
5183-KLYEM,Female,No,72,Yes,No,Fiber optic,Yes,Two year,No,,65,39181,900.2,1.3,9.9,No
5144-PQCDZ,Male,No,4,Yes,No,No,No internet service,Month-to-month,Yes,Mailed check,70,63662,247.7,0,8.7,No
8514-VZHEB,Male,No,59,Yes,No phone service,No,No internet service,Two year,Yes,Mailed check,50,52867,620.9,2.4,7.6,No
6625-IUTTT,Male,Yes,67,Yes,No,DSL,No,Two year,Yes,Bank transfer (automatic),77,89572,678.3,1.8,7.3,No
9355-NPPFS,Female,No,26,Yes,No phone service,Fiber optic,No,Month-to-month,No,,33,34781,449.9,7.4,6,No
0068-FIGTF,Female,No,27,Yes,Yes,DSL,Yes,One year,No,Mailed check,45,48950,529.3,3.5,9.1,No
5965-GGPRW,Male,No,72,Yes,No,Fiber optic,No,Two year,Yes,Bank transfer (automatic),47,83674,605.6,0.4,5.8,No
8035-PWSEV,Female,No,6,Yes,Yes,Fiber optic,Yes,Month-to-month,Yes,Electronic check,50,42864,501.6,6.3,6.5,No
2236-HILPA,Male,No,62,Yes,No,No,No internet service,Two year,Yes,Credit card (automatic),26,51481,,3,8.1,No
1840-BIUOG,Male,No,20,Yes,No phone service,DSL,Yes,One year,Yes,Electronic check,33,39810,698.2,0,8,No
1356-MKYSK,Male,No,6,Yes,No,DSL,Yes,Month-to-month,No,Credit card (automatic),41,45456,509.7,5.3,7,No
6080-LNESI,Male,Yes,51,Yes,No,No,No internet service,Two year,No,Mailed check,73,38852,760.9,0.6,7.5,No
1830-IPXVJ,Female,No,61,Yes,No,No,No internet service,Two year,Yes,Credit card (automatic),18,21326,348.3,0,5,No
5828-DWPIL,Male,No,62,Yes,No,Fiber optic,No,Month-to-month,Yes,Electronic check,33,46062,906.8,2.1,6.1,No
8398-TBIYD,Female,No,72,Yes,No,Fiber optic,Yes,Two year,No,Bank transfer (automatic),74,150690,621.8,3.8,9.8,No
0011-IGKFF,Male,Yes,13,Yes,Yes,Fiber optic,No,Month-to-month,Yes,Electronic check,65,77969,388.7,7.2,4.2,Yes
4192-GORJT,Male,No,,Yes,Yes,Fiber optic,No,Month-to-month,Yes,Electronic check,72,87528,680,4.6,5.1,Yes
6496-SLWHQ,Male,No,3,Yes,No,Fiber optic,No,Month-to-month,No,Electronic check,73,86490,509.1,8.1,4.4,Yes
9912-GVSEQ,Female,Yes,26,Yes,No phone service,Fiber optic,No,Month-to-month,No,Electronic check,34,73732,632.2,4,3.8,Yes
2931-FSOHN,Male,Yes,13,Yes,Yes,DSL,No,Month-to-month,Yes,Electronic check,46,48071,560.4,3.4,6.4,No
9418-RUKPH,Female,No,38,Yes,No,No,No internet service,Two year,Yes,Mailed check,37,83896,362.3,2.1,6.6,No
5383-MMTWC,Female,No,8,Yes,No,Fiber optic,No,Month-to-month,Yes,Electronic check,70,41965,642.8,3,5,Yes
9971-ZWPBF,Male,No,34,Yes,No,Fiber optic,Yes,Month-to-month,No,Electronic check,49,72290,588.2,3.4,7.2,No
4712-AUQZO,Male,No,18,No,No,DSL,No,Month-to-month,No,Mailed check,74,85188,0,12,7.4,No
9711-FJTBX,Male,No,56,Yes,Yes,Fiber optic,Yes,One year,Yes,Mailed check,83,95432,678.1,3,8.1,No
2908-ZTPNF,Female,Yes,36,No,Yes,DSL,Yes,Month-to-month,No,,71,69758,0,1.8,7.5,No
7240-ETPTR,Female,No,9,No,No,DSL,No,Month-to-month,No,Electronic check,38,50347,0,4.9,8.1,Yes
2202-CUYXZ,Male,No,1,Yes,Yes,Fiber optic,No,Month-to-month,No,Electronic check,39,46574,402.3,3.6,5.5,Yes
5995-OIGLP,Male,No,12,Yes,Yes,DSL,Yes,Month-to-month,Yes,Mailed check,48,43931,388.9,3.4,5.7,Yes
8421-WZOOW,Female,No,57,Yes,No,Fiber optic,Yes,Month-to-month,No,Credit card (automatic),41,90210,263,0.8,7,No
6261-RCVNS,Female,No,42,Yes,No,DSL,Yes,One year,No,Credit card (automatic),42,44619,484.3,,8.6,Yes
7951-QKZPL,Female,No,33,Yes,Yes,No,No internet service,Two year,Yes,Mailed check,41,124059,713,5.7,6.9,Yes
1414-YADCW,Male,No,70,Yes,Yes,Fiber optic,Yes,Two year,Yes,Bank transfer (automatic),48,57000,560.6,3.1,7.2,No
8756-RDDLT,Female,No,68,No,No,DSL,Yes,Month-to-month,No,Electronic check,23,71287,0,5.2,8,No
2862-PFNIK,Male,No,1,No,Yes,DSL,No,Month-to-month,No,Electronic check,42,47420,0,2.8,7.8,No
5816-QVHRX,Female,No,37,Yes,No,Fiber optic,Yes,Month-to-month,Yes,Credit card (automatic),32,78177,506.6,1.6,7.9,No
4430-YHXGG,Female,No,4,Yes,No,No,No internet service,Month-to-month,No,Mailed check,35,38277,408.1,0.8,8,No
6888-SBYAI,Male,No,1,Yes,No,DSL,No,Month-to-month,Yes,Mailed check,47,113373,430.9,4,6.2,No
7395-XWZOY,Male,Yes,20,No,No,DSL,Yes,Month-to-month,No,Credit card (automatic),19,79775,0,6.2,7.7,No
7169-YWAMK,Male,No,72,Yes,No,DSL,Yes,Two year,No,,41,65264,415.3,1.7,7.5,No
3640-PHQXK,Female,No,31,Yes,No,Fiber optic,No,Month-to-month,Yes,Electronic check,52,45712,686.5,7.6,5.7,Yes
6877-LGWXO,Male,No,18,Yes,Yes,Fiber optic,No,Month-to-month,Yes,Electronic check,64,44386,137.3,4.3,5.3,Yes
6859-RKMZJ,Male,No,11,Yes,Yes,DSL,No,Month-to-month,Yes,Bank transfer (automatic),45,40074,487.9,1.4,7.7,No
2729-VNVAP,Female,No,33,Yes,No,No,No internet service,Two year,No,Credit card (automatic),50,49326,438.2,0,6.6,No
2957-JIRMN,Female,No,62,Yes,No,Fiber optic,No,One year,Yes,Electronic check,40,72339,701.2,1.8,8.2,No
2049-BAFNW,Female,No,1,No,No,DSL,Yes,Month-to-month,Yes,Mailed check,46,68541,0,,7.7,No
3842-QTGDL,Male,No,16,Yes,Yes,Fiber optic,No,Month-to-month,No,Bank transfer (automatic),74,90863,225.6,0.7,5.9,No
7163-OCEQI,Male,No,22,Yes,No,DSL,Yes,One year,Yes,Mailed check,19,58269,394.6,2.3,5.5,No
9782-LGXMC,Female,No,49,Yes,Yes,DSL,Yes,Month-to-month,No,Bank transfer (automatic),50,24601,436.9,0.2,7.1,No
5975-BAICR,Male,No,36,Yes,No,DSL,No,One year,No,Credit card (automatic),73,112802,452.5,0.8,6.2,No
8019-ENHXU,Male,No,42,Yes,No phone service,Fiber optic,Yes,Month-to-month,Yes,Electronic check,55,57977,617.6,9.3,8.7,Yes
5167-GBFRE,Male,No,4,No,No,DSL,No,Month-to-month,Yes,Bank transfer (automatic),36,20915,0,4,6.9,Yes
9033-EOXWV,Female,No,12,Yes,Yes,DSL,Yes,One year,No,Mailed check,52,30607,830.7,1.5,7.6,Yes
4673-KKSLS,Female,No,31,Yes,Yes,Fiber optic,Yes,Month-to-month,Yes,Electronic check,30,35485,376.2,6.6,6.9,No
4853-OITSN,Male,No,5,Yes,Yes,Fiber optic,No,Month-to-month,Yes,Electronic check,30,31860,752.8,9.2,7.5,No
9800-OUIGR,Male,No,66,Yes,Yes,No,No internet service,Two year,No,Credit card (automatic),52,46874,527.3,0.3,4.9,No
1324-NLTJE,Female,Yes,15,Yes,No,DSL,Yes,Month-to-month,Yes,Credit card (automatic),53,49896,599.5,2.6,6.4,Yes
2324-EFHVG,Male,No,64,Yes,Yes,Fiber optic,No,Two year,No,,37,72461,751.3,1,8.4,No
7094-MSZAO,Male,No,10,Yes,No,No,No internet service,Month-to-month,No,Credit card (automatic),45,98884,611.6,3.1,6,No
1522-VVDMG,Male,No,7,Yes,Yes,Fiber optic,Yes,Month-to-month,Yes,Electronic check,73,41363,585.4,,5.5,Yes
6907-CQGPN,Male,Yes,29,No,No,DSL,Yes,Month-to-month,No,Electronic check,85,35235,0,3.8,9,No
0780-XNZFN,Male,No,57,Yes,Yes,No,No internet service,Two year,No,Bank transfer (automatic),65,82916,347,1.8,8.2,No
0239-OXEXL,Female,Yes,46,Yes,Yes,Fiber optic,No,Month-to-month,No,,41,53598,588.6,2.6,8.1,No
2675-IJRGJ,Male,No,53,Yes,Yes,No,No internet service,Two year,No,Bank transfer (automatic),90,59139,418.9,0.8,8.6,No
7049-GKVZY,Female,No,17,Yes,Yes,DSL,Yes,One year,Yes,Credit card (automatic),39,50060,388.3,0,9.2,No
8577-QSOCG,Female,No,38,Yes,Yes,No,No internet service,Two year,No,Mailed check,46,64053,432.8,2,8.2,No
3721-CNZHX,Male,No,15,Yes,No,No,No internet service,One year,No,Mailed check,45,64919,270.1,1.4,7.6,No
0212-ISBBF,Female,Yes,22,No,No,DSL,No,Month-to-month,Yes,Electronic check,21,34440,0,2.7,6.4,No
9185-TQCVP,Male,No,14,Yes,Yes,Fiber optic,No,Month-to-month,No,Electronic check,39,56017,475.4,8.4,6.9,Yes
3585-YNADK,Female,No,57,Yes,No,DSL,Yes,One year,Yes,Bank transfer (automatic),38,131508,624.7,2.2,8.7,No
5271-DBYSJ,Male,No,11,Yes,Yes,Fiber optic,No,Month-to-month,No,Credit card (automatic),47,72492,519,3.2,7.2,No
1099-GODLO,Female,No,1,Yes,Yes,No,No internet service,Two year,No,Mailed check,26,36692,331.8,0,8.3,No
6828-HMKWP,Male,Yes,12,Yes,Yes,No,No internet service,Two year,Yes,Bank transfer (automatic),69,45935,401,0.8,8.2,No
5567-WSELE,Male,No,3,Yes,No,Fiber optic,No,Month-to-month,Yes,Electronic check,37,65577,582.8,2.7,5.8,Yes
1472-TNCWL,Male,No,36,Yes,Yes,Fiber optic,No,Month-to-month,No,Electronic check,20,49402,479,7,6.6,No
8063-RJYNF,Male,No,16,Yes,No,Fiber optic,No,Month-to-month,Yes,Electronic check,31,55923,529.5,,5.1,Yes
0687-ZVTHB,Male,Yes,65,Yes,No,DSL,No,One year,Yes,Credit card (automatic),64,118016,546.8,2.4,6,Yes
2080-GKCWQ,Male,No,2,Yes,No phone service,Fiber optic,No,Month-to-month,Yes,Electronic check,77,37136,516,7.7,8.4,No
9661-ACXBS,Female,No,42,Yes,No,Fiber optic,No,Month-to-month,No,Electronic check,42,64103,734.6,6.1,6.6,Yes
2193-SFWQW,Male,No,72,Yes,No phone service,Fiber optic,Yes,Two year,No,Bank transfer (automatic),40,154949,540.6,0.9,6.9,No
5656-JAMLX,Male,Yes,62,Yes,No,No,No internet service,Two year,Yes,Bank transfer (automatic),32,54630,375.4,0.7,8.1,No
3462-BJQQA,Female,No,6,Yes,No,Fiber optic,No,Month-to-month,No,Electronic check,35,51523,540,6,5.9,No
0442-TDYUO,Male,No,48,Yes,No,No,No internet service,Two year,No,Mailed check,51,58115,271,1.2,8.6,No
6733-LRIZX,Male,No,35,Yes,Yes,Fiber optic,Yes,Two year,Yes,Electronic check,,42669,813.3,9.8,6.8,No
9503-XJUME,Male,No,52,Yes,Yes,No,No internet service,One year,No,Credit card (automatic),18,28873,529.7,1.3,7.1,No
4367-NHWMM,Female,No,1,No,Yes,DSL,No,Month-to-month,Yes,Mailed check,50,41493,0,3.1,6.2,No
3727-RJMEO,Male,No,6,Yes,Yes,Fiber optic,No,Month-to-month,No,Electronic check,53,68031,549.5,4.2,4.8,Yes
3779-OSWCF,Female,No,71,Yes,No,DSL,Yes,Two year,No,Credit card (automatic),47,60518,758.5,0.7,5.9,No
6736-DHUQI,Female,Yes,67,Yes,Yes,Fiber optic,No,One year,No,Bank transfer (automatic),30,41570,477.1,1.9,6.7,No
3915-ODIYG,Male,No,60,Yes,Yes,DSL,No,One year,No,Electronic check,48,55170,663.3,2.1,6.3,No
1360-RCYRT,Male,No,23,No,No,DSL,Yes,Month-to-month,Yes,Bank transfer (automatic),43,119608,0,1.6,5.8,No
2724-FJDYW,Male,Yes,39,No,No,DSL,Yes,One year,Yes,Bank transfer (automatic),41,33107,0,0.5,10,No
4451-RWASJ,Male,No,15,Yes,Yes,No,No internet service,One year,No,Mailed check,76,62320,844.3,2.4,8.2,No
6646-VRFOL,Male,No,53,Yes,No,Fiber optic,No,Month-to-month,Yes,Electronic check,51,53882,514.4,5.9,4.9,Yes
3460-TJBWI,Male,No,24,Yes,Yes,No,No internet service,Two year,Yes,Mailed check,20,99411,641.3,1.5,7.8,No
5917-HBSDW,Female,No,37,Yes,Yes,No,No internet service,Month-to-month,No,Electronic check,36,30246,387,2.4,4.4,No
5685-IIXLY,Female,Yes,5,Yes,No,Fiber optic,No,Month-to-month,Yes,Electronic check,72,51480,314.3,10.5,5.2,Yes
5671-UUNXD,Female,Yes,50,Yes,No,Fiber optic,Yes,One year,Yes,Electronic check,69,41197,677.8,2.4,6.7,No
0956-ACVZC,Female,No,54,Yes,Yes,Fiber optic,No,One year,No,Credit card (automatic),45,73839,459.9,0.7,8.4,No
2325-NBPZG,Female,No,3,Yes,No,Fiber optic,No,Month-to-month,No,Electronic check,51,82154,150.8,1,7.4,No
4250-ZBWLV,Male,No,68,Yes,No,Fiber optic,Yes,One year,No,Electronic check,50,89879,646.5,5.6,5.6,Yes
4482-FTFFX,Male,No,5,Yes,No,DSL,Yes,Month-to-month,Yes,Electronic check,23,64572,401.1,6,7.7,No
8859-DZTGQ,Male,No,33,Yes,Yes,No,No internet service,Two year,Yes,Mailed check,44,77532,348.8,5.1,5.7,No
0440-MOGPM,Female,No,41,Yes,No,DSL,No,One year,No,,39,59840,602.7,1.2,7.5,No
0020-JDNXP,Female,No,34,No,No,DSL,Yes,One year,No,Mailed check,81,37332,,2.7,9.3,No
3752-CQSJI,Female,No,13,Yes,Yes,No,No internet service,Month-to-month,No,Mailed check,23,49154,608.3,1.7,8.9,No
5025-GOOKI,Female,Yes,20,Yes,No,No,No internet service,Month-to-month,No,Credit card (automatic),52,72251,403.3,4.7,7.5,No
4698-KVLLG,Female,Yes,51,Yes,No,No,No internet service,Two year,No,Credit card (automatic),64,124386,297.3,3.4,9.2,No
5095-AESKG,Female,No,3,Yes,No,Fiber optic,No,Month-to-month,Yes,Credit card (automatic),27,45128,526.7,3.5,2.8,Yes
2887-JPYLU,Female,No,41,Yes,Yes,DSL,No,Month-to-month,No,Bank transfer (automatic),33,37143,298.5,3.2,5.4,No
4770-QAZXN,Female,Yes,13,Yes,No,No,No internet service,Month-to-month,Yes,Credit card (automatic),34,59906,163.9,4.1,6.2,No
4896-CPRPF,Male,No,35,Yes,Yes,No,No internet service,Two year,Yes,Bank transfer (automatic),38,51413,498.9,0.5,8.7,No
1871-MOWRM,Male,No,12,Yes,No,Fiber optic,Yes,Month-to-month,No,Bank transfer (automatic),57,51600,525.2,4.3,6.6,Yes
9714-EDSUC,Male,Yes,4,Yes,Yes,Fiber optic,Yes,Month-to-month,Yes,Mailed check,50,62460,503.4,2.6,7.7,No
2027-OAQQC,Female,No,43,No,No,DSL,No,Month-to-month,Yes,Bank transfer (automatic),50,125743,0,3.3,6.9,Yes
0282-NVSJS,Female,Yes,12,No,No,DSL,Yes,Month-to-month,Yes,Mailed check,61,91134,0,5.3,8,No
9090-SGQXL,Male,No,68,Yes,Yes,Fiber optic,No,Month-to-month,No,Electronic check,29,34223,525.3,6.3,5.3,Yes
6595-YGXIT,Male,No,25,Yes,No,Fiber optic,No,Month-to-month,No,Electronic check,20,29134,365.2,7.6,6,Yes
7353-YOWFP,Female,No,7,Yes,No,No,No internet service,One year,No,Mailed check,50,63546,209.3,0.1,6,No
9835-ZIITK,Male,No,66,Yes,Yes,Fiber optic,Yes,One year,Yes,Electronic check,49,53152,814.9,3.7,4.5,Yes
8008-ESFLK,Female,No,53,Yes,Yes,Fiber optic,Yes,One year,Yes,Electronic check,64,38453,497.5,4.3,6.9,No
7537-CBQUZ,Male,No,63,Yes,Yes,Fiber optic,No,Month-to-month,Yes,Bank transfer (automatic),57,32483,991.6,0.2,7.7,No
1555-DJEQW,Female,No,70,Yes,Yes,Fiber optic,Yes,Two year,Yes,Bank transfer (automatic),24,69423,675.6,3.6,6.7,Yes
5649-TJHOV,Male,No,27,No,Yes,DSL,No,Month-to-month,Yes,Bank transfer (automatic),51,69734,0,6.2,6.7,Yes
0519-XUZJU,Female,No,1,Yes,No,Fiber optic,No,Month-to-month,Yes,Mailed check,44,106384,652,4.1,5.2,Yes
3363-EWLGO,Female,No,5,Yes,Yes,No,No internet service,Month-to-month,No,Mailed check,79,103089,706.9,1.7,7.5,No
4750-UKWJK,Female,No,37,Yes,No,No,No internet service,One year,No,Mailed check,28,45092,534.4,3.4,7.5,No
6338-AVWCY,Male,Yes,,No,No,DSL,No,Month-to-month,Yes,Mailed check,49,60350,0,9.3,6,Yes
1689-YQBYY,Female,No,12,Yes,No,Fiber optic,No,Month-to-month,No,Electronic check,34,41357,787.8,0.9,8.3,No
4487-ZYJZK,Female,No,38,Yes,No,No,No internet service,One year,Yes,Credit card (automatic),47,42021,413.1,1.7,6.1,No
2959-FENLU,Female,No,9,Yes,Yes,Fiber optic,No,Month-to-month,Yes,Credit card (automatic),36,41735,691.9,5.1,5.1,No
0708-LGSMF,Male,No,13,Yes,No phone service,DSL,No,Month-to-month,No,Electronic check,27,108337,538,5.6,8.4,No
9253-QXKBE,Male,No,29,Yes,No,Fiber optic,No,Month-to-month,Yes,Electronic check,41,43859,650,3.4,5.7,Yes
7634-HLQJR,Female,No,47,Yes,Yes,No,No internet service,Two year,Yes,Credit card (automatic),47,53476,567.1,2.3,8.9,No
0487-RPVUM,Male,No,61,Yes,Yes,Fiber optic,Yes,Month-to-month,No,Bank transfer (automatic),45,56261,535.5,5.5,7.6,No
4079-ULGFR,Male,No,16,Yes,No,No,No internet service,Month-to-month,No,Mailed check,31,92234,368.3,5.2,7.4,No
2516-XSJKX,Female,No,41,Yes,No phone service,DSL,Yes,Two year,No,Electronic check,21,37136,238.7,6.6,8.2,No
0057-QBUQH,Female,No,43,Yes,Yes,No,No internet service,Two year,No,Electronic check,28,40376,661.1,2.1,8,No
9445-SZLCH,Female,Yes,,Yes,No,Fiber optic,No,Month-to-month,Yes,Bank transfer (automatic),62,44005,710.1,2.5,3.7,Yes
6599-SFQVE,Female,No,6,Yes,Yes,DSL,No,Month-to-month,No,Electronic check,28,64403,174.8,2.3,7.3,No
8331-ZXFOE,Female,No,58,Yes,Yes,DSL,Yes,One year,Yes,Credit card (automatic),73,53566,783.3,0.4,7.9,No
4003-FUSHP,Male,No,,Yes,Yes,DSL,Yes,Month-to-month,Yes,Credit card (automatic),62,42318,518.3,1.8,7.3,No
0356-ERHVT,Male,No,11,Yes,Yes,DSL,No,Month-to-month,Yes,Bank transfer (automatic),41,27440,579.1,0.2,7.4,No
7325-ENZFI,Female,No,39,No,Yes,DSL,Yes,One year,No,Bank transfer (automatic),41,36060,0,2.3,9.9,No
4884-ZTHVF,Female,No,,Yes,No,Fiber optic,No,Month-to-month,No,Electronic check,23,38141,266.7,1.6,5.7,No
3920-HIHMQ,Female,No,26,Yes,No,DSL,No,Month-to-month,Yes,Mailed check,50,53009,678.8,0.5,6.1,No
3055-OYMSE,Female,No,53,Yes,No,Fiber optic,No,Month-to-month,No,Credit card (automatic),36,43324,467.1,4.9,7.7,No
0613-WUXUM,Female,No,70,Yes,No,No,No internet service,Two year,Yes,Mailed check,42,26777,513.7,2.4,6,No
7568-PODML,Male,No,1,No,Yes,DSL,No,Month-to-month,No,Mailed check,52,97176,0,3.1,5.7,Yes
4458-KVRBJ,Male,No,59,Yes,No,No,No internet service,Two year,No,Mailed check,22,36860,629.9,3.3,6.5,No
5349-IECLD,Male,Yes,2,Yes,No,Fiber optic,No,Month-to-month,Yes,Electronic check,33,61097,432.3,4.9,5.9,Yes
1397-XKKWR,Male,No,7,No,No,DSL,No,One year,Yes,Mailed check,34,59728,0,2.5,8.1,No
3945-GFWQL,Female,No,12,Yes,No,DSL,No,Month-to-month,Yes,Electronic check,43,147846,575,13.5,7.5,Yes
8097-OMULG,Male,Yes,59,Yes,No phone service,DSL,Yes,One year,Yes,Credit card (automatic),59,84291,321.5,0.1,5.9,No
6013-BHCAW,Male,No,61,Yes,No,DSL,Yes,Two year,Yes,Bank transfer (automatic),44,47829,1031.3,0.1,9.1,No
0401-WDBXM,Male,Yes,72,Yes,Yes,Fiber optic,No,Two year,Yes,Bank transfer (automatic),29,58687,562.3,0,7.2,No
3387-PLKUI,Female,No,13,Yes,No,No,No internet service,Month-to-month,No,Mailed check,78,,488.5,1.3,4.9,No
6096-EGVTU,Female,No,64,Yes,Yes,No,No internet service,One year,Yes,Mailed check,62,43562,382.1,3.4,7.3,No
3797-VTIDR,Male,No,1,No,No,DSL,No,Month-to-month,No,Electronic check,39,60258,0,7.3,7.6,Yes
5081-NWSUP,Female,No,10,Yes,Yes,DSL,Yes,One year,Yes,Mailed check,24,47735,284.3,0,6.9,No
2580-ATZSQ,Female,No,65,Yes,No,DSL,No,One year,Yes,Bank transfer (automatic),29,67573,504.3,1.9,5.6,No
8085-MSNLK,Female,No,62,Yes,No,Fiber optic,Yes,Two year,Yes,Mailed check,45,61474,663.9,2.8,7.3,No
9691-HKOVS,Female,No,55,Yes,No,DSL,Yes,One year,Yes,Electronic check,46,64243,498,3.3,5.3,No
9881-VCZEP,Female,No,25,Yes,No,DSL,No,Month-to-month,Yes,Electronic check,45,31132,728.3,4.3,5.7,No
9526-BIHHD,Male,No,1,No,Yes,DSL,No,Month-to-month,Yes,Mailed check,38,198751,0,2.9,5.8,Yes
8757-TFHHJ,Male,No,1,Yes,No,DSL,No,Month-to-month,Yes,Credit card (automatic),42,51554,454.6,0.7,8,No
4523-WXCEF,Female,No,59,Yes,Yes,Fiber optic,No,Month-to-month,Yes,Electronic check,85,53465,653.1,2.6,3.1,Yes
1468-DEFNC,Male,No,64,Yes,No phone service,No,No internet service,Two year,Yes,,41,62414,567.4,0.2,8.2,No
5119-KEPFY,Male,No,36,Yes,Yes,Fiber optic,No,Month-to-month,Yes,Bank transfer (automatic),23,69418,400,1.8,6.8,No
8364-TRMMK,Female,No,3,Yes,Yes,DSL,No,Month-to-month,No,,30,64192,443.6,7.8,4.5,Yes
0916-KNFAJ,Male,No,61,Yes,No,DSL,No,Two year,Yes,Mailed check,72,74159,669.3,0.6,9.3,No
8319-QBEHW,Male,No,26,No,No,DSL,No,One year,Yes,,27,77440,0,0.9,7.4,No
3063-QFSZL,Female,Yes,1,Yes,No,DSL,No,Month-to-month,No,Electronic check,31,31924,543.1,4,3.7,Yes
8775-LHDJH,Female,No,1,Yes,Yes,Fiber optic,No,Month-to-month,No,Electronic check,53,27773,526.2,3.5,4.6,Yes
9625-QNLUX,Male,Yes,68,Yes,No phone service,Fiber optic,No,Two year,No,Credit card (automatic),52,35959,429.4,0.2,8.1,No
3097-NQYSN,Male,No,2,Yes,Yes,Fiber optic,No,Month-to-month,Yes,Mailed check,44,21355,460.4,4.3,4,Yes
4024-CSNBY,Female,No,72,Yes,No phone service,Fiber optic,Yes,Two year,Yes,Bank transfer (automatic),50,40107,608.3,0.5,7.1,No
7110-BDTWG,Female,Yes,71,No,Yes,DSL,Yes,Two year,No,Electronic check,38,86230,0,5.7,,No
7493-GVFIO,Male,No,57,Yes,Yes,No,No internet service,Two year,Yes,Credit card (automatic),38,86635,50.7,2.4,9.3,No
0690-SRQID,Male,No,4,Yes,No phone service,No,No internet service,Month-to-month,No,Mailed check,43,37029,607.2,5.2,7.1,No
9605-WGJVW,Female,No,1,Yes,Yes,Fiber optic,No,Month-to-month,No,Electronic check,36,50502,367.4,6.7,7,No
9114-DPSIA,Male,No,72,Yes,No,DSL,Yes,Two year,Yes,Credit card (automatic),57,35830,651.3,0,5.6,No
4700-UBQMV,Male,No,21,Yes,No,DSL,No,One year,Yes,Bank transfer (automatic),58,30534,601,1.5,8.4,No
7711-GQBZC,Female,No,71,Yes,No,No,No internet service,Two year,Yes,Bank transfer (automatic),83,49697,793.5,0.2,7.4,No
3565-UNOCC,Female,Yes,29,Yes,Yes,Fiber optic,No,Month-to-month,Yes,Bank transfer (automatic),67,70992,794.3,3.2,6.3,Yes
4627-MIHJH,Female,No,69,Yes,Yes,Fiber optic,Yes,Two year,No,Credit card (automatic),42,60282,439.4,1,6.8,No
9795-NREXC,Female,Yes,64,Yes,No phone service,DSL,Yes,Two year,No,Credit card (automatic),31,26436,769.7,1.5,9.3,No
8573-CGOCC,Male,No,16,Yes,No,No,No internet service,Month-to-month,Yes,Credit card (automatic),42,82251,399.4,8.3,8.4,No
7356-AYNJP,Female,No,4,Yes,No,No,No internet service,One year,Yes,Electronic check,29,51509,669.8,5.4,5.4,No
9249-FXSCK,Female,Yes,52,Yes,Yes,Fiber optic,Yes,One year,Yes,Credit card (automatic),64,33161,543.4,3.5,5.8,Yes
5493-SDRDQ,Male,Yes,2,Yes,No,DSL,No,Month-to-month,Yes,Mailed check,42,118568,388.7,4.5,6.5,Yes
6286-SUUWT,Male,No,1,Yes,No,No,No internet service,Month-to-month,Yes,Mailed check,34,78668,522.4,4.1,6.1,No
4819-HJPIW,Male,No,18,No,No,DSL,No,Month-to-month,No,Mailed check,35,56805,0,1.9,7.1,No
8654-DHAOW,Female,No,2,Yes,No,DSL,No,Month-to-month,Yes,Mailed check,65,50495,658.4,0.1,5,No
5438-QMDDL,Female,Yes,19,Yes,No,DSL,No,Month-to-month,No,Mailed check,65,73173,255.3,0.7,6.3,No
9812-GHVRI,Female,No,40,Yes,Yes,Fiber optic,No,Month-to-month,Yes,Bank transfer (automatic),79,87493,546.5,2.6,7.2,No
5553-AOINX,Female,No,66,Yes,Yes,Fiber optic,No,One year,Yes,Electronic check,32,74117,253.7,4.2,7.3,No
1228-ZLNBX,Male,No,21,Yes,No,Fiber optic,No,Month-to-month,Yes,,68,29927,917.9,2.1,7.3,No
4226-KKDON,Male,No,8,Yes,No phone service,DSL,Yes,Month-to-month,No,Electronic check,53,,266.7,0,7.1,No
3831-YCPUO,Female,No,72,Yes,Yes,Fiber optic,Yes,Two year,Yes,Credit card (automatic),63,,389.8,0,8.2,No
7445-WMRBW,Female,Yes,48,Yes,No,DSL,Yes,One year,Yes,Bank transfer (automatic),39,52449,619,0,5.1,No
3308-DGHKL,Male,No,,Yes,No,No,No internet service,Two year,Yes,Bank transfer (automatic),53,102998,243.3,2.1,7.9,No
9924-JPRMC,Male,No,72,Yes,No phone service,Fiber optic,Yes,Two year,No,Electronic check,35,27967,174,1.7,8.5,No
0080-EMYVY,Female,No,14,Yes,No,DSL,No,One year,No,,46,47358,311.2,0.8,5.2,No
6218-KNUBD,Male,Yes,6,Yes,Yes,DSL,No,Month-to-month,Yes,Electronic check,51,53543,256.3,14.6,5.7,No
7337-CINUD,Female,Yes,8,Yes,No,No,No internet service,Two year,No,Bank transfer (automatic),47,50215,434.8,2.8,7.2,No
7609-NRNCA,Female,No,17,Yes,Yes,No,No internet service,One year,No,Mailed check,77,48535,461.2,1.6,7.4,No
0623-EJQEG,Male,No,,Yes,No,Fiber optic,Yes,One year,Yes,Electronic check,19,22534,1112.9,6.6,7.3,No
7153-CHRBV,Female,No,57,Yes,No,DSL,Yes,One year,No,Mailed check,45,125612,256,1.4,8.4,No
0871-URUWO,Male,Yes,13,Yes,No,Fiber optic,No,Month-to-month,No,Credit card (automatic),32,48879,717.5,4.4,4,Yes
9190-MFJLN,Male,No,19,Yes,No,Fiber optic,No,Month-to-month,No,Credit card (automatic),47,31312,625.1,1.4,5.9,Yes
6198-PNNSZ,Female,No,56,Yes,No,Fiber optic,No,One year,No,Bank transfer (automatic),32,111515,457,1.2,6.2,No
3317-VLGQT,Female,Yes,14,Yes,No,Fiber optic,No,Month-to-month,No,Electronic check,34,108341,485.7,1.5,7.2,No
4132-POCZS,Male,No,52,No,No,DSL,No,Month-to-month,Yes,Electronic check,40,43018,0,9.4,7.2,No
5614-DNZCE,Female,No,58,Yes,Yes,DSL,Yes,Two year,Yes,Credit card (automatic),45,59117,422.7,1.6,7.1,No
1095-JUDTC,Female,No,47,Yes,No,Fiber optic,Yes,Month-to-month,No,Electronic check,30,37628,778.4,6.2,4.8,Yes
3896-RCYYE,Female,No,67,No,Yes,DSL,Yes,Month-to-month,Yes,Credit card (automatic),45,149015,0,0.1,6.8,No
9638-JIQYA,Male,Yes,2,No,No,DSL,No,Month-to-month,Yes,Credit card (automatic),24,119946,0,3.1,7.7,No
3258-SANFR,Male,No,6,Yes,No,DSL,No,Month-to-month,No,Credit card (automatic),64,80225,409,2.8,7.6,No
3726-TBHQT,Male,No,71,Yes,No,Fiber optic,Yes,Two year,No,Bank transfer (automatic),18,72928,705,1.3,6.4,No
3190-ITQXP,Female,No,46,Yes,Yes,No,No internet service,Two year,No,Bank transfer (automatic),50,91859,495.4,1.3,8,No
0870-VEMYL,Female,No,5,Yes,No,DSL,Yes,Month-to-month,Yes,Credit card (automatic),29,56249,382.5,3.9,5.7,Yes
4833-QTJNO,Male,No,67,Yes,Yes,Fiber optic,No,Month-to-month,Yes,Bank transfer (automatic),51,64852,451.6,3,8.7,No
3039-MJSLN,Male,Yes,3,Yes,No,No,No internet service,Month-to-month,Yes,Bank transfer (automatic),50,45742,497.8,2.2,6.5,No
0178-CIIKR,Female,No,3,Yes,No phone service,No,No internet service,Month-to-month,Yes,Mailed check,71,26515,287.8,1,7.1,No
5385-SUIRI,Male,No,,Yes,No phone service,Fiber optic,No,Month-to-month,Yes,Electronic check,39,22498,507.7,4.1,4.2,Yes
3982-XWFZQ,Female,No,42,Yes,No,DSL,No,Month-to-month,No,Electronic check,46,60799,583.3,10.2,5.8,Yes
5774-QPLTF,Male,No,50,Yes,No,No,No internet service,One year,Yes,Mailed check,22,68981,511.3,1.7,7.6,No
2322-VCZHZ,Male,No,,Yes,No,Fiber optic,No,Month-to-month,Yes,Electronic check,29,85182,613.1,7.9,8,No
5010-IPEAQ,Female,No,67,No,Yes,DSL,Yes,Two year,Yes,,,28261,0,0,8.5,No
4009-ALQFH,Female,Yes,25,Yes,No,Fiber optic,No,Month-to-month,No,Electronic check,42,38920,364.7,3.7,4.2,Yes
6383-ZTSIW,Female,No,39,Yes,Yes,Fiber optic,No,One year,Yes,Mailed check,46,72770,393.1,0.5,7.6,No
8990-YOZLV,Female,Yes,69,Yes,Yes,DSL,Yes,Two year,Yes,Mailed check,65,51436,365.8,3.3,5.3,No
3069-SSVSN,Female,No,1,No,Yes,DSL,No,One year,Yes,Mailed check,52,61063,0,1.8,7.9,No
5222-IMUKT,Male,Yes,32,Yes,No,Fiber optic,No,Month-to-month,No,Electronic check,63,50571,121.9,6.8,4.9,No
3627-FCRDW,Female,No,9,Yes,No,Fiber optic,No,Month-to-month,Yes,Electronic check,44,101080,252.8,8,4.5,Yes
7562-GSUHK,Female,No,,Yes,No,Fiber optic,No,Month-to-month,No,Credit card (automatic),43,58563,471,2.7,5.1,Yes
6685-XSHHU,Male,No,60,Yes,Yes,No,No internet service,Two year,No,Bank transfer (automatic),34,62609,241,0.3,7.9,No
8901-UPRHR,Female,No,72,Yes,No,Fiber optic,Yes,Two year,Yes,Bank transfer (automatic),31,57698,670.5,2.3,6.4,No
4903-UYAVB,Male,No,,Yes,Yes,No,No internet service,Month-to-month,No,Mailed check,75,92698,645.1,5.6,8,Yes
0118-JPNOY,Female,No,26,Yes,No,Fiber optic,No,Month-to-month,Yes,Credit card (automatic),25,54799,252.7,3.7,5.5,No
6776-TLWOI,Male,Yes,3,Yes,No phone service,No,No internet service,Month-to-month,Yes,Mailed check,18,84966,93.9,2.8,7.9,Yes
3845-FXCYS,Male,No,2,Yes,Yes,No,No internet service,Month-to-month,Yes,Electronic check,51,87194,281.6,12,6,No
5857-XRECV,Female,Yes,,Yes,No,No,No internet service,One year,No,Bank transfer (automatic),30,74350,587.2,0.4,5.9,No
0725-CXOTM,Female,No,36,Yes,No phone service,DSL,Yes,One year,No,Credit card (automatic),57,87076,504.7,0.2,7.5,No
4343-EJVQB,Male,No,7,Yes,No,Fiber optic,No,Month-to-month,No,Mailed check,55,38937,489.3,4.6,9.9,No
9000-PLFUZ,Female,No,60,No,No,DSL,No,Two year,Yes,Credit card (automatic),49,58147,0,0.2,7.3,No
3427-GGZZI,Female,No,19,Yes,Yes,Fiber optic,No,Month-to-month,No,Electronic check,31,93995,766.9,0.1,6.9,No
7779-ORAEL,Male,No,45,Yes,Yes,DSL,Yes,Two year,Yes,Credit card (automatic),37,64811,613.3,1.7,9.7,No
0644-OQMDK,Male,No,4,Yes,Yes,Fiber optic,No,Month-to-month,No,Electronic check,79,45075,372.6,4,6.9,No
4077-CROMM,Female,No,31,Yes,Yes,Fiber optic,Yes,Month-to-month,No,Electronic check,63,94533,713.9,4.5,8.3,Yes
3154-CFSZG,Male,No,47,Yes,No,Fiber optic,No,Month-to-month,No,Electronic check,23,71441,387.5,2.3,8,No
2868-MZAGQ,Male,Yes,1,Yes,No,Fiber optic,No,Month-to-month,Yes,Electronic check,43,46528,329.2,10.4,5.5,Yes
4847-QNOKA,Female,No,1,Yes,Yes,DSL,No,Month-to-month,No,Bank transfer (automatic),38,61924,288.7,2.9,5,Yes
2220-IAHLS,Female,No,1,Yes,No,No,No internet service,Month-to-month,Yes,Credit card (automatic),39,45160,310.1,5.7,6.8,No
1658-XUHBX,Female,Yes,59,Yes,No,Fiber optic,No,Month-to-month,Yes,Credit card (automatic),42,41918,632.6,2.7,7.1,No
6379-RXJRQ,Male,No,10,Yes,No phone service,Fiber optic,No,Month-to-month,No,Electronic check,31,94005,492.2,2.3,4.7,Yes
2378-HTWFW,Male,No,35,Yes,No phone service,Fiber optic,No,Month-to-month,Yes,Credit card (automatic),47,51730,644.3,0.9,6.2,No
8650-RHRKE,Male,No,4,No,No,DSL,No,Month-to-month,No,Electronic check,41,81213,0,6.7,7.2,Yes
4377-VDHYI,Male,No,32,Yes,Yes,Fiber optic,No,One year,Yes,Electronic check,46,104806,498.3,2.4,6.6,No
0475-RIJEP,Male,No,43,Yes,No phone service,Fiber optic,No,Month-to-month,No,Electronic check,64,30591,566.3,3.9,4.4,Yes
1260-TTRXI,Male,No,4,Yes,No phone service,DSL,No,Month-to-month,Yes,Electronic check,57,72083,332.2,4.6,7.1,Yes
3719-TDVQB,Female,No,54,Yes,No,No,No internet service,Two year,Yes,Mailed check,24,62910,712.4,1.1,8.2,No
6328-ZPBGN,Female,Yes,11,Yes,No,Fiber optic,No,Month-to-month,No,Bank transfer (automatic),42,24607,732.5,2.6,4.2,Yes
0201-MIBOL,Female,No,66,Yes,No,Fiber optic,No,Two year,No,Bank transfer (automatic),42,45425,562,4.2,8.3,No
4937-QPZPO,Male,No,61,Yes,Yes,Fiber optic,No,One year,No,Electronic check,75,88379,937.3,0.9,8.7,No
2925-VDZHY,Male,No,72,Yes,Yes,DSL,Yes,Two year,Yes,Credit card (automatic),56,62440,456.3,1.2,7.6,No
6981-TDRFT,Male,Yes,44,No,No,DSL,Yes,One year,No,Electronic check,83,58247,0,0.7,7.4,No
3413-CSSTH,Male,No,41,Yes,No phone service,DSL,No,Month-to-month,Yes,Bank transfer (automatic),31,46583,535.7,0.6,6.6,No
8033-VCZGH,Male,No,50,Yes,Yes,Fiber optic,No,One year,Yes,Electronic check,55,50146,872.6,2.1,6.5,No
4789-KWMXN,Male,No,47,Yes,Yes,Fiber optic,Yes,One year,Yes,Credit card (automatic),50,90318,618.7,3.4,4.3,Yes
0224-NIJLP,Male,Yes,8,Yes,No,No,No internet service,Two year,No,Mailed check,34,58540,326.5,2.1,6.4,No
7542-CYDDM,Male,No,18,Yes,No,No,No internet service,Month-to-month,Yes,Mailed check,33,56929,735.9,0,6.3,No
4718-WXBGI,Male,No,72,Yes,No,DSL,Yes,Two year,Yes,Credit card (automatic),49,39672,503.8,2.5,6.8,No
2867-UIMSS,Male,No,1,Yes,No,Fiber optic,No,Month-to-month,Yes,Electronic check,37,37697,283,3.9,4.7,Yes
8495-PRWFH,Female,No,42,Yes,Yes,DSL,No,Month-to-month,No,Electronic check,26,68484,257.6,3.2,8.5,No
0439-IFYUN,Female,No,18,Yes,Yes,Fiber optic,No,Month-to-month,Yes,,62,36100,492.9,2.2,7.1,No
5716-LIBJC,Female,No,13,Yes,No,Fiber optic,No,One year,Yes,Credit card (automatic),83,34795,763.2,0.5,9.4,No
2868-LLSKM,Female,No,68,Yes,Yes,Fiber optic,Yes,One year,Yes,Bank transfer (automatic),32,73635,648.7,1.5,9.1,No
8111-RKSPX,Male,No,4,Yes,No phone service,Fiber optic,No,Month-to-month,No,,34,29714,520.9,4,3.6,Yes
2988-QRAJY,Male,No,69,Yes,No,Fiber optic,No,Two year,Yes,Credit card (automatic),52,43045,778.1,0,6.1,No
1585-MQSSU,Male,No,17,Yes,Yes,DSL,Yes,Month-to-month,Yes,Mailed check,64,23189,486.5,4.1,4.5,Yes
0071-NDAFP,Male,No,25,Yes,Yes,No,No internet service,Two year,Yes,Credit card (automatic),18,70861,597,1.8,7.7,No
2856-NNASM,Male,No,,Yes,No,Fiber optic,No,Month-to-month,Yes,Mailed check,32,118313,203.4,4.2,6.1,Yes
7328-ZJAJO,Female,Yes,59,Yes,Yes,No,No internet service,Two year,No,Credit card (automatic),68,24200,862,1.9,7.6,No
6458-CYIDZ,Female,No,5,Yes,No phone service,Fiber optic,No,Month-to-month,Yes,Electronic check,88,35363,687.2,9.1,5.9,No
8559-CIZFV,Male,No,21,Yes,No,DSL,Yes,One year,Yes,Mailed check,33,71659,527,1.7,6.1,Yes
1090-PYKCI,Female,Yes,69,Yes,No,Fiber optic,Yes,One year,No,Credit card (automatic),43,31817,554.5,1,5.7,No
3058-WQDRE,Male,No,13,No,No,DSL,No,Month-to-month,Yes,Bank transfer (automatic),48,76664,0,0.9,10,No
7547-EKNFS,Male,No,42,Yes,No,Fiber optic,No,Month-to-month,No,Bank transfer (automatic),42,70227,579,6.4,5.5,Yes
2279-AXJJK,Male,No,52,Yes,Yes,Fiber optic,Yes,Month-to-month,No,Credit card (automatic),38,55037,503.4,1.9,5.2,No
6769-DYBQN,Male,No,46,Yes,Yes,Fiber optic,No,Month-to-month,Yes,Electronic check,48,94332,611.8,4.1,5.3,Yes
0909-SELIE,Male,Yes,61,Yes,No,DSL,Yes,Two year,Yes,Bank transfer (automatic),27,89710,937.3,1.1,6.7,No
3417-TSCIC,Male,No,29,No,No,DSL,No,One year,Yes,Mailed check,,54597,0,1.5,7.1,No
1042-HFUCW,Female,No,25,Yes,No,DSL,Yes,One year,No,Credit card (automatic),32,54300,439.8,1.9,6.9,No
4439-JMPMT,Female,No,5,Yes,No,Fiber optic,Yes,Month-to-month,Yes,Electronic check,34,55827,385.2,2.9,4.7,Yes
6537-OTKMY,Male,No,15,No,Yes,DSL,No,One year,Yes,Electronic check,26,50452,0,2.1,8,No
8999-EXMNO,Female,No,19,Yes,Yes,No,No internet service,Two year,No,Mailed check,37,130277,314.9,0,8.6,No
6725-TPKJO,Male,No,44,Yes,No,No,No internet service,Two year,Yes,Mailed check,30,73944,496.4,7.4,7.8,No
2446-BEGGB,Female,No,6,Yes,No,Fiber optic,No,Month-to-month,Yes,,46,62291,574.7,3.5,4.2,Yes
7162-WPHPM,Male,No,58,Yes,No phone service,DSL,Yes,Two year,No,Credit card (automatic),28,68500,684.2,3,7.4,No
1599-MMYRQ,Male,No,62,Yes,No phone service,Fiber optic,No,One year,Yes,Credit card (automatic),38,20562,663.5,1.7,6.4,No
8821-KVZKQ,Female,No,70,No,No phone service,DSL,Yes,One year,Yes,,21,97697,0,1.2,7.4,No
1496-GGSUK,Female,No,1,No,No phone service,DSL,No,Month-to-month,No,Mailed check,51,109153,0,5.1,5.1,Yes
6434-TTGJP,Male,No,10,No,No,DSL,Yes,Two year,Yes,Credit card (automatic),40,41514,0,1.6,8.2,No
0042-JVWOJ,Male,No,26,Yes,No,No,No internet service,One year,No,Bank transfer (automatic),64,53166,430.3,1.8,9,No
0130-SXOUN,Male,No,66,Yes,No,Fiber optic,No,Month-to-month,No,Credit card (automatic),55,80523,360.6,0.8,4.9,No
2575-GFSOE,Female,No,7,Yes,No,Fiber optic,No,Month-to-month,Yes,Electronic check,31,39204,567.7,7.1,4.5,Yes
2330-PQGDQ,Male,No,51,Yes,No,Fiber optic,Yes,One year,No,Bank transfer (automatic),40,79399,944.2,0.8,8.3,No
1452-UZOSF,Male,No,72,Yes,Yes,Fiber optic,Yes,Two year,Yes,Credit card (automatic),33,65788,566.6,2.5,6.7,No
2097-YVPKN,Male,Yes,65,Yes,No phone service,No,No internet service,Two year,No,Mailed check,20,57103,,0.3,8.4,No
2842-JTCCU,Male,No,2,Yes,No,DSL,No,Month-to-month,Yes,Bank transfer (automatic),79,24420,622.7,5.3,5.2,Yes
8597-CTXVJ,Male,No,70,Yes,No,DSL,Yes,One year,No,Bank transfer (automatic),79,18000,571.8,4,7.8,No
6631-HMANX,Male,No,72,Yes,Yes,DSL,Yes,Two year,Yes,Credit card (automatic),41,61385,994.2,0.4,8,No
9962-BFPDU,Female,No,1,Yes,Yes,No,No internet service,Month-to-month,Yes,Mailed check,61,45886,679,0.9,7.6,No
3296-SILRA,Female,No,1,Yes,Yes,Fiber optic,No,Month-to-month,Yes,Mailed check,38,31055,624.9,7,4.7,Yes
9681-OXGVC,Female,No,5,Yes,No,Fiber optic,No,Month-to-month,No,Electronic check,39,58417,743,4.7,5,Yes
6394-HHHZM,Male,Yes,3,Yes,Yes,No,No internet service,Month-to-month,No,Mailed check,39,80689,382.3,0.9,7.5,No
5995-LFTLE,Male,No,58,Yes,Yes,No,No internet service,Two year,Yes,Credit card (automatic),42,69273,499.4,0.9,7.9,No
5180-UCIIQ,Male,No,22,No,Yes,DSL,No,Month-to-month,Yes,Mailed check,78,42096,0,2.8,4.7,Yes
1932-UEDCX,Male,No,33,Yes,No,Fiber optic,No,Month-to-month,No,Bank transfer (automatic),52,64513,845.6,2.9,6.3,No
7153-OANIO,Male,No,1,Yes,Yes,Fiber optic,No,Month-to-month,Yes,Electronic check,30,76133,560.7,3.6,4.3,Yes
5188-HGMLP,Male,No,54,Yes,No phone service,Fiber optic,No,Month-to-month,Yes,Bank transfer (automatic),42,59889,787.5,8.7,,No
0665-XHDJU,Male,No,72,Yes,Yes,Fiber optic,No,Two year,Yes,Electronic check,53,30465,585.9,1.6,6.8,No
6521-YYTYI,Male,No,1,Yes,No phone service,Fiber optic,No,Month-to-month,No,Electronic check,43,44686,688,4.6,8.3,Yes
8878-HMWBV,Male,Yes,3,Yes,No,DSL,No,Month-to-month,Yes,Electronic check,73,49764,575.5,7.6,2.7,Yes
8265-HKSOW,Female,No,72,Yes,No,Fiber optic,Yes,Two year,No,Credit card (automatic),41,59518,665.2,0.3,7.7,No
3544-FBCAS,Female,No,72,Yes,No,DSL,No,Two year,Yes,Credit card (automatic),59,80057,787.3,1.4,8.4,No
5331-RGMTT,Male,No,54,Yes,No,Fiber optic,No,Month-to-month,Yes,Credit card (automatic),29,53772,693.2,2.7,8.7,No
4759-PXTAN,Female,No,59,Yes,No,DSL,Yes,One year,Yes,Electronic check,32,71856,432.6,1.4,8,No
7054-DMVAS,Male,No,54,Yes,Yes,DSL,No,Two year,Yes,Bank transfer (automatic),59,109969,432.1,1.2,10,No
3428-MMGUB,Male,Yes,60,Yes,No,Fiber optic,No,Two year,Yes,,33,61077,472.4,0.6,8.4,No
6549-BTYPG,Female,Yes,60,No,Yes,DSL,Yes,Two year,No,Credit card (automatic),54,170879,0,0.2,7.1,No
7823-JSOAG,Male,Yes,3,Yes,Yes,Fiber optic,No,Month-to-month,Yes,Electronic check,43,32144,746.8,2.9,7.7,No
3705-RHRFR,Female,Yes,69,Yes,Yes,Fiber optic,No,Two year,No,Bank transfer (automatic),32,28304,922.2,2,8.5,No
9374-YOLBJ,Female,Yes,1,Yes,No,No,No internet service,Month-to-month,Yes,Electronic check,81,71197,462,5.4,7.8,No
9074-KGVOX,Male,No,50,No,No,DSL,No,Month-to-month,Yes,Credit card (automatic),34,64468,0,3,5.6,No
6128-DAFVY,Female,No,56,No,No,DSL,No,Month-to-month,Yes,Credit card (automatic),26,72152,0,2.4,8,No
9933-QRGTX,Female,No,60,Yes,No,Fiber optic,Yes,Two year,No,Electronic check,43,35125,537.6,1.6,7.3,No
4476-OSWTN,Male,No,69,Yes,No,Fiber optic,Yes,One year,Yes,Mailed check,32,35874,357.7,0,8.2,No
3751-KTZEL,Female,No,1,No,No phone service,DSL,No,Month-to-month,Yes,Mailed check,18,39711,0,3.9,5.4,Yes
1977-STDKI,Female,No,,Yes,No,Fiber optic,No,Month-to-month,Yes,Electronic check,23,29663,547.1,10.3,5.1,Yes
5066-GFJMM,Female,Yes,3,Yes,No phone service,No,No internet service,Month-to-month,No,,45,70806,544.9,0.3,7.1,No
2661-GKBTK,Male,No,60,Yes,No,DSL,Yes,Two year,Yes,Bank transfer (automatic),25,92396,479.7,0.4,8.5,No
0458-HEUZG,Female,No,13,No,No,DSL,Yes,Two year,No,Mailed check,48,72322,0,1.5,8.7,No
7268-WNTCP,Male,No,,Yes,Yes,No,No internet service,Two year,No,Bank transfer (automatic),37,52996,431.9,0.3,5.6,No
0824-VWDPO,Female,No,,Yes,Yes,Fiber optic,No,One year,No,Bank transfer (automatic),37,58540,643.6,1,5.7,No
8409-WQJUX,Female,No,25,No,Yes,DSL,Yes,One year,Yes,,33,68507,0,4.9,6,No
2578-JQPHZ,Male,No,44,Yes,No,Fiber optic,Yes,Two year,No,Bank transfer (automatic),57,62411,406.7,0.5,7.7,No
3278-FSIXX,Female,No,2,Yes,No,DSL,No,Month-to-month,Yes,Mailed check,49,61222,422.1,3.9,4,No
5813-UECBU,Male,No,33,Yes,No,Fiber optic,No,Month-to-month,No,Credit card (automatic),44,58655,629.4,3.4,3.9,Yes
0328-GRPMV,Female,No,1,Yes,Yes,Fiber optic,No,Month-to-month,Yes,Electronic check,45,38687,566.2,3.7,4.7,Yes
9746-UGFAC,Female,Yes,22,Yes,Yes,No,No internet service,One year,Yes,Bank transfer (automatic),75,31005,527.6,3,9.5,No
2946-KIQSP,Female,No,35,No,Yes,DSL,Yes,Month-to-month,Yes,,48,93038,0,15.2,6.5,No
0625-AFOHS,Female,No,29,Yes,No phone service,No,No internet service,Two year,Yes,Mailed check,87,66940,259.3,1.2,8.9,No
6726-WEXXK,Male,No,27,Yes,No,Fiber optic,No,One year,Yes,Electronic check,,64832,492.3,2.1,9,No
4636-OLWOE,Male,No,54,Yes,No phone service,DSL,Yes,One year,No,Electronic check,44,80998,283.7,0.9,6.2,No
4342-HENTK,Female,No,2,Yes,Yes,Fiber optic,No,Month-to-month,Yes,Electronic check,69,38058,214.9,4.2,5.2,Yes
4685-ERGHK,Male,No,57,Yes,No,Fiber optic,No,One year,Yes,Electronic check,73,46745,275.1,3.5,8.2,No
0885-HMGPY,Male,No,62,Yes,Yes,DSL,Yes,Two year,Yes,Bank transfer (automatic),32,59587,581,2.6,7.8,No
5003-OKNNK,Female,No,15,Yes,No,No,No internet service,One year,No,Credit card (automatic),39,64846,327.8,0.9,7.1,No
4195-SMMNX,Male,No,2,Yes,Yes,No,No internet service,Month-to-month,Yes,Mailed check,23,66590,422.3,2.3,6,Yes
7208-PSIHR,Female,No,70,Yes,Yes,Fiber optic,Yes,Two year,Yes,Bank transfer (automatic),82,27737,646.9,0.6,6.4,No
4012-ZTHBR,Female,Yes,21,Yes,No,DSL,No,Month-to-month,No,Electronic check,61,84425,388.1,1.3,6.1,No
0489-WMEMG,Female,No,23,Yes,No,DSL,Yes,One year,Yes,Electronic check,37,77543,380.3,6.7,7.6,No
7435-ZNUYY,Male,Yes,6,Yes,Yes,No,No internet service,One year,Yes,Mailed check,21,63310,390.1,1.7,6.9,No
1354-YZFNB,Male,No,4,Yes,Yes,No,No internet service,Two year,Yes,Credit card (automatic),58,47610,367.4,0.4,6.7,No
6956-SMUCM,Female,No,3,Yes,No,Fiber optic,No,Month-to-month,No,Credit card (automatic),54,61465,161.1,1.4,5.8,Yes
2985-FMWYF,Female,No,23,Yes,Yes,Fiber optic,No,Month-to-month,Yes,Electronic check,35,62966,690.1,3,4.7,No
2812-ENYMO,Male,No,26,No,No,DSL,Yes,One year,No,Credit card (automatic),52,92392,0,0,9.6,No
2717-HVIZY,Female,No,8,Yes,Yes,No,No internet service,Month-to-month,Yes,Mailed check,56,82227,342.4,2.7,6,No
3223-WZWJM,Male,No,26,Yes,No,Fiber optic,No,Month-to-month,Yes,Electronic check,58,45958,395.8,5,4.7,Yes
3422-GALYP,Male,No,2,Yes,Yes,Fiber optic,No,Month-to-month,Yes,Electronic check,66,86704,567.9,6.9,7.2,No
9053-JZFKV,Male,No,67,Yes,Yes,Fiber optic,Yes,Two year,No,Credit card (automatic),19,53502,843.8,2.4,5.7,Yes
2530-ENDWQ,Female,Yes,71,Yes,No,Fiber optic,No,Two year,No,Bank transfer (automatic),48,37668,695,2.7,5.2,Yes
2890-WFBHU,Female,No,59,Yes,No,DSL,Yes,One year,Yes,Credit card (automatic),45,26828,653.7,2.5,6.9,No
0327-WFZSY,Male,No,39,Yes,No,Fiber optic,No,One year,No,Electronic check,43,52883,631.9,2.8,8.3,No
7977-HXJKU,Male,No,21,Yes,Yes,No,No internet service,Two year,Yes,Mailed check,46,,94.2,1.9,5.8,No
6615-ZGEDR,Male,No,,Yes,Yes,No,No internet service,Month-to-month,Yes,Mailed check,43,96274,460.4,5.9,6,Yes
7033-CLAMM,Female,No,48,Yes,Yes,No,No internet service,Two year,Yes,Bank transfer (automatic),32,35521,386.6,1.2,8.8,No
4023-RTIQM,Female,No,31,No,Yes,DSL,No,One year,No,Credit card (automatic),49,83975,0,1,6.7,No
0864-FVJNJ,Female,No,64,Yes,No phone service,Fiber optic,Yes,One year,Yes,Electronic check,51,26734,643,1,6.9,No
7356-IWLFW,Male,No,46,Yes,Yes,Fiber optic,No,Month-to-month,Yes,Bank transfer (automatic),87,51069,633.7,1.5,5.7,No
9541-PWTWO,Female,No,,Yes,No,DSL,Yes,Two year,No,Bank transfer (automatic),49,55702,442.9,1.4,7.1,No
3967-VQOGC,Female,No,67,Yes,No,No,No internet service,Two year,Yes,Mailed check,38,53868,365.8,4,9.2,No
7872-RDDLZ,Female,No,67,Yes,No phone service,DSL,No,Month-to-month,Yes,Electronic check,57,20973,625.2,11.5,6.3,No
9250-WYPLL,Female,Yes,5,Yes,Yes,Fiber optic,No,Month-to-month,Yes,Electronic check,37,45577,561.3,3.5,5.9,Yes
6308-CQRBU,Female,No,71,Yes,No,Fiber optic,Yes,Two year,No,Electronic check,47,25255,524.5,5.2,7.7,No
2754-XBHTB,Female,No,9,Yes,Yes,Fiber optic,No,Month-to-month,Yes,Bank transfer (automatic),49,79411,757.7,4.6,4.6,Yes
1597-LHYNC,Female,No,26,Yes,Yes,Fiber optic,No,Month-to-month,No,Electronic check,32,43121,401.4,2.4,5.4,Yes
0186-CAERR,Male,Yes,71,Yes,No,Fiber optic,Yes,One year,Yes,Bank transfer (automatic),50,106256,695.6,2.2,6.1,No
3043-SUDUA,Female,Yes,32,Yes,Yes,No,No internet service,Month-to-month,No,Bank transfer (automatic),59,18000,123.3,1.9,8.4,No
5442-BHQNG,Female,No,2,Yes,No,Fiber optic,No,Month-to-month,No,Electronic check,52,47810,528.9,3.5,8.2,No
2169-RRLFW,Female,No,71,Yes,Yes,No,No internet service,Two year,No,Credit card (automatic),36,110353,647.8,1.2,8.6,No
5872-OEQNH,Female,No,60,No,No,DSL,No,One year,Yes,Electronic check,53,92610,0,3.3,6.4,No
3162-KKZXO,Female,Yes,55,Yes,No,Fiber optic,No,One year,No,Electronic check,48,161046,392.3,1.6,6.8,No
7055-VKGDA,Male,No,54,Yes,Yes,Fiber optic,Yes,One year,No,Credit card (automatic),76,72444,569.2,3.4,6.7,Yes
0754-UKWQP,Male,No,2,Yes,Yes,Fiber optic,No,Month-to-month,Yes,Electronic check,45,55512,302.1,6.4,4.1,Yes
8873-GLDMH,Female,No,6,Yes,No,Fiber optic,No,Month-to-month,No,Mailed check,43,46636,314.1,0.8,7.5,No
5696-JVVQY,Female,No,48,Yes,No,DSL,No,Two year,No,Credit card (automatic),50,71608,511.1,1.7,7.7,No
8946-BFWSG,Male,Yes,63,Yes,Yes,No,No internet service,Two year,No,Mailed check,54,71889,602.4,4.3,7.7,No
7493-TPUWZ,Male,No,1,Yes,Yes,Fiber optic,No,Month-to-month,Yes,Electronic check,63,67273,438.3,2.4,6.4,Yes
0547-HURJB,Male,No,12,Yes,Yes,No,No internet service,Month-to-month,No,,47,80683,410.5,2.4,5.2,No
8904-OPDCK,Male,No,54,No,No phone service,DSL,No,Month-to-month,Yes,Bank transfer (automatic),47,105232,0,4.9,4.4,No
8845-LWKGE,Female,Yes,,Yes,Yes,DSL,Yes,One year,No,Electronic check,58,35230,214.2,5.5,7.2,No
1577-HKTFG,Female,No,30,Yes,Yes,No,No internet service,Month-to-month,No,Bank transfer (automatic),74,48451,491,2,5.3,Yes
8752-STIVR,Female,No,4,Yes,Yes,Fiber optic,No,Month-to-month,Yes,Electronic check,46,42125,384.1,6.5,6.6,Yes
0691-NIKRI,Female,Yes,40,Yes,Yes,Fiber optic,Yes,One year,No,Credit card (automatic),54,53458,554.4,0.8,6.7,No
5022-JNQEQ,Female,No,9,Yes,No,Fiber optic,Yes,Month-to-month,Yes,Electronic check,39,75390,519.2,5.5,6.3,No
4558-FANTW,Female,No,17,Yes,No phone service,Fiber optic,Yes,Month-to-month,Yes,Electronic check,59,28576,295.6,4.3,3.5,Yes
3249-VHRIP,Female,No,62,No,No,DSL,No,Two year,No,Credit card (automatic),26,81909,0,0,9.2,No
3736-BLEPA,Male,Yes,28,Yes,No phone service,Fiber optic,Yes,One year,No,Bank transfer (automatic),22,82533,352.5,1,7.1,No
4701-LKOZD,Female,No,70,Yes,Yes,DSL,Yes,Two year,Yes,Credit card (automatic),36,72997,750,1,8.1,No
6603-QWSPR,Female,No,46,Yes,No,Fiber optic,Yes,Two year,No,Bank transfer (automatic),51,111375,574.6,2.2,9.6,No
9921-QFQUL,Female,No,23,Yes,Yes,Fiber optic,No,Month-to-month,No,Mailed check,36,72956,639.8,3.7,4.9,No
1929-ZCBHE,Male,No,47,No,No,DSL,Yes,One year,No,Electronic check,43,147975,0,13.2,7.9,No
4378-MYPGO,Male,No,68,Yes,Yes,Fiber optic,No,Two year,Yes,Bank transfer (automatic),37,58691,306.1,2.7,7.4,No
8651-ENBZX,Female,No,60,Yes,Yes,Fiber optic,Yes,One year,Yes,Electronic check,34,74621,576,2.9,6.3,Yes
4129-LYCOI,Female,No,67,Yes,Yes,Fiber optic,Yes,Two year,Yes,Electronic check,48,78444,208.5,0.7,8.1,No
7798-JVXYM,Female,Yes,14,Yes,No,DSL,Yes,Month-to-month,Yes,Electronic check,54,64103,324.4,4.8,7.5,No
8647-SDTWQ,Male,Yes,,Yes,Yes,Fiber optic,No,Month-to-month,Yes,Electronic check,32,28579,497.9,14.9,5.1,No
2696-ECXKC,Female,No,55,Yes,Yes,Fiber optic,No,One year,Yes,Mailed check,74,33841,653.2,1.1,8.2,No
2081-KJSQF,Male,No,1,Yes,No,No,No internet service,Month-to-month,No,Mailed check,41,61337,233.1,2.1,8.3,No
7623-TRNQN,Male,No,1,Yes,No,DSL,Yes,Month-to-month,Yes,Mailed check,43,42762,520.3,3.1,5.9,Yes
3323-CPBWR,Male,No,23,Yes,No,Fiber optic,Yes,Month-to-month,No,Credit card (automatic),60,63100,486.9,1.2,8.9,No
9330-IJWIO,Female,No,13,Yes,Yes,Fiber optic,No,Month-to-month,Yes,Electronic check,66,52069,615.1,4.6,5.3,Yes
3384-CTMSF,Male,No,47,Yes,No phone service,Fiber optic,No,Month-to-month,No,Electronic check,46,140974,470.2,15.4,7.4,No
0902-RFHOF,Male,Yes,38,Yes,Yes,No,No internet service,One year,Yes,Mailed check,41,31090,98,1,7.8,No
9286-DOJGF,Female,No,38,Yes,Yes,Fiber optic,No,Month-to-month,No,Bank transfer (automatic),63,71826,834.6,3.6,5.8,Yes
6048-QBXKL,Female,Yes,2,Yes,No,DSL,No,Month-to-month,No,Credit card (automatic),40,51601,820.4,1.2,7.3,No
9661-MHUMO,Male,No,1,Yes,No phone service,DSL,Yes,Month-to-month,Yes,Credit card (automatic),78,23813,470.2,2.5,7.7,Yes
7718-RXDGG,Male,No,15,Yes,No,Fiber optic,No,Month-to-month,No,Bank transfer (automatic),45,62871,539.9,2.8,7.3,No
1025-FALIX,Female,No,26,Yes,No,Fiber optic,No,Month-to-month,Yes,Credit card (automatic),39,28543,478,1.6,7.1,No
3451-VAWLI,Female,No,35,Yes,No,No,No internet service,Two year,Yes,Credit card (automatic),49,40734,333.6,2.5,9.3,No
3407-QGWLG,Male,No,3,Yes,Yes,No,No internet service,Month-to-month,Yes,,32,149006,139.8,4.7,7.6,No
1842-EZJMK,Male,Yes,50,Yes,Yes,Fiber optic,Yes,Month-to-month,Yes,Electronic check,74,84999,581.1,5.8,5.7,Yes
2347-WKKAE,Male,Yes,42,Yes,No,Fiber optic,No,Month-to-month,Yes,Electronic check,78,54144,610.9,2.7,7.4,No
8735-DCXNF,Male,No,10,Yes,Yes,DSL,Yes,Month-to-month,No,Credit card (automatic),31,79932,456.8,1.1,9.9,No
3214-IYUUQ,Female,Yes,61,Yes,Yes,Fiber optic,Yes,One year,Yes,Bank transfer (automatic),33,110323,736.5,0.8,8,No
1936-UAFEH,Female,No,68,Yes,No phone service,Fiber optic,Yes,Two year,No,Credit card (automatic),41,75289,812,0.6,6.9,No
3587-PMCOY,Male,No,10,Yes,Yes,Fiber optic,No,One year,Yes,Electronic check,31,42266,679.5,3.6,6.9,No
8079-XRJRS,Male,Yes,65,Yes,Yes,Fiber optic,No,One year,No,Electronic check,27,66811,799.2,12.2,8.3,Yes
1027-LKKQQ,Female,Yes,72,Yes,No,DSL,Yes,Two year,Yes,Bank transfer (automatic),42,21644,542.7,1.3,8.2,No
7148-XZPHA,Male,No,55,Yes,No,Fiber optic,Yes,Month-to-month,No,Electronic check,40,60529,567.2,3.4,6.8,No
8073-IJDCM,Female,No,1,Yes,Yes,No,No internet service,Month-to-month,Yes,Mailed check,20,45911,600.2,3.4,6.2,Yes
5309-TAIKL,Female,No,7,Yes,Yes,DSL,Yes,Month-to-month,Yes,Bank transfer (automatic),30,30730,387.9,1.7,5.7,No
6856-RAURS,Female,No,2,Yes,Yes,Fiber optic,No,Month-to-month,Yes,Mailed check,46,42433,392.8,2.3,5.7,No
8778-LMWTJ,Female,No,9,Yes,No,Fiber optic,No,Month-to-month,Yes,Electronic check,32,66640,335.7,10.9,7.5,No
9717-IOAAF,Male,Yes,27,Yes,No,No,No internet service,Two year,No,Credit card (automatic),33,30105,809.6,0.7,8.3,No
8884-ADFVN,Male,No,7,Yes,No,Fiber optic,No,Month-to-month,No,,49,53815,908.4,4.7,6.6,Yes
2845-KDHVX,Female,No,64,Yes,No,DSL,Yes,Two year,No,Mailed check,34,34567,680.1,2,8.5,No
0848-SOMKO,Male,No,70,No,Yes,DSL,Yes,Two year,Yes,Bank transfer (automatic),42,65355,0,0.8,9.6,No
2720-WGKHP,Male,No,2,Yes,No,Fiber optic,No,Month-to-month,No,Electronic check,63,70521,320.2,3,5.9,Yes
6734-FQAJX,Male,Yes,67,Yes,Yes,Fiber optic,Yes,Two year,No,Electronic check,35,32016,431.2,6.7,8,No
2869-ADAWR,Female,No,45,Yes,No,Fiber optic,No,Month-to-month,Yes,Credit card (automatic),53,94740,510.2,5.5,6.1,Yes
1535-VTJOQ,Female,No,24,Yes,Yes,No,No internet service,Two year,Yes,Credit card (automatic),41,37518,587.5,0.6,7.8,No
6368-TZZDT,Male,No,4,Yes,No,No,No internet service,Two year,Yes,Credit card (automatic),77,30071,383.9,2.2,8.7,No
0943-ZQPXH,Male,No,44,Yes,Yes,Fiber optic,No,Month-to-month,Yes,Bank transfer (automatic),79,71154,383.6,2.4,6.9,No
1293-BSEUN,Female,Yes,72,Yes,No,No,No internet service,Two year,No,Mailed check,23,62385,453.2,1.4,7.4,No
9894-EZEWG,Female,No,1,Yes,No phone service,Fiber optic,No,Month-to-month,No,Credit card (automatic),58,64875,441.4,3.2,4.4,Yes
1302-TPUBN,Male,No,66,Yes,Yes,No,No internet service,Two year,Yes,Bank transfer (automatic),53,44062,340.1,1.9,8.1,No
7851-FLGGQ,Male,No,1,No,Yes,DSL,Yes,Month-to-month,Yes,Mailed check,57,51265,0,2.6,4.7,Yes
0637-UBJRP,Male,No,13,Yes,Yes,Fiber optic,No,Month-to-month,Yes,Electronic check,72,66223,133.5,8.2,7.7,Yes
0940-OUQEC,Male,No,10,Yes,No phone service,Fiber optic,No,Month-to-month,Yes,Bank transfer (automatic),,72934,288.5,2.3,6.1,Yes
2378-VTKDH,Male,No,65,Yes,No,Fiber optic,No,Month-to-month,Yes,,45,79334,550.8,2.1,3.6,No
0927-CNGRH,Male,No,1,Yes,Yes,No,No internet service,Month-to-month,Yes,Mailed check,53,84849,614.3,1.7,7,No
8608-OZTLB,Male,No,38,Yes,Yes,DSL,Yes,One year,Yes,Electronic check,84,120595,457.4,3.2,4.4,No
2335-GSODA,Male,No,23,No,No,DSL,Yes,Two year,No,Mailed check,70,50183,0,0.6,8,No
1952-DVVSW,Female,Yes,10,Yes,Yes,No,No internet service,One year,No,Mailed check,29,74621,775.6,3,8.8,No
0702-PGIBZ,Male,No,4,Yes,No,Fiber optic,No,Month-to-month,Yes,Electronic check,58,87287,677.6,9.2,2.8,Yes
6656-GULJQ,Male,Yes,72,Yes,Yes,DSL,Yes,Two year,Yes,,52,33005,759.6,1.8,8.2,No
9853-JFZDU,Female,No,35,Yes,No,DSL,Yes,Month-to-month,No,Electronic check,36,53879,308.7,7.6,7.4,No
1963-VAUKV,Female,Yes,1,Yes,Yes,No,No internet service,Month-to-month,No,Mailed check,44,67680,750.5,9,6.7,Yes
3777-XROBG,Female,No,58,Yes,Yes,No,No internet service,Two year,No,Credit card (automatic),33,59332,384,0.4,9.4,No
6994-FGRHH,Male,No,70,Yes,Yes,Fiber optic,Yes,One year,Yes,Electronic check,36,49033,352.7,2.5,6.3,No
4000-VGMQP,Male,No,38,Yes,No,DSL,No,One year,Yes,Credit card (automatic),32,64725,540.6,2,6.4,No
3999-WRNGR,Female,No,60,No,No,DSL,No,Month-to-month,Yes,Electronic check,18,54396,0,7,4.5,No
3466-RITXD,Male,No,26,Yes,No,Fiber optic,No,Month-to-month,Yes,Credit card (automatic),29,61046,580.8,1,7.2,No
2680-XKKNJ,Female,No,8,Yes,No,DSL,Yes,One year,Yes,,85,36671,621.8,4.2,6.1,No
3058-HJCUY,Male,No,41,Yes,No,Fiber optic,Yes,One year,Yes,Electronic check,51,66761,515.8,2.1,5.3,Yes
2974-GGUXS,Female,No,36,Yes,Yes,Fiber optic,No,Month-to-month,Yes,Credit card (automatic),45,58593,775.2,1.1,5.7,No
7994-XIRTR,Male,No,54,Yes,No,DSL,Yes,One year,Yes,Bank transfer (automatic),54,44129,398.3,1.8,9.7,No
3259-FDWOY,Male,No,71,Yes,No,Fiber optic,No,Two year,Yes,Bank transfer (automatic),45,68658,755.9,2.5,5.2,Yes
2101-RANCD,Female,No,55,Yes,No phone service,Fiber optic,No,Month-to-month,Yes,Electronic check,20,36430,799.2,3,7.3,No
7921-BEPCI,Female,No,72,Yes,Yes,DSL,No,Two year,Yes,Bank transfer (automatic),18,97060,755.7,1,8.6,No
0807-ZABDG,Female,No,3,Yes,No,DSL,Yes,Month-to-month,Yes,Mailed check,31,59381,233.2,3.2,5.5,Yes
8510-TMWYB,Female,No,54,Yes,No,DSL,No,Two year,No,Bank transfer (automatic),49,41546,938.5,1.4,6.5,No
3258-ZKPAI,Male,No,72,Yes,Yes,Fiber optic,Yes,Two year,Yes,Bank transfer (automatic),81,27538,255.7,0.6,7.4,No
1428-IEDPR,Male,No,52,Yes,No,Fiber optic,Yes,Two year,Yes,Electronic check,31,50076,550.2,1.8,7.5,No
5298-GSTLM,Female,No,60,Yes,Yes,Fiber optic,No,One year,No,Bank transfer (automatic),64,62923,820.4,1.1,6.7,No
4450-YOOHP,Female,No,39,No,No phone service,DSL,No,Month-to-month,Yes,Credit card (automatic),25,47634,0,2.3,7.5,No
6728-CZFEI,Female,No,15,Yes,Yes,DSL,No,One year,Yes,Mailed check,51,,624.9,2.2,8.2,No
5748-RNCJT,Male,No,69,Yes,No,Fiber optic,Yes,Two year,Yes,Bank transfer (automatic),26,42953,778.2,3.7,5.9,Yes
3653-NCRDJ,Male,Yes,43,Yes,No,No,No internet service,One year,No,Mailed check,21,77151,464.2,0.1,6.2,No
6121-TNHBO,Female,No,63,Yes,No,DSL,Yes,One year,No,Bank transfer (automatic),84,63035,590.1,1.5,7.3,No
5119-NZPTV,Male,No,,Yes,No,Fiber optic,No,Month-to-month,Yes,Electronic check,29,79035,433.3,4.3,7.2,No
6519-ZHPXP,Female,No,72,Yes,No phone service,Fiber optic,Yes,Two year,Yes,Bank transfer (automatic),64,55829,250.5,2.8,9.6,No
7739-LAXOG,Female,No,,Yes,No,Fiber optic,No,Month-to-month,No,Bank transfer (automatic),34,56401,755.1,4.3,4.8,Yes
3472-QPRCH,Male,No,40,Yes,No,No,No internet service,Two year,Yes,Credit card (automatic),66,54689,503.2,2.2,8.7,No
8224-UAXBZ,Female,No,58,No,Yes,DSL,No,One year,Yes,Electronic check,37,90605,0,1.9,7,No
9610-WCESF,Male,No,67,No,Yes,DSL,Yes,Two year,No,Electronic check,46,144301,0,3.5,6.8,No
9776-CLUJA,Female,No,51,Yes,No,Fiber optic,No,Month-to-month,No,,36,60987,262.9,4,4.4,Yes
2486-WYVVE,Male,No,31,Yes,No,DSL,Yes,One year,Yes,Mailed check,,89364,579.6,1.5,7.5,No
3865-ZYKAD,Male,No,69,Yes,Yes,Fiber optic,No,Month-to-month,Yes,Credit card (automatic),39,36847,750.6,2.4,5.9,No
1422-DGUBX,Male,No,32,Yes,No,Fiber optic,Yes,One year,Yes,Electronic check,40,48803,291.6,2.6,8.6,No
2999-AANRQ,Female,Yes,21,Yes,No,DSL,Yes,Two year,Yes,Credit card (automatic),48,52668,217,1.9,8,No
8668-KNZTI,Male,No,52,Yes,No,DSL,No,One year,No,,37,56914,462.6,4.6,8.5,No
0480-KYJVA,Female,No,72,Yes,Yes,No,No internet service,Two year,No,Credit card (automatic),36,56478,920.4,0.9,8.1,No
6034-ZRYCV,Female,No,72,No,No,DSL,No,Two year,Yes,Electronic check,61,68916,0,5.3,8,Yes
9746-YKGXB,Male,No,52,No,Yes,DSL,No,One year,Yes,Bank transfer (automatic),44,96611,0,1.2,8.1,No
3926-YZVVX,Female,No,41,Yes,No,DSL,Yes,One year,Yes,Bank transfer (automatic),59,53248,313.1,1.2,6.3,No
6000-UKLWI,Male,No,41,Yes,No phone service,No,No internet service,Two year,Yes,Mailed check,29,143345,732.6,0.4,7.1,No
2079-FBMZK,Female,No,6,Yes,Yes,Fiber optic,No,Month-to-month,No,Mailed check,53,60973,69,10.8,4.1,Yes
6332-FBZRI,Male,No,67,Yes,No,DSL,Yes,One year,Yes,Credit card (automatic),76,39258,650.5,0.7,8.4,No
2096-XOTMO,Female,No,16,Yes,No,No,No internet service,Month-to-month,No,Mailed check,,41387,475.3,7.7,7.6,No
3266-FTKHB,Male,No,17,Yes,Yes,No,No internet service,Two year,No,Mailed check,35,36134,705.2,4.1,8.3,No
8221-EQDGL,Male,No,35,Yes,Yes,DSL,No,Month-to-month,Yes,Mailed check,30,30263,576.4,3.5,10,No
2346-LOCWC,Female,No,58,Yes,No,No,No internet service,Two year,No,Credit card (automatic),72,64603,452,0,7.9,No
6608-QQLVK,Male,Yes,1,Yes,No,DSL,No,Month-to-month,Yes,Electronic check,47,47204,678.2,5.6,5.7,Yes
0298-XACET,Male,No,52,No,Yes,DSL,Yes,Two year,No,Mailed check,77,63464,0,0,8,No
7560-QJAVJ,Female,No,70,Yes,No,DSL,Yes,Two year,Yes,Bank transfer (automatic),47,126037,608.8,1.1,8.4,No
2995-YWTCD,Female,Yes,,Yes,No,No,No internet service,Two year,No,Bank transfer (automatic),41,54063,738.4,1.3,5,No
3551-HUAZH,Male,No,1,Yes,Yes,Fiber optic,No,Month-to-month,No,Electronic check,44,31428,594.9,8.2,5.5,Yes
9137-UIYPG,Female,Yes,35,Yes,No,Fiber optic,Yes,Month-to-month,Yes,Electronic check,42,142019,621,2.8,7.3,No
2809-ZMYOQ,Female,No,32,Yes,Yes,Fiber optic,No,Month-to-month,Yes,Electronic check,27,93006,353.2,3.2,8.1,No
5084-OOVCJ,Female,No,17,Yes,Yes,DSL,Yes,Month-to-month,No,Credit card (automatic),50,57082,195.1,1.8,6.9,No
0254-WWRKD,Female,No,67,Yes,No,DSL,No,One year,No,Credit card (automatic),56,38849,429,1.8,9.4,No
7727-SHVZV,Female,No,9,Yes,No,No,No internet service,Month-to-month,Yes,Bank transfer (automatic),58,36612,479.5,2.2,5.9,No
6302-JGYRJ,Male,No,31,Yes,No phone service,DSL,Yes,One year,No,Mailed check,34,93884,647.9,3.8,6.9,Yes
5339-PXDVH,Male,No,4,Yes,No,Fiber optic,No,Month-to-month,No,Electronic check,40,68222,791.4,2,6.3,No
2205-LPVGL,Male,Yes,58,Yes,No,Fiber optic,Yes,One year,Yes,Bank transfer (automatic),64,64198,684,3.4,5.4,No
8782-NUUOL,Male,No,60,Yes,Yes,DSL,Yes,One year,Yes,Mailed check,53,94094,423.9,2.7,8.2,No
3685-YLCMQ,Male,No,58,Yes,No phone service,Fiber optic,Yes,One year,Yes,,65,55650,611.9,4.1,7.3,Yes
7601-WFVZV,Male,Yes,1,Yes,No,No,No internet service,Month-to-month,Yes,Mailed check,90,36570,450.8,1.4,8,No
4609-KNNWG,Female,No,27,Yes,No,No,No internet service,Two year,Yes,Mailed check,40,54514,660.7,2.5,7.7,No
4868-AADLV,Male,No,66,Yes,No,Fiber optic,Yes,One year,Yes,Electronic check,62,33794,459.8,0,7.4,No
9529-OFXHY,Male,No,15,Yes,No,Fiber optic,No,Month-to-month,Yes,Bank transfer (automatic),27,38580,348.2,6.4,6.9,No
8634-MPHTR,Male,No,47,Yes,No,Fiber optic,No,Month-to-month,No,Electronic check,52,39955,530.1,4,,Yes
2669-QVCRG,Female,No,41,Yes,No phone service,Fiber optic,No,Month-to-month,No,Credit card (automatic),42,136260,374,1.2,5,No
2478-EEWWM,Male,No,59,No,Yes,DSL,No,Month-to-month,Yes,Electronic check,34,63762,0,4.3,7.3,No
9174-IHETN,Female,No,50,Yes,No phone service,Fiber optic,No,Two year,No,Credit card (automatic),48,102658,449.2,1.2,6.1,No
2233-TXSIU,Male,No,17,No,Yes,DSL,No,One year,No,Credit card (automatic),71,62253,0,0,9.5,No
9644-UMGQA,Male,No,6,Yes,No,DSL,No,Month-to-month,Yes,Electronic check,40,20135,503.9,0.9,7.3,No
3256-EZDBI,Male,No,51,No,No,DSL,No,Month-to-month,Yes,Credit card (automatic),34,89710,0,0.9,4.6,No
8761-NSOBC,Male,Yes,44,Yes,No,Fiber optic,Yes,Month-to-month,Yes,Electronic check,51,86456,687.9,4.2,6,Yes
0419-YAAPX,Male,No,49,Yes,No,Fiber optic,No,Month-to-month,No,Credit card (automatic),22,39064,673.7,9,6.8,No
8413-VONUO,Male,No,2,Yes,Yes,Fiber optic,No,Month-to-month,No,Electronic check,61,101014,456.7,4.1,6.4,Yes
0872-CASZJ,Male,No,59,Yes,Yes,DSL,Yes,One year,No,Mailed check,38,44184,819,3.3,9.3,No
4726-DLWQN,Male,Yes,50,Yes,Yes,DSL,No,Month-to-month,Yes,Bank transfer (automatic),68,37610,377.5,1.3,5.6,No
8164-OCKUJ,Female,No,59,Yes,No,No,No internet service,Two year,No,Mailed check,,85060,517.1,0,7.2,No
3094-JOJAI,Male,Yes,18,Yes,No,Fiber optic,No,Month-to-month,No,Mailed check,63,46128,469.2,0.1,9.9,No
9494-MRNYX,Male,No,10,Yes,No,Fiber optic,No,Month-to-month,Yes,Electronic check,46,63374,591.6,6.2,5.7,No
2599-CZABP,Male,No,14,Yes,Yes,DSL,No,One year,Yes,Electronic check,21,65508,532.6,3.6,7.5,No
7945-PRBVF,Male,No,35,Yes,Yes,No,No internet service,Two year,No,Bank transfer (automatic),52,65606,397.5,2.5,9.2,No
4544-RXFMG,Male,No,8,Yes,Yes,DSL,No,One year,Yes,Mailed check,57,71897,542.7,1.2,5.8,No
0859-YGKFW,Male,No,18,Yes,Yes,No,No internet service,One year,Yes,Bank transfer (automatic),40,47233,402.5,1.1,8,No
1150-FTQGN,Female,Yes,60,Yes,No,Fiber optic,No,One year,Yes,Bank transfer (automatic),47,88455,552.4,0.8,7.9,No
9223-UCPVT,Female,No,1,Yes,Yes,Fiber optic,No,Month-to-month,No,Electronic check,90,90886,342.1,5.3,7.2,Yes
7196-LIWRH,Female,No,6,Yes,No,No,No internet service,Two year,No,Mailed check,48,82309,194.1,0,8.7,No
5448-VWNAM,Female,No,19,Yes,Yes,DSL,Yes,Month-to-month,Yes,Mailed check,82,62621,422.8,3.2,5.4,No
1177-XZBJL,Male,No,53,Yes,Yes,DSL,Yes,One year,Yes,Bank transfer (automatic),27,24105,760.7,0.2,6.5,No
3518-FSTWG,Male,No,72,Yes,No,Fiber optic,No,Two year,No,Bank transfer (automatic),30,37487,711.9,1.2,7.2,No
9330-VOFSZ,Female,No,,Yes,No phone service,Fiber optic,Yes,Two year,Yes,Credit card (automatic),54,28250,454.2,0,5.2,No
4351-QLCSU,Female,No,1,Yes,No,DSL,No,Month-to-month,Yes,Credit card (automatic),38,59453,410.2,4,4.4,Yes
0939-EREMR,Female,Yes,13,Yes,No phone service,DSL,Yes,Month-to-month,Yes,Mailed check,40,33323,221.4,0.6,8.9,No
9389-ACWBI,Female,No,5,Yes,No,Fiber optic,No,Month-to-month,Yes,Credit card (automatic),38,37125,364.6,1.8,4.9,No
5419-JPRRN,Male,No,1,Yes,No phone service,Fiber optic,No,Month-to-month,No,Electronic check,19,93455,661.6,1.8,4.4,Yes
3644-QXEHN,Male,No,13,Yes,Yes,Fiber optic,No,Month-to-month,Yes,Electronic check,82,80551,442.6,7.4,5.2,No
2911-IJORQ,Male,Yes,37,Yes,No phone service,DSL,Yes,One year,Yes,Bank transfer (automatic),43,132627,661.8,2.4,8.6,No
5921-NGYRH,Male,No,64,Yes,Yes,Fiber optic,No,Month-to-month,No,Mailed check,36,,288.9,1,8.3,No
2100-BDNSN,Female,No,5,Yes,Yes,DSL,Yes,Month-to-month,No,Bank transfer (automatic),52,65228,687.7,5.7,4.1,Yes
5998-DZLYR,Female,No,61,Yes,No,Fiber optic,Yes,Two year,No,Bank transfer (automatic),60,40213,595.1,1.2,7.4,No
0488-GSLFR,Female,No,1,Yes,No,Fiber optic,No,Month-to-month,No,,45,77840,271.5,6.7,4.4,Yes
9318-NKNFC,Male,No,1,Yes,No,No,No internet service,Month-to-month,Yes,Mailed check,39,108591,682.5,3.5,7.4,Yes
3985-HOYPM,Male,No,26,Yes,No,No,No internet service,One year,No,Mailed check,18,26726,234.2,0.6,7.6,No
9728-FTTVZ,Female,No,1,Yes,No,Fiber optic,No,Month-to-month,No,Electronic check,54,134467,441.6,2.5,5.8,Yes
9548-LERKT,Male,No,24,Yes,Yes,No,No internet service,Two year,Yes,Mailed check,18,76524,366.1,1.2,6.9,No
6576-FBXOJ,Male,No,17,No,Yes,DSL,Yes,One year,No,Electronic check,68,38737,0,3,7.1,No
4310-KEDTB,Female,No,26,No,No,DSL,No,Month-to-month,Yes,Mailed check,26,72390,0,0,10,No
7254-IQWOZ,Male,Yes,1,Yes,No,Fiber optic,No,Month-to-month,Yes,Electronic check,40,83476,341.7,5.5,5.5,Yes
2474-BRUCM,Male,No,40,Yes,No,Fiber optic,No,Month-to-month,Yes,Electronic check,64,90659,816.2,5.6,4.9,Yes
4062-HBMOS,Male,No,52,Yes,No,Fiber optic,No,Month-to-month,Yes,Electronic check,54,57344,668.9,5.8,5.8,No
0742-NXBGR,Female,Yes,1,Yes,Yes,Fiber optic,No,Month-to-month,Yes,Electronic check,53,134703,393,3.6,4.9,Yes
2676-ISHSF,Male,No,1,Yes,No,No,No internet service,Month-to-month,Yes,Mailed check,53,51368,74.4,5,7.3,No
9236-NDUCW,Female,No,21,No,No phone service,DSL,Yes,Two year,Yes,Mailed check,57,32973,0,1.6,8.7,No
4753-PADAS,Female,No,67,Yes,No phone service,Fiber optic,No,One year,Yes,Bank transfer (automatic),60,56142,395.4,1.1,6.3,No
6103-QCKFX,Female,No,44,Yes,No,DSL,Yes,Month-to-month,No,Bank transfer (automatic),46,,244.6,4.1,8,No
7781-EWARA,Male,No,70,No,Yes,DSL,Yes,One year,No,Electronic check,39,91030,0,1.6,6.2,No
6110-OHIHY,Male,No,3,Yes,No,Fiber optic,No,Month-to-month,Yes,Electronic check,43,32613,604.8,14.8,4.6,Yes
7018-FPXHH,Male,Yes,56,Yes,No,DSL,No,Two year,Yes,Bank transfer (automatic),34,38609,483.7,2.4,7.7,No
5889-LFOLL,Female,No,13,Yes,No,Fiber optic,No,Month-to-month,No,Electronic check,33,,778.6,6.4,5.8,Yes
5708-EVONK,Female,Yes,58,Yes,No,Fiber optic,No,Month-to-month,No,Bank transfer (automatic),32,88810,635.4,5.1,3.9,Yes
8708-XPXHZ,Female,No,42,Yes,No,Fiber optic,No,Month-to-month,Yes,Electronic check,29,87421,853.1,17.7,6.8,Yes
0616-ATFGB,Male,No,1,No,No,DSL,No,Month-to-month,Yes,Electronic check,56,48301,0,8.7,7.2,Yes
0572-ZJKLT,Female,Yes,46,Yes,Yes,Fiber optic,Yes,Two year,No,Mailed check,46,36112,544.5,0.2,6.2,No
5135-RDDQL,Female,No,63,Yes,Yes,DSL,No,Two year,Yes,Bank transfer (automatic),50,37494,688.5,1.5,8.1,No
1353-LJWEM,Male,No,11,Yes,No phone service,DSL,Yes,Month-to-month,Yes,Electronic check,38,215438,425.5,3.7,8.1,No
1794-SWWKL,Male,No,15,Yes,No phone service,DSL,Yes,Month-to-month,No,Bank transfer (automatic),81,92895,835.2,0.8,7.2,No
6166-YIPFO,Male,No,72,No,No,DSL,Yes,Two year,Yes,Electronic check,27,88467,0,0.7,8.7,No
7016-BPGEU,Female,No,29,No,No phone service,DSL,No,Month-to-month,No,Credit card (automatic),38,39444,0,3.5,6.9,Yes
6876-ADESB,Male,No,1,Yes,Yes,DSL,No,Month-to-month,Yes,Electronic check,53,94207,441.5,4.1,4.9,Yes
9332-GYWLO,Female,No,6,Yes,No,DSL,No,Month-to-month,No,Electronic check,73,18000,603.4,3.2,8.5,No
1963-SVUCV,Male,No,1,Yes,No phone service,DSL,No,Month-to-month,No,Electronic check,39,22739,25,4.3,,Yes
4184-VODJZ,Male,No,63,Yes,Yes,Fiber optic,No,One year,Yes,,19,50364,664.7,2.8,8.6,No
0220-EBGCE,Male,Yes,2,Yes,No phone service,Fiber optic,No,Month-to-month,Yes,Electronic check,51,36503,197.4,12.8,5.2,Yes
1092-WPIVQ,Female,No,18,Yes,Yes,No,No internet service,Two year,No,Mailed check,73,18000,828.6,3,9.1,No
7233-IOQNP,Female,No,43,No,No,DSL,Yes,Month-to-month,Yes,Bank transfer (automatic),36,66570,0,3.2,7.9,No
2834-JKOOW,Female,No,,No,No,DSL,Yes,One year,Yes,Mailed check,45,75834,0,2,8.5,No
2754-VDLTR,Male,No,10,Yes,No,Fiber optic,No,Month-to-month,No,Electronic check,29,73401,849.2,3.2,5.8,Yes
2400-FEQME,Male,No,55,Yes,No,No,No internet service,Two year,Yes,Mailed check,35,64607,799.2,2.2,7.3,No
3190-XFANI,Male,No,49,Yes,Yes,Fiber optic,Yes,One year,Yes,Bank transfer (automatic),84,39178,803.5,2,4.5,Yes
7551-DACSP,Male,No,6,Yes,No,DSL,No,Month-to-month,Yes,Mailed check,44,22879,499.3,3,4.2,Yes
4957-SREEC,Male,No,70,Yes,Yes,No,No internet service,Two year,No,Credit card (automatic),65,48900,331.2,0.8,8.4,No
7235-NXZCP,Male,No,2,Yes,Yes,Fiber optic,No,Month-to-month,No,Mailed check,44,117980,303.3,2.9,6.6,Yes
0230-UBYPQ,Male,Yes,63,No,Yes,DSL,Yes,One year,Yes,Bank transfer (automatic),52,48846,0,2.3,9,No
4923-ADWXJ,Female,No,25,Yes,Yes,DSL,Yes,Month-to-month,No,Bank transfer (automatic),31,51831,265,0.4,4.9,No
1763-KUAAW,Female,No,18,Yes,Yes,No,No internet service,One year,Yes,Bank transfer (automatic),77,69632,678,1.3,5.8,No
1104-TNLZA,Male,No,28,Yes,Yes,Fiber optic,Yes,Month-to-month,No,Electronic check,34,65852,559.4,3.2,7.5,No
5195-KPUNQ,Female,No,53,Yes,No,Fiber optic,Yes,One year,No,Mailed check,22,44792,488.9,2.5,7.1,No
0520-FDVVT,Male,No,35,Yes,Yes,Fiber optic,No,One year,No,Bank transfer (automatic),43,72860,381.4,3.7,7.5,Yes
3439-GVUSX,Male,No,1,No,Yes,DSL,No,Month-to-month,Yes,Mailed check,48,41373,0,5.3,7.7,No
1444-VVSGW,Male,No,70,Yes,No,Fiber optic,Yes,One year,No,Credit card (automatic),40,125700,648.9,4,4.6,Yes
5712-PTIWW,Male,No,2,Yes,Yes,Fiber optic,Yes,Month-to-month,No,,64,42097,302.7,3.4,5.8,Yes
5949-HGVJL,Female,No,26,Yes,Yes,DSL,Yes,Month-to-month,No,Electronic check,32,101143,280.8,6.2,6.9,No
5203-XEHAX,Female,Yes,34,Yes,No phone service,DSL,No,One year,Yes,Electronic check,40,37743,362.9,10,9.2,No
1635-HDGFT,Female,No,19,Yes,Yes,No,No internet service,Two year,Yes,Mailed check,48,51925,323.2,3.6,7.4,No
3315-TOTBP,Male,No,15,Yes,Yes,Fiber optic,No,Month-to-month,No,Mailed check,33,116669,606.5,2,6.2,Yes
8050-XGRVL,Female,No,62,Yes,Yes,DSL,No,One year,Yes,Credit card (automatic),54,19834,763.1,3,9.2,No
6661-HBGWL,Female,No,42,Yes,Yes,Fiber optic,No,Month-to-month,No,Bank transfer (automatic),39,29616,439.6,2,4.3,Yes
1518-VOWAV,Female,No,9,Yes,Yes,DSL,No,Month-to-month,Yes,Electronic check,82,68175,505.3,11.2,7.9,Yes
9828-QHFBK,Male,No,24,Yes,No,DSL,No,Month-to-month,Yes,Electronic check,34,99821,391.9,0.8,8.3,No
3908-MKIMJ,Male,No,68,No,No,DSL,No,Two year,Yes,Electronic check,59,140711,0,2,6.7,No
5012-YSPJJ,Male,No,31,Yes,Yes,DSL,Yes,Month-to-month,No,Mailed check,48,57676,687.4,0,6.4,No
5909-ECHUI,Female,No,1,Yes,No,DSL,No,Month-to-month,Yes,Electronic check,50,24792,293.5,7.6,4.9,Yes
1309-BXVOQ,Male,No,21,Yes,Yes,Fiber optic,Yes,Month-to-month,Yes,,54,49722,640.2,17.9,9.4,Yes
6728-VOIFY,Female,No,63,Yes,Yes,Fiber optic,No,One year,No,Electronic check,23,31254,547,2.6,4.7,No
9317-WZPGV,Female,No,2,Yes,Yes,Fiber optic,No,Month-to-month,Yes,Bank transfer (automatic),49,35902,335.2,7.8,6,Yes
4891-NLUBA,Female,No,61,No,Yes,DSL,Yes,Two year,Yes,Bank transfer (automatic),49,63674,0,0.4,8.3,No
2856-HYAPG,Female,No,1,Yes,Yes,Fiber optic,No,Month-to-month,Yes,Electronic check,60,81723,481.5,5.2,5.2,Yes
8969-PRHFK,Male,No,18,Yes,No,No,No internet service,One year,No,Mailed check,62,94247,426.7,1.7,9.6,No
0661-KQHNK,Female,No,6,Yes,No,No,No internet service,One year,Yes,Credit card (automatic),25,46356,682.2,2.1,4.5,No
8709-KRDVL,Female,No,33,Yes,Yes,Fiber optic,No,Month-to-month,Yes,Electronic check,35,70510,560.4,2.7,5.5,No
4488-PSYCG,Male,No,16,Yes,Yes,No,No internet service,Month-to-month,Yes,Bank transfer (automatic),58,44767,599.6,2.3,5,Yes
1427-VERSM,Female,No,56,Yes,No,Fiber optic,Yes,Month-to-month,Yes,Electronic check,23,38230,350.4,6.2,8.6,No
9801-NOSHQ,Male,No,23,Yes,No,No,No internet service,One year,No,Mailed check,48,41652,,1.2,6.9,No
6339-YPSAH,Male,No,9,Yes,No phone service,Fiber optic,No,Month-to-month,Yes,Electronic check,43,133482,247,2.1,5.3,No
3621-CEOVK,Female,No,14,Yes,No,Fiber optic,No,Month-to-month,No,Electronic check,40,58186,797.7,1.9,5.6,Yes
6906-ANDWJ,Male,No,15,Yes,No,Fiber optic,No,Month-to-month,No,Bank transfer (automatic),71,46642,731.7,3.9,4.7,Yes
2159-TURXX,Male,No,5,Yes,No,No,No internet service,Month-to-month,No,Credit card (automatic),19,74249,521.9,1,6.9,No
1548-FEHVL,Male,No,61,Yes,No,Fiber optic,No,Month-to-month,Yes,Electronic check,42,72854,369.3,2.3,6.6,No
3795-CAWEX,Male,Yes,70,Yes,No,Fiber optic,Yes,Two year,Yes,Credit card (automatic),33,36371,881,0,6.6,No
6215-NQCPY,Male,Yes,15,Yes,No,Fiber optic,No,Month-to-month,No,,33,40447,378.1,1.6,5,No
5647-URDKA,Male,No,8,Yes,Yes,No,No internet service,Two year,Yes,Mailed check,58,70921,419,2,6.8,No
2229-DPMBI,Female,Yes,8,Yes,Yes,No,No internet service,Two year,Yes,Mailed check,32,68134,321.4,0.9,8.5,No
9626-WEQRM,Female,No,4,No,No,DSL,No,Month-to-month,Yes,Mailed check,37,64199,0,4.3,6.4,No
2188-SXWVT,Female,No,34,Yes,Yes,DSL,No,One year,No,Mailed check,60,42429,615.1,3.2,5.9,No
6258-PVZWJ,Male,No,68,Yes,No phone service,DSL,Yes,Two year,Yes,Credit card (automatic),19,33413,678.8,1.5,7.4,No
1094-BKOSX,Female,No,45,No,No,DSL,Yes,One year,No,Bank transfer (automatic),56,52153,0,3.4,7.8,No
6969-MVBAI,Female,No,9,Yes,No,Fiber optic,No,Month-to-month,Yes,Electronic check,20,161049,670.8,1.9,4.6,No
2978-XXSOG,Female,No,22,Yes,Yes,DSL,Yes,Month-to-month,No,Mailed check,56,78742,658.5,0.6,7.9,No
2342-CKIAO,Female,No,2,Yes,No,No,No internet service,Month-to-month,Yes,Mailed check,30,55446,421.5,2,7.2,No
6953-PBDIN,Male,No,70,Yes,Yes,DSL,Yes,Two year,Yes,Bank transfer (automatic),68,88237,705,1.2,7.5,No
3898-BSJYF,Female,No,10,Yes,Yes,DSL,Yes,One year,No,Credit card (automatic),72,70106,579.7,3.6,6,No
3938-YFPXD,Male,No,72,Yes,Yes,DSL,Yes,Two year,Yes,Credit card (automatic),36,82892,629,1.8,7.6,No
7696-AMHOD,Female,No,49,Yes,No,DSL,No,One year,Yes,Credit card (automatic),57,56419,258.3,1.3,6.9,No
2453-SAFNS,Female,No,54,Yes,Yes,DSL,Yes,One year,Yes,Mailed check,31,49185,559.3,0.2,8.1,No
9558-IHEZX,Female,No,71,Yes,Yes,Fiber optic,No,Two year,Yes,Credit card (automatic),53,26997,508.7,1.9,6.2,No
9617-UDPEU,Female,No,22,Yes,Yes,No,No internet service,One year,Yes,Mailed check,43,25801,514.2,1.2,6,No
6340-DACFT,Female,Yes,50,Yes,No,No,No internet service,Two year,No,Credit card (automatic),35,36953,417.4,3.5,7,No
4955-VCWBI,Female,No,43,Yes,No,No,No internet service,One year,No,,30,81321,344.7,2.4,7.8,No
6813-GZQCG,Female,Yes,45,Yes,Yes,No,No internet service,Two year,Yes,Credit card (automatic),81,46588,523.2,0.4,7.2,No
7426-GSWPO,Male,No,64,Yes,No phone service,Fiber optic,No,Month-to-month,Yes,Bank transfer (automatic),58,41511,430.5,0.1,7.6,No
3389-KTRXV,Female,No,23,Yes,No phone service,No,No internet service,Two year,No,Mailed check,53,72790,679.1,7.6,7.9,No
3118-UHVVQ,Female,No,68,Yes,No,No,No internet service,Two year,No,Credit card (automatic),63,57367,623.8,0.4,8.7,No
1031-IIDEO,Female,No,1,Yes,Yes,Fiber optic,No,Month-to-month,No,Electronic check,21,49291,604.6,8.7,4.7,Yes
5832-XKAES,Male,No,2,Yes,No,Fiber optic,No,Month-to-month,Yes,Credit card (automatic),30,33501,87.9,2.7,,Yes
3205-MXZRA,Male,No,26,Yes,No,DSL,Yes,One year,No,Credit card (automatic),40,82618,642.9,0.8,4.9,No
4701-AHWMW,Male,No,55,No,Yes,DSL,Yes,Month-to-month,No,Bank transfer (automatic),44,37091,0,2.6,3.1,Yes
8317-BVKSO,Male,No,14,Yes,No,No,No internet service,Month-to-month,Yes,Electronic check,54,105091,376.7,0.9,6.9,No
5702-KVQRD,Male,No,71,Yes,No,DSL,Yes,Two year,No,,43,58192,598.5,3.1,9.4,No
0083-PIVIK,Male,No,64,Yes,Yes,DSL,Yes,One year,Yes,Electronic check,41,83677,505,9.6,8.5,No
9210-IAHGH,Female,No,7,Yes,Yes,DSL,Yes,Month-to-month,No,Credit card (automatic),49,75764,324.5,2.6,9.2,Yes
6169-PGNCD,Female,No,57,Yes,Yes,DSL,Yes,Two year,Yes,Credit card (automatic),65,70003,359.9,0.7,8.3,No
0023-XUOPT,Female,No,13,Yes,No phone service,Fiber optic,No,Month-to-month,Yes,Electronic check,84,88726,470.4,4.8,5.2,Yes
4592-IWTJI,Female,No,3,No,No,DSL,No,Month-to-month,Yes,Credit card (automatic),,68167,0,4.2,6.3,Yes
4909-JOUPP,Male,No,72,Yes,No,Fiber optic,Yes,Two year,No,Credit card (automatic),39,68796,687.9,1.4,7,No
4657-FWVFY,Female,No,40,Yes,Yes,Fiber optic,No,Month-to-month,Yes,Credit card (automatic),36,72812,823.4,2.3,8.5,No
2257-BOVXD,Male,No,14,Yes,Yes,DSL,Yes,Month-to-month,No,Credit card (automatic),73,69408,352,1,6,No
7729-JTEEC,Male,No,2,Yes,Yes,DSL,No,Month-to-month,Yes,Electronic check,42,39817,418.3,13.1,6.4,No
7632-MNYOY,Male,No,66,Yes,Yes,Fiber optic,Yes,One year,Yes,Credit card (automatic),74,52308,371.6,5.8,6.2,Yes
6518-LGAOV,Female,No,38,Yes,No,Fiber optic,Yes,Month-to-month,No,Electronic check,37,67812,813.9,6.9,4.2,Yes
7242-QZLXF,Male,No,1,No,No,DSL,No,Month-to-month,Yes,Electronic check,50,27215,0,12.1,5.5,Yes
4576-CSAJH,Male,No,22,Yes,Yes,DSL,Yes,One year,Yes,Credit card (automatic),38,99303,703,1.3,6,Yes
1000-AJSLD,Male,No,1,Yes,No,No,No internet service,Month-to-month,No,Mailed check,28,63751,25,3.4,6.1,Yes
9696-RMYBA,Male,No,5,Yes,No phone service,Fiber optic,No,Month-to-month,Yes,Mailed check,,74236,204.8,0,5.9,No
8690-UPCZI,Male,No,29,Yes,No,DSL,Yes,One year,Yes,Bank transfer (automatic),60,113575,731.8,0.9,7.4,No
1062-LHZOD,Male,No,1,Yes,Yes,Fiber optic,No,Month-to-month,Yes,Mailed check,41,41295,490.3,9.2,6.4,Yes
9770-LXDBK,Female,No,3,Yes,No,No,No internet service,Month-to-month,No,Mailed check,33,166602,431.1,2,7.8,No
4086-WITJG,Male,No,71,Yes,No,No,No internet service,Two year,No,Credit card (automatic),42,46676,520.2,0.9,6,No
8344-WFMFH,Male,No,,Yes,Yes,DSL,No,Month-to-month,No,Electronic check,48,71102,255.4,7.2,6.3,No
9600-NAXZN,Male,Yes,43,Yes,No,Fiber optic,No,Month-to-month,No,Electronic check,51,55925,373.8,7.9,4,Yes
8822-KNBHV,Female,No,48,Yes,Yes,DSL,No,One year,No,Credit card (automatic),31,78903,703.3,1.7,6.8,No
8404-FYDIB,Male,No,26,Yes,Yes,Fiber optic,No,Month-to-month,Yes,Credit card (automatic),46,156785,988.7,9.3,6.4,No
2791-SFVEW,Female,No,9,Yes,Yes,No,No internet service,Month-to-month,Yes,Bank transfer (automatic),22,45161,312,4.2,8.1,No
6457-USBER,Male,No,1,Yes,Yes,Fiber optic,No,Month-to-month,No,Electronic check,35,37059,202.6,2.4,2.9,Yes
6762-NSODU,Female,No,46,Yes,Yes,No,No internet service,Two year,Yes,Credit card (automatic),22,42610,294.7,0.3,9.4,No
4662-EKDPQ,Male,Yes,2,Yes,No,DSL,No,Month-to-month,No,Bank transfer (automatic),35,53133,507.7,2.9,6.5,Yes
9248-OJYKK,Male,No,1,Yes,No,Fiber optic,No,Month-to-month,No,Electronic check,32,25410,539,13.6,8.9,Yes
9888-ZCUMM,Male,No,64,No,No,DSL,Yes,Two year,Yes,Bank transfer (automatic),52,208515,0,0,6.9,No
3398-FSHON,Female,No,12,Yes,Yes,Fiber optic,No,Month-to-month,No,Electronic check,37,75181,713.9,3.1,6,Yes
3319-DWOEP,Male,No,6,Yes,Yes,Fiber optic,No,Month-to-month,No,Electronic check,41,44183,455.1,9.7,5.1,Yes
1074-WVEVG,Female,Yes,59,Yes,Yes,No,No internet service,One year,Yes,Mailed check,19,77117,564.9,0,8.8,No
9979-RGMZT,Female,No,7,Yes,No,Fiber optic,No,One year,No,Mailed check,54,92778,784.5,1.3,4.1,No
6437-UDQJM,Female,No,72,Yes,No phone service,DSL,No,Two year,No,Credit card (automatic),58,51160,496.8,2.7,6.6,No
1226-IENZN,Male,No,16,Yes,No,Fiber optic,No,Month-to-month,Yes,Electronic check,40,33748,154.8,1,5.4,No
2108-GLPQB,Male,No,25,Yes,No,DSL,No,Month-to-month,Yes,Credit card (automatic),50,47107,706.5,0.2,5.9,No
9259-PACGQ,Female,No,34,Yes,No,DSL,Yes,Month-to-month,No,Electronic check,44,58657,889.2,2.4,7.1,Yes
4415-IJZTP,Female,Yes,1,Yes,No,Fiber optic,No,Month-to-month,Yes,Electronic check,36,45095,570.8,3.9,5.3,Yes
1465-VINDH,Female,No,10,Yes,No,Fiber optic,No,Month-to-month,No,Credit card (automatic),36,73260,499.1,2.7,5.6,Yes
5474-LAMUQ,Male,No,24,Yes,Yes,No,No internet service,One year,No,,34,77043,414.7,2.7,5.6,No
3468-DRVQJ,Female,No,10,Yes,No,DSL,No,One year,Yes,Electronic check,50,29123,878.3,1.5,5.3,No
1122-YJBCS,Male,No,69,Yes,Yes,DSL,No,One year,Yes,Credit card (automatic),64,21339,699.9,0.2,7.7,No
4990-ALDGW,Male,No,57,Yes,No,No,No internet service,Two year,Yes,Mailed check,34,44359,411.1,3.7,8.5,No
4816-OKWNX,Male,Yes,50,Yes,Yes,Fiber optic,Yes,One year,No,Bank transfer (automatic),50,73977,300.2,3.1,8.5,No
3315-IKYZQ,Male,No,28,No,No phone service,DSL,Yes,One year,No,Mailed check,57,126503,0,1.7,10,No
2810-FTLEM,Female,No,16,Yes,Yes,DSL,No,Month-to-month,Yes,Electronic check,38,38061,773.1,5.5,5.9,Yes
4747-LCAQL,Male,Yes,25,Yes,Yes,DSL,Yes,Month-to-month,No,Mailed check,55,91456,430.9,2,6.8,No
3411-WLRSQ,Female,No,3,Yes,No,Fiber optic,No,Month-to-month,Yes,Bank transfer (automatic),40,39284,352.5,7.6,5.6,No
0898-XCGTF,Male,No,61,Yes,No phone service,Fiber optic,No,One year,No,Bank transfer (automatic),36,135108,676.3,0.7,4.4,No
8006-PYCSW,Female,No,2,Yes,No,No,No internet service,Month-to-month,Yes,Mailed check,43,,348.4,4.3,8.8,No
8249-THVEC,Male,No,51,Yes,No phone service,No,No internet service,One year,Yes,Mailed check,30,52177,499.2,1.3,8.7,No
8722-PRFDV,Female,No,71,Yes,No,DSL,No,Two year,Yes,Credit card (automatic),67,35649,404.4,2.6,6.4,No
2164-SOQXL,Female,Yes,20,Yes,No,No,No internet service,Month-to-month,Yes,Mailed check,48,27575,579.4,4.7,6.1,No
4020-KIUDI,Male,No,6,Yes,No,No,No internet service,Month-to-month,Yes,Credit card (automatic),31,132930,348.5,3.7,7.2,No
5850-BDWCY,Female,No,6,Yes,No,No,No internet service,Month-to-month,Yes,Mailed check,36,61037,538.5,3.7,6.2,No
2038-YSEZE,Female,No,,Yes,Yes,DSL,Yes,Month-to-month,Yes,Mailed check,74,127958,838.9,0.1,6.3,No
0827-ITJPH,Male,No,36,Yes,Yes,No,No internet service,Two year,Yes,Credit card (automatic),28,72597,390.6,0.2,8.1,No
8799-OXZMD,Female,No,28,No,Yes,DSL,No,Month-to-month,Yes,Mailed check,44,36524,0,1.7,9.4,No
1925-TIBLE,Female,No,7,Yes,No,Fiber optic,No,Month-to-month,No,Electronic check,27,66040,724.8,4.5,7.4,Yes
1705-GUHPV,Female,No,,Yes,Yes,No,No internet service,Two year,Yes,Mailed check,35,75378,478.8,2.8,6.7,No
4779-ZGICK,Male,No,48,Yes,Yes,No,No internet service,Two year,Yes,Mailed check,38,89693,672.3,1.7,6.6,No
0048-PIHNL,Female,No,49,Yes,No phone service,No,No internet service,One year,No,Bank transfer (automatic),27,42877,592,2.5,5.6,No
0818-OCPZO,Male,No,27,Yes,No,Fiber optic,No,Month-to-month,Yes,Electronic check,55,35016,566.1,6.8,6.4,Yes
3967-KXAPS,Male,No,72,Yes,Yes,DSL,Yes,Two year,Yes,Credit card (automatic),70,32532,924.8,1.5,6.3,No
1447-GIQMR,Male,No,1,Yes,Yes,Fiber optic,No,Month-to-month,No,Electronic check,35,90651,116.4,2.7,6.3,Yes
3704-IEAXF,Female,No,72,No,Yes,DSL,Yes,Two year,Yes,Credit card (automatic),39,39091,0,0.7,7.9,No
6810-VCAEX,Female,Yes,47,No,No phone service,DSL,Yes,One year,Yes,Credit card (automatic),26,32992,0,0.3,9.1,No
0674-EYYZV,Female,No,1,Yes,No,DSL,No,Month-to-month,Yes,,53,77229,326.5,4.5,7.8,No
4480-MBMLB,Female,No,36,Yes,No,Fiber optic,No,One year,Yes,Bank transfer (automatic),36,78679,728.6,0.9,6.2,No
1395-OFUWC,Male,No,43,No,Yes,DSL,No,Month-to-month,Yes,Credit card (automatic),83,37702,0,1.9,,No
0822-QGCXA,Female,Yes,27,Yes,No,DSL,Yes,Month-to-month,Yes,Electronic check,19,29573,582,6.9,7.2,No
0872-NXJYS,Female,No,9,Yes,Yes,Fiber optic,No,Month-to-month,No,Electronic check,25,59951,398,2,5.3,Yes
2832-KJCRD,Female,No,38,Yes,Yes,Fiber optic,Yes,Month-to-month,No,Electronic check,53,66427,464.6,6.2,8.9,No
3588-WSTTJ,Female,No,35,Yes,Yes,Fiber optic,No,Month-to-month,No,Electronic check,37,72281,671.4,1.8,7.6,No
4075-WKNIU,Female,No,0,Yes,No,DSL,Yes,Two year,Yes,Mailed check,30,44710,366,2.4,7.4,No
5090-EMGTC,Female,No,59,Yes,Yes,Fiber optic,Yes,Two year,Yes,Mailed check,20,42826,305.2,0.5,7,No
2346-CZYIL,Male,No,27,Yes,Yes,No,No internet service,Two year,Yes,Credit card (automatic),33,74599,487.1,0.9,8,No
3798-EPWRR,Female,No,2,Yes,No,DSL,No,Month-to-month,Yes,Electronic check,42,68035,448.8,3.9,7.4,No
6258-NGCNG,Male,No,7,Yes,Yes,No,No internet service,Month-to-month,Yes,Mailed check,30,44823,699.9,0,7.3,No
4186-ZBUEW,Female,No,36,Yes,No,DSL,Yes,One year,No,Mailed check,35,70091,676.7,0.4,7.3,No
5274-XHAKY,Female,No,41,Yes,No,Fiber optic,No,Month-to-month,Yes,Bank transfer (automatic),48,60698,676,6.1,5,No
1442-BQPVU,Female,No,13,No,Yes,DSL,No,Month-to-month,Yes,Electronic check,49,47111,0,5.8,8.7,No
3978-YNKDD,Male,No,19,Yes,Yes,No,No internet service,Two year,Yes,Credit card (automatic),45,76273,141,0,7.9,No
4940-KHCWD,Female,No,60,No,Yes,DSL,Yes,Two year,No,Bank transfer (automatic),55,42917,0,0.1,8.8,No
9412-ARGBX,Female,No,48,Yes,No phone service,Fiber optic,Yes,Two year,Yes,Mailed check,38,61965,425.6,4.4,9.2,Yes
1389-CXMLU,Male,No,3,Yes,Yes,Fiber optic,No,Month-to-month,Yes,Electronic check,72,63298,610.5,2.5,5.3,Yes
9589-ABEPT,Male,No,69,Yes,No,Fiber optic,Yes,Two year,Yes,Mailed check,40,64204,684.9,2.2,7.3,No
9388-ZEYVT,Male,No,43,No,No,DSL,Yes,One year,No,Electronic check,39,71354,0,5,6.9,No
0305-SQECB,Female,No,11,No,No,DSL,Yes,One year,Yes,Mailed check,31,46350,0,2.1,8.6,No
7605-SNLQG,Female,No,45,Yes,No,DSL,No,Month-to-month,No,Credit card (automatic),35,99055,451.4,1.9,7.5,No
4670-TABXH,Male,No,72,Yes,Yes,Fiber optic,Yes,Two year,Yes,Credit card (automatic),43,100716,730.8,0.7,7.5,No
5561-NWEVX,Female,Yes,2,Yes,No,Fiber optic,No,Month-to-month,Yes,Electronic check,59,57636,361.6,10.5,5,Yes
0064-SUDOG,Female,No,12,Yes,No,No,No internet service,Two year,No,Bank transfer (automatic),50,102345,530.9,5.2,8.7,No
8561-NMTBD,Female,No,67,Yes,No,Fiber optic,Yes,One year,No,Credit card (automatic),64,97858,692.8,1.9,8.8,No
5161-XEUVX,Male,No,37,Yes,No,Fiber optic,Yes,Two year,Yes,Mailed check,29,59458,495.1,0,7.9,No
8292-FRFZQ,Female,No,39,No,Yes,DSL,Yes,One year,No,Bank transfer (automatic),31,58197,0,0,6.8,No
8591-NXRCV,Female,No,41,Yes,Yes,DSL,Yes,Month-to-month,Yes,Bank transfer (automatic),56,18493,310.9,1,6.7,No
7895-VONWT,Female,No,25,No,Yes,DSL,No,Month-to-month,Yes,Electronic check,46,23335,0,8.9,7,No
4526-RMTLL,Male,No,8,Yes,Yes,DSL,Yes,Two year,No,Credit card (automatic),40,129998,773.8,0,9.2,No
6253-GNHWH,Female,No,71,Yes,No,DSL,Yes,Two year,Yes,Mailed check,33,24766,907.5,1.8,5.8,No
4566-NECEV,Male,No,5,Yes,No,Fiber optic,No,Month-to-month,Yes,Electronic check,31,101498,615.4,6.7,6.7,No
8080-POTJR,Female,Yes,30,Yes,Yes,DSL,No,One year,No,Credit card (automatic),36,105026,541.4,1.9,7,No
6906-MPARY,Male,No,40,Yes,No,Fiber optic,Yes,One year,No,Credit card (automatic),47,87292,386.5,2.3,8.7,No
3662-FXJFO,Female,No,54,Yes,No phone service,No,No internet service,Two year,No,Mailed check,46,41563,86,2,5.3,No
8107-RZLNV,Male,No,72,Yes,Yes,Fiber optic,No,Two year,Yes,Bank transfer (automatic),76,24197,296,0.8,7.1,No
0516-OOHAR,Male,No,28,Yes,Yes,Fiber optic,No,One year,Yes,Bank transfer (automatic),32,44771,578.4,0.3,8.2,No
2027-CWDNU,Male,Yes,18,Yes,Yes,Fiber optic,Yes,Month-to-month,No,Electronic check,40,77630,757.8,4.8,5.7,No
2737-WFVYW,Female,No,2,No,No,DSL,No,Month-to-month,No,Electronic check,47,32256,0,6.5,3.4,Yes
9912-OMZDS,Female,No,59,Yes,Yes,Fiber optic,No,One year,Yes,Electronic check,37,75990,709.1,7.7,6.1,No
3733-ZEECP,Male,No,22,Yes,Yes,DSL,Yes,Month-to-month,Yes,Electronic check,69,50803,431.2,3.2,9.2,No
7878-RTCZG,Female,Yes,1,Yes,Yes,No,No internet service,Month-to-month,No,Mailed check,32,96545,660.5,0.7,6.3,No
2452-MRMZF,Female,No,72,Yes,Yes,No,No internet service,Two year,Yes,Credit card (automatic),40,76144,733.6,0.4,7.5,No
2272-QAGFO,Female,No,14,Yes,No phone service,Fiber optic,No,Month-to-month,Yes,Electronic check,34,29510,570.1,3.3,6.3,Yes
7103-IPXPJ,Male,No,50,Yes,Yes,Fiber optic,Yes,One year,Yes,Electronic check,44,96744,231.3,2.6,6.6,No
4342-HFXWS,Female,No,48,Yes,Yes,DSL,Yes,One year,Yes,Bank transfer (automatic),33,38555,363.9,2.2,8.4,No
3545-CNWRG,Female,Yes,49,Yes,No,Fiber optic,No,Month-to-month,Yes,Electronic check,36,75817,580.2,4.2,8.1,No
1785-BPHTP,Male,No,28,Yes,Yes,Fiber optic,No,Month-to-month,Yes,Electronic check,25,79011,553.4,4,4.5,No
4989-LIXVT,Male,No,68,Yes,No,Fiber optic,No,Month-to-month,No,Electronic check,45,23688,895.9,5.8,5.9,No
7315-WYOAW,Male,No,13,Yes,No,Fiber optic,Yes,Month-to-month,Yes,Electronic check,74,49396,475.1,3.2,5.7,No
1173-XZPYF,Female,No,11,Yes,Yes,Fiber optic,No,Month-to-month,Yes,Electronic check,36,44074,600.8,4.9,5.7,No
9850-OWRHQ,Female,No,3,Yes,No,Fiber optic,No,Month-to-month,Yes,Credit card (automatic),35,35008,564.3,2.9,6.7,Yes
3768-NLUBH,Male,No,57,Yes,Yes,Fiber optic,No,Month-to-month,No,Electronic check,64,34464,472.8,7.8,5.5,Yes
8676-TRMJS,Male,No,3,Yes,Yes,Fiber optic,No,Month-to-month,No,Mailed check,41,49364,714.5,9.5,5.6,Yes
2509-TFPJU,Male,No,72,Yes,No,No,No internet service,Two year,No,Credit card (automatic),45,18000,654.5,0,6.3,No
9530-GRMJG,Male,No,70,Yes,No,DSL,Yes,Two year,Yes,Electronic check,55,68701,644.1,5.2,8,No
6898-RBTLU,Female,No,49,Yes,Yes,DSL,Yes,Two year,No,Bank transfer (automatic),26,40781,434.8,1,10,No
5481-NTDOH,Female,No,67,Yes,Yes,Fiber optic,No,One year,Yes,Credit card (automatic),49,34347,575.7,1.4,7.4,No
2068-WWXQZ,Male,No,46,Yes,Yes,No,No internet service,Two year,Yes,Bank transfer (automatic),29,69515,116.3,1.7,8.3,No
7359-SSBJK,Female,No,64,Yes,Yes,DSL,Yes,Two year,Yes,Credit card (automatic),45,97661,442.2,2.2,7,Yes
2061-VVFST,Female,No,37,Yes,No,No,No internet service,Month-to-month,No,Bank transfer (automatic),42,31630,468.9,0,7.1,No
0685-MLYYM,Female,No,2,Yes,No,Fiber optic,No,Month-to-month,No,Electronic check,33,41276,564,6.2,4,Yes
0749-IRGQE,Female,No,13,No,Yes,DSL,No,Month-to-month,No,Electronic check,37,43587,0,9.7,7,No
2380-DAMQP,Female,No,72,Yes,No,Fiber optic,Yes,Two year,No,Electronic check,58,61191,505.5,4.1,7.3,No
2256-YLYLP,Male,No,68,Yes,Yes,DSL,Yes,Two year,Yes,Bank transfer (automatic),18,61434,690.4,1.1,8.2,No
1272-ILHFG,Male,No,15,Yes,Yes,No,No internet service,One year,Yes,Mailed check,55,100196,40.9,0,9.5,No
0164-XAIRP,Female,Yes,24,Yes,No,No,No internet service,Two year,No,Bank transfer (automatic),46,129799,380.1,0.9,7.1,No
5666-CYCYZ,Female,No,24,Yes,No,Fiber optic,Yes,Month-to-month,Yes,Electronic check,46,58628,679.9,3.3,6.6,No
4011-ARPHK,Male,Yes,27,Yes,Yes,DSL,No,Month-to-month,Yes,Mailed check,18,45064,777.7,2.3,4.4,No
8182-PNAGI,Male,Yes,,Yes,No phone service,DSL,Yes,Month-to-month,Yes,Bank transfer (automatic),40,134850,510.4,7.9,6.3,Yes
6365-HITVU,Female,No,71,Yes,No,DSL,Yes,Two year,Yes,Credit card (automatic),82,53607,172.8,0.2,,No
7558-IMLMT,Male,No,67,Yes,No,No,No internet service,Two year,No,Mailed check,31,78046,687.9,3.8,5,No
9488-FYQAU,Female,No,63,Yes,Yes,Fiber optic,Yes,Two year,Yes,Bank transfer (automatic),25,69284,587.8,0.7,4.6,No
3590-TCXTB,Male,No,1,Yes,No phone service,No,No internet service,Month-to-month,Yes,Mailed check,38,36569,459.7,7.3,8.4,No
6994-KERXL,Male,No,4,Yes,No,DSL,No,Month-to-month,Yes,Electronic check,46,161339,536.2,1.2,6,No
7957-RYHQD,Female,No,40,Yes,Yes,Fiber optic,No,Month-to-month,No,Credit card (automatic),33,81460,349.5,1.9,5.2,Yes
2180-DXNEG,Female,No,12,Yes,Yes,Fiber optic,No,Month-to-month,Yes,Electronic check,35,79826,542.7,5.8,5.3,Yes
1960-UOTYM,Male,No,52,Yes,No,DSL,No,Two year,Yes,Electronic check,50,48019,172.2,4,6.2,No
2740-JFBOK,Male,No,10,Yes,No,No,No internet service,Month-to-month,No,Electronic check,28,80174,746.8,3.4,8,No
6500-JVEGC,Male,No,68,Yes,No,Fiber optic,No,One year,Yes,Bank transfer (automatic),47,47963,713.9,1.3,7,No
5515-AKOAJ,Female,No,,Yes,Yes,Fiber optic,Yes,Month-to-month,Yes,Electronic check,81,25939,370.9,6.5,7.1,Yes
8976-OQHGT,Female,No,4,Yes,Yes,DSL,Yes,Month-to-month,Yes,Mailed check,29,40330,554.4,3.6,5,Yes
5245-VDBUR,Female,No,52,No,No,DSL,No,One year,Yes,Mailed check,50,56101,0,1.2,6.7,No
6230-BSUXY,Female,No,,Yes,No,Fiber optic,No,Month-to-month,Yes,Electronic check,34,34736,332,2.5,6.1,Yes
8469-SNFFH,Male,No,70,Yes,Yes,DSL,Yes,One year,Yes,Bank transfer (automatic),44,43830,505.8,0.5,7.6,No
2144-ESWKO,Male,No,43,No,No,DSL,No,One year,Yes,Credit card (automatic),20,72083,0,0.5,5.5,No
1241-FPMOF,Male,No,52,Yes,No phone service,No,No internet service,Two year,No,Mailed check,64,144810,310.2,5.6,7.9,No
9928-BZVLZ,Female,No,12,No,Yes,DSL,Yes,Two year,No,Mailed check,65,53966,0,0.7,8,No
4114-QMKVN,Female,Yes,56,Yes,No,DSL,No,One year,Yes,Bank transfer (automatic),40,73288,677.9,0.6,7.6,No
2775-SEFEE,Male,No,0,Yes,No,DSL,Yes,Two year,No,Bank transfer (automatic),18,52677,692.4,0.3,8.2,No
9003-CPATH,Male,No,42,Yes,No phone service,Fiber optic,No,Month-to-month,No,Electronic check,37,59864,460.4,12.8,5.2,No
1754-GKYPY,Male,No,,Yes,No,Fiber optic,No,Month-to-month,No,Bank transfer (automatic),30,74598,659.6,1.6,7.5,No
5294-CDGWY,Male,Yes,51,No,Yes,DSL,No,One year,Yes,Electronic check,38,52230,0,4.5,7.7,Yes
7956-XQWGU,Male,No,27,Yes,Yes,No,No internet service,Month-to-month,No,Credit card (automatic),26,20259,272.7,2,7.2,No
1591-MQJTP,Male,Yes,51,Yes,Yes,Fiber optic,No,One year,No,Bank transfer (automatic),80,112816,477,1.9,7.3,No
5295-PCJOO,Male,No,4,Yes,Yes,DSL,No,Month-to-month,No,Electronic check,75,62057,664.1,8.1,6.5,Yes
2369-FEVNO,Male,No,1,Yes,Yes,No,No internet service,Month-to-month,Yes,Mailed check,56,25323,91.7,2.7,7.6,No
9863-JZAIC,Male,No,35,Yes,Yes,DSL,No,Month-to-month,Yes,Mailed check,41,35743,587.7,5.5,4.7,Yes
7471-MQPOS,Male,No,71,Yes,Yes,DSL,Yes,One year,No,Bank transfer (automatic),30,63441,528.5,3.1,9.9,No
7660-HDPJV,Female,No,1,Yes,No,Fiber optic,No,Month-to-month,Yes,Electronic check,37,69302,386.6,6.6,4.8,Yes
5115-SQAAU,Female,No,69,Yes,No,No,No internet service,Two year,Yes,,53,66986,892.4,3.3,8.7,No
9845-QOMAD,Male,No,14,Yes,Yes,No,No internet service,One year,No,Mailed check,49,42873,436.5,1.6,8.8,No
7672-VFMXZ,Male,No,57,Yes,Yes,DSL,Yes,Month-to-month,No,Electronic check,50,40888,720.3,3.2,6.5,No
9739-JLPQJ,Female,No,72,Yes,Yes,Fiber optic,Yes,Two year,Yes,Credit card (automatic),53,18058,438.8,1.4,5.3,No
9916-AYHTC,Male,No,,Yes,Yes,No,No internet service,Two year,Yes,Credit card (automatic),44,46861,426,1.4,9.1,No
3855-ONCAR,Female,Yes,4,Yes,No,Fiber optic,No,Month-to-month,Yes,Mailed check,44,39593,492.8,0.5,6.5,No
1488-SYSFC,Male,No,31,Yes,Yes,No,No internet service,Month-to-month,Yes,Electronic check,77,30333,393.3,7.1,6.3,No
7931-PXHFC,Male,No,38,Yes,No phone service,DSL,Yes,One year,Yes,Mailed check,44,118169,624.2,2.1,4.9,Yes
3990-QYKBE,Male,No,37,Yes,Yes,Fiber optic,No,Month-to-month,No,,75,63578,613.1,3.8,7.6,Yes
0970-QXPXW,Female,No,1,Yes,Yes,No,No internet service,Month-to-month,Yes,Mailed check,31,56429,443.2,3.5,6.2,No
3259-KNMRR,Male,No,57,Yes,No,DSL,No,Two year,No,Bank transfer (automatic),31,43256,625,0.4,7.4,No
6120-RJKLU,Female,Yes,62,Yes,No,DSL,Yes,Two year,Yes,Credit card (automatic),18,89188,389.2,0,8.8,No
9572-WUKSB,Male,No,3,No,Yes,DSL,Yes,Month-to-month,Yes,Electronic check,56,30755,0,3.5,9.7,No
5893-KCLGT,Female,No,72,Yes,Yes,No,No internet service,Two year,Yes,Mailed check,37,171721,272.7,0.5,8.4,No
0076-LVEPS,Male,No,29,No,No,DSL,Yes,Month-to-month,Yes,Mailed check,61,97102,0,3.2,8.1,No
3640-JQGJG,Male,Yes,13,Yes,No phone service,DSL,No,Month-to-month,No,Bank transfer (automatic),34,68336,502.9,0.7,6.4,No
4919-MOAVT,Male,No,3,Yes,No,Fiber optic,No,Month-to-month,Yes,Electronic check,28,104964,249.6,9.2,5.8,Yes
1596-OQSPS,Female,No,11,Yes,No,DSL,No,Month-to-month,Yes,Electronic check,26,38521,275.3,8.2,5,No
9867-XOBQA,Female,Yes,21,No,No,DSL,Yes,Two year,No,Mailed check,25,101916,0,0.6,8.2,No
9546-KDTRB,Female,No,19,Yes,No,No,No internet service,Month-to-month,Yes,Bank transfer (automatic),37,44421,693.6,1.2,7.8,No
3090-HAWSU,Male,No,61,Yes,Yes,Fiber optic,Yes,Two year,Yes,Credit card (automatic),22,36094,630.5,2.5,6.3,Yes
9820-RMCQV,Female,No,11,Yes,Yes,DSL,No,Month-to-month,No,Credit card (automatic),50,66896,366.6,8.6,4,Yes
3174-RKMOW,Male,No,35,Yes,No phone service,Fiber optic,Yes,Month-to-month,Yes,Electronic check,45,27583,705.6,9.2,8.6,No
1760-CAZHT,Male,No,25,Yes,Yes,No,No internet service,Month-to-month,Yes,Mailed check,59,27882,325.1,2.6,5.3,No
7839-QRKXN,Female,No,1,Yes,Yes,No,No internet service,Month-to-month,Yes,Mailed check,51,39681,78.6,2.9,5.2,Yes
8441-SHIPE,Female,No,67,Yes,No phone service,No,No internet service,Two year,No,Bank transfer (automatic),21,18443,752.4,0.5,9.2,No
5204-QZXPU,Male,Yes,19,No,No,DSL,No,Month-to-month,Yes,Electronic check,27,28978,0,12.2,5.7,Yes
4597-ELFTS,Male,No,56,Yes,No,No,No internet service,One year,No,Electronic check,33,47191,340.5,6.3,6.6,Yes
1320-GVNHT,Male,No,72,Yes,No,Fiber optic,No,Two year,Yes,Credit card (automatic),36,81481,256,1.2,7.6,No
1047-RNXZV,Male,No,43,Yes,Yes,No,No internet service,Two year,No,Mailed check,78,55644,540.9,0.6,8,No
3541-ZNUHK,Female,No,55,Yes,No phone service,Fiber optic,No,Month-to-month,No,Electronic check,26,81814,668,22.3,6.8,No
8450-JOVAH,Male,No,2,Yes,Yes,DSL,No,Month-to-month,No,Mailed check,67,59580,652.8,3.9,4.6,Yes
8725-JEDFD,Male,Yes,27,Yes,No,Fiber optic,No,Month-to-month,Yes,Mailed check,52,33294,209.7,2.7,5.3,No
7562-UXTPG,Female,Yes,13,Yes,Yes,Fiber optic,No,Month-to-month,Yes,Mailed check,51,80241,499.5,1.6,7.6,No
8071-SBTRN,Female,No,70,Yes,Yes,Fiber optic,No,Two year,No,Mailed check,66,49474,555.2,1.6,8.5,No
1113-IUJYX,Female,No,14,Yes,No,Fiber optic,Yes,One year,Yes,Mailed check,38,34933,531,5.9,4.7,Yes
6668-CNMFP,Female,No,19,Yes,Yes,Fiber optic,Yes,One year,No,Bank transfer (automatic),39,24854,448.2,0.9,6.6,No
5626-MGTUK,Female,No,,Yes,No,Fiber optic,No,Month-to-month,Yes,Bank transfer (automatic),19,73527,579.1,0.8,5.4,No
5681-LLOEI,Male,No,43,Yes,No,Fiber optic,Yes,One year,Yes,Credit card (automatic),60,31578,388.1,1.2,6.6,No
8212-DJRCH,Male,Yes,5,Yes,No phone service,Fiber optic,No,Month-to-month,No,Mailed check,81,54139,367.4,0.6,5.8,No
4323-OHFOW,Female,No,70,Yes,No,Fiber optic,Yes,One year,Yes,Bank transfer (automatic),89,57087,845.3,2.5,7,No
4933-BSAIP,Female,No,40,Yes,No,No,No internet service,Two year,Yes,Mailed check,36,66326,374.8,1.5,7.1,No
2030-BTZRO,Male,No,6,Yes,Yes,No,No internet service,Two year,Yes,Credit card (automatic),23,60260,495.8,2.4,8.6,No
1116-DXXDF,Male,No,39,Yes,No,Fiber optic,No,Two year,No,Electronic check,23,77422,448.1,10.1,6.8,No
9274-CNFMO,Male,No,4,Yes,Yes,Fiber optic,No,Month-to-month,Yes,Electronic check,74,109298,670.9,7.4,5.7,Yes
7758-XKCBS,Male,No,15,No,Yes,DSL,Yes,Month-to-month,No,,43,108391,0,3,5.7,Yes
8992-JQYUN,Male,No,1,No,No,DSL,No,Month-to-month,Yes,Electronic check,52,47823,0,7,6,Yes
6563-VNPMN,Female,No,45,Yes,Yes,Fiber optic,Yes,Month-to-month,Yes,Bank transfer (automatic),34,50745,412,5.3,7.5,No
0617-AQNWT,Female,No,64,No,Yes,DSL,Yes,Two year,Yes,Electronic check,81,100072,0,9.9,7.9,Yes
2267-WTPYD,Female,No,57,Yes,Yes,Fiber optic,No,Month-to-month,Yes,Credit card (automatic),62,80569,670.3,1.2,7.4,No
0270-THENM,Male,Yes,72,Yes,No,DSL,Yes,Two year,Yes,Bank transfer (automatic),30,23016,580.1,0,8.2,No
2446-PLQVO,Male,No,1,Yes,No,Fiber optic,No,Month-to-month,No,Electronic check,41,55264,562.2,6.6,6.4,Yes
4707-MAXGU,Male,No,72,Yes,Yes,No,No internet service,Two year,Yes,Credit card (automatic),66,39504,797.7,0,5.4,No
2710-WYVXG,Female,No,3,Yes,Yes,DSL,Yes,Two year,No,Mailed check,36,55490,171.2,3,7.3,No
3005-NFMTA,Male,No,55,Yes,No,Fiber optic,No,Month-to-month,No,Electronic check,50,53221,959.2,7.7,5.3,Yes
6300-BWMJX,Female,No,59,Yes,No,Fiber optic,Yes,Month-to-month,Yes,,56,21227,723,2.3,4.7,No
8784-CGILN,Female,No,18,Yes,No,Fiber optic,Yes,Month-to-month,Yes,Bank transfer (automatic),34,37600,524.6,6.6,3.3,Yes
5389-FFVKB,Male,No,32,Yes,No,Fiber optic,No,Month-to-month,No,Credit card (automatic),71,34821,477.9,4.4,4.9,Yes
7009-LGECI,Female,No,4,Yes,No,DSL,No,Month-to-month,Yes,Bank transfer (automatic),55,94309,455.9,6.6,6.4,No
8444-WRIDW,Female,No,66,Yes,No phone service,Fiber optic,No,Month-to-month,Yes,Credit card (automatic),38,26634,724.9,4.5,7.2,Yes
5022-KVDQT,Male,Yes,27,Yes,Yes,Fiber optic,No,Month-to-month,Yes,Electronic check,72,86358,559.9,5.9,6.6,No
7976-CICYS,Male,No,4,Yes,Yes,No,No internet service,Month-to-month,No,Credit card (automatic),56,62050,625.9,8.8,7,No
1036-GUDCL,Male,No,60,Yes,Yes,DSL,Yes,Month-to-month,Yes,Credit card (automatic),80,72609,524,1.1,8.8,No
2005-DWQZJ,Female,No,8,Yes,No,No,No internet service,Two year,No,Mailed check,29,59189,511.1,0.8,7.3,No
8148-WOCMK,Male,No,8,Yes,No,No,No internet service,Two year,Yes,Credit card (automatic),28,54120,429.2,0.6,6.6,No
7815-PDTHL,Male,Yes,35,Yes,Yes,No,No internet service,Two year,No,Mailed check,48,36768,534.9,0.7,5.8,No
9451-LPGOO,Male,No,7,Yes,Yes,Fiber optic,No,Month-to-month,No,Electronic check,49,72737,488.7,8.8,,Yes
9173-IVZVP,Female,No,53,Yes,No,No,No internet service,Two year,Yes,Mailed check,41,29852,523.4,3.8,8.1,No
9129-UXERG,Female,No,18,Yes,Yes,Fiber optic,Yes,Month-to-month,No,Credit card (automatic),30,40171,397.7,0.7,7.8,No
3635-JBPSG,Female,No,15,No,Yes,DSL,No,Two year,Yes,Mailed check,51,44767,0,1.6,8,No
7964-ZRKKG,Male,No,67,Yes,Yes,Fiber optic,No,One year,Yes,Bank transfer (automatic),58,55486,489.2,2.2,6.4,No
5868-YWPDW,Male,No,6,Yes,No,Fiber optic,No,Month-to-month,No,Electronic check,62,54575,313.3,2.3,5.1,Yes
6229-LSCKB,Male,No,6,Yes,No,Fiber optic,No,Month-to-month,Yes,Electronic check,64,38358,288.4,1.8,4.4,No
2025-JKFWI,Male,No,13,Yes,No,Fiber optic,Yes,Month-to-month,Yes,Mailed check,60,50129,829.6,6.5,3.9,Yes
4078-SAYYN,Female,No,11,Yes,Yes,Fiber optic,No,Month-to-month,Yes,Electronic check,50,37865,564,8.7,3.8,Yes
1724-IQWNM,Male,Yes,1,Yes,Yes,No,No internet service,Month-to-month,No,Mailed check,43,86047,458.5,1.7,4.3,No
8217-QYOHV,Male,No,5,Yes,No,DSL,Yes,Month-to-month,No,Mailed check,51,78621,157.4,1.3,8.3,No
5546-QUERU,Male,No,13,Yes,No,No,No internet service,One year,Yes,Mailed check,53,23592,402.2,0.8,7.5,No
9940-HPQPG,Female,No,9,Yes,No,Fiber optic,No,Month-to-month,No,Bank transfer (automatic),29,67707,737.1,2.3,4,Yes
6897-UUBNU,Male,No,29,Yes,Yes,Fiber optic,Yes,Month-to-month,No,Mailed check,70,149755,456.6,1.1,6.8,No
6127-IYJOZ,Male,Yes,1,Yes,No,DSL,No,Month-to-month,No,Mailed check,28,35074,570.8,2.4,7.4,No
6618-RYATB,Female,No,1,Yes,Yes,Fiber optic,No,Month-to-month,Yes,Mailed check,53,45615,536.1,7.9,5.7,Yes
8930-XOTDP,Female,Yes,18,Yes,No,DSL,No,Month-to-month,Yes,Mailed check,49,61648,585.3,2.3,5.4,No
5916-QEWPT,Female,No,2,Yes,No,DSL,No,Month-to-month,Yes,Credit card (automatic),27,48579,471.5,3.1,6.3,No
5060-TQUQN,Male,No,30,Yes,Yes,Fiber optic,Yes,Month-to-month,Yes,Bank transfer (automatic),41,82399,475.7,0.2,6.4,No
0531-XBKMM,Male,No,66,Yes,No,DSL,Yes,Two year,Yes,Bank transfer (automatic),27,25129,537.9,2.2,7.6,No
8465-SBRXP,Male,No,38,Yes,Yes,Fiber optic,Yes,Two year,Yes,Bank transfer (automatic),64,62913,677.4,2.1,7.9,No
2408-PSJVE,Male,No,44,Yes,Yes,DSL,Yes,Month-to-month,Yes,Mailed check,64,46824,215.4,3.6,5.4,No
9079-YEXQJ,Female,No,54,Yes,No,Fiber optic,Yes,Month-to-month,Yes,Electronic check,54,29435,642.4,20.8,5.8,Yes
9700-ZCLOT,Male,No,2,Yes,No,No,No internet service,Month-to-month,No,Mailed check,53,91880,314.3,5.5,8.7,No
8738-JOKAR,Female,No,42,Yes,No,DSL,Yes,One year,Yes,Mailed check,42,20981,500.8,0.1,7.7,No
4534-WGCIR,Female,No,58,Yes,No,No,No internet service,Two year,Yes,Credit card (automatic),52,35392,533.2,0,9.2,No
1930-WNXSB,Male,Yes,58,Yes,Yes,Fiber optic,No,Month-to-month,Yes,Electronic check,37,55273,477,5.9,6.8,No
2685-SREOM,Female,No,25,Yes,Yes,Fiber optic,No,Month-to-month,No,Electronic check,54,30394,573.4,6.7,4.9,Yes
3508-CFVZL,Female,Yes,71,Yes,No,Fiber optic,Yes,Two year,Yes,Mailed check,39,64422,453.7,1.3,6.8,No
0402-CQAJN,Female,No,37,Yes,No,Fiber optic,No,Month-to-month,No,Bank transfer (automatic),42,46622,777.6,10.2,5.7,Yes
6692-UDPJC,Female,Yes,14,Yes,No phone service,Fiber optic,Yes,Month-to-month,Yes,Electronic check,20,54164,796.4,5.6,5.2,Yes
1273-MTETI,Female,No,4,Yes,No,Fiber optic,No,Month-to-month,No,Electronic check,19,43915,776.2,12.8,5.4,Yes
0657-DOGUM,Female,No,48,Yes,No,DSL,Yes,One year,No,,34,64858,622.7,5.2,8.8,No
5480-HPRRX,Female,Yes,3,No,Yes,DSL,No,Month-to-month,Yes,Electronic check,73,32729,0,7.5,8.8,Yes
8792-AOROI,Female,Yes,8,Yes,No,DSL,Yes,Two year,Yes,Mailed check,46,99356,412.6,0.2,6.4,No
0295-PPHDO,Male,No,1,Yes,Yes,Fiber optic,No,Month-to-month,Yes,Electronic check,32,74540,834.8,3.3,2.5,Yes
5146-YYFRZ,Male,No,67,Yes,No,No,No internet service,Two year,No,Bank transfer (automatic),40,120019,260.3,1,9.4,No
1195-OIYEJ,Male,No,13,Yes,No phone service,Fiber optic,No,Month-to-month,Yes,Electronic check,51,125654,294.6,9.2,6,Yes
5906-CVLHP,Female,No,45,Yes,Yes,DSL,Yes,One year,No,Credit card (automatic),31,80513,503,1.8,8,Yes
3452-SRFEG,Male,Yes,49,Yes,No,Fiber optic,No,Month-to-month,No,Bank transfer (automatic),60,83668,657.8,0.4,7.7,No
4070-OKWVH,Female,Yes,52,Yes,No,Fiber optic,No,Month-to-month,Yes,Bank transfer (automatic),47,41133,512.2,1.7,6.4,No
5297-MDOIR,Female,No,63,Yes,No,Fiber optic,No,One year,Yes,Credit card (automatic),21,77215,252.6,1.3,8.2,No
6369-MCAKO,Female,No,68,Yes,Yes,DSL,Yes,Two year,Yes,Bank transfer (automatic),49,36421,639.4,0,9.3,No
4926-UMJZD,Female,No,31,Yes,No,DSL,Yes,Month-to-month,No,Mailed check,50,39209,675.1,1.5,,No
6848-HJTXY,Female,No,64,Yes,Yes,No,No internet service,Two year,Yes,Credit card (automatic),50,94911,566.2,1.1,7.4,No
6341-AEVKX,Female,No,62,Yes,Yes,Fiber optic,Yes,One year,No,Electronic check,38,,379.1,6.9,9.8,No
4501-EQDRN,Female,No,1,Yes,No phone service,Fiber optic,No,Month-to-month,Yes,Bank transfer (automatic),79,116906,477,8.3,4.9,Yes
2990-HWIML,Female,No,6,Yes,No,Fiber optic,No,Month-to-month,Yes,Electronic check,37,52459,490.3,0.9,5.2,Yes
0682-USIXD,Female,No,21,Yes,Yes,Fiber optic,Yes,Month-to-month,Yes,Electronic check,56,31545,746.7,3.8,7.8,No
6976-BWGLQ,Female,No,72,Yes,No,No,No internet service,Two year,No,Bank transfer (automatic),66,84678,740.1,2.9,10,No
7078-NVFAM,Female,No,32,No,No,DSL,No,Month-to-month,Yes,Electronic check,65,60362,0,2.1,8.8,No
8065-QBYTO,Female,No,71,Yes,No phone service,Fiber optic,Yes,One year,Yes,Credit card (automatic),64,130932,365.7,1.1,4.6,No
2133-TSRRM,Female,No,34,Yes,Yes,Fiber optic,No,Month-to-month,No,Bank transfer (automatic),42,49435,550.3,4.1,4.8,No
7384-GHBPI,Male,No,3,No,Yes,DSL,No,Month-to-month,No,Electronic check,58,53829,0,4.9,8.1,Yes
7603-USHJS,Male,No,12,Yes,Yes,Fiber optic,No,Month-to-month,Yes,Credit card (automatic),39,26334,463.1,6.8,7.2,Yes
7234-FECYN,Female,No,8,Yes,Yes,Fiber optic,No,Month-to-month,No,Electronic check,64,94776,412.7,7.3,7.9,Yes
2511-ALLCS,Female,Yes,35,Yes,Yes,No,No internet service,Two year,No,Bank transfer (automatic),36,132296,724.7,1.4,8.9,No
3191-CSNMG,Female,No,3,Yes,No phone service,Fiber optic,No,Month-to-month,Yes,Electronic check,55,138371,25,10.2,7,No
7952-OBOYL,Male,No,3,Yes,No,Fiber optic,Yes,Month-to-month,No,Mailed check,33,44196,334.1,0,6.5,No
7470-DYNOE,Male,No,53,Yes,No phone service,DSL,No,One year,Yes,Electronic check,81,62708,527.7,2.8,5.1,No
7853-OETYL,Female,No,4,No,No,DSL,No,Month-to-month,Yes,Electronic check,18,21800,0,1.5,6.2,No
1545-ACTAS,Female,No,48,Yes,Yes,Fiber optic,No,One year,No,Bank transfer (automatic),27,64342,557,0.8,7.4,No
5876-HZVZM,Female,No,6,Yes,No,DSL,No,Month-to-month,No,Credit card (automatic),52,77612,350.1,2.4,3.9,Yes
1400-MMYXY,Male,No,3,Yes,Yes,Fiber optic,No,Month-to-month,Yes,Electronic check,41,46729,374.4,6,6.7,Yes
5126-RCXYW,Male,No,54,No,Yes,DSL,Yes,Two year,Yes,Credit card (automatic),80,52940,0,0,8.2,No
3085-QUOZK,Female,No,1,Yes,Yes,DSL,No,Month-to-month,Yes,Mailed check,35,46190,350.3,4.9,3.4,Yes
2363-BJLSL,Male,No,62,Yes,No phone service,DSL,Yes,Month-to-month,No,Bank transfer (automatic),52,89975,525.8,2.3,8.9,No
1956-YIFGE,Male,No,22,Yes,No,Fiber optic,No,One year,Yes,Mailed check,54,53528,91.8,3.1,8.3,No
3926-CUQZX,Male,No,1,Yes,No,DSL,No,Month-to-month,Yes,Bank transfer (automatic),35,53518,467.3,9.2,6.5,Yes
7921-LMDFQ,Male,No,51,Yes,Yes,Fiber optic,No,One year,No,Bank transfer (automatic),42,47565,78.5,0.3,5.6,No
2925-MXLSX,Female,No,30,Yes,No,DSL,No,One year,No,Credit card (automatic),37,67873,783.4,1.2,5.8,No
5820-PTRYM,Female,No,56,Yes,No phone service,DSL,Yes,One year,Yes,Credit card (automatic),55,65144,305.6,1.2,9.9,No
9609-BENEA,Male,Yes,35,Yes,No,DSL,Yes,One year,Yes,Electronic check,84,60040,400,0.9,7.9,No
6211-WHMYA,Female,No,64,No,No,DSL,Yes,Month-to-month,Yes,Electronic check,62,67764,0,14.5,7.2,No
4459-BBGHE,Male,No,30,No,Yes,DSL,No,Month-to-month,No,Electronic check,43,81200,0,3.5,9.3,No
9945-PSVIP,Female,No,25,Yes,No,No,No internet service,Two year,No,Mailed check,42,33378,377.7,1.4,7.4,No
1041-RXHRA,Female,No,41,Yes,Yes,Fiber optic,No,Month-to-month,Yes,Bank transfer (automatic),18,53439,626.7,3.8,4.5,Yes
1750-CSKKM,Male,No,9,Yes,Yes,DSL,No,Month-to-month,Yes,Electronic check,24,56543,347.8,10.4,5.2,Yes
9108-EJFJP,Female,No,1,Yes,Yes,DSL,No,Month-to-month,Yes,,57,57262,391.6,4.9,4.8,No
0530-IJVDB,Male,No,70,Yes,No,Fiber optic,Yes,Two year,No,Electronic check,25,46455,788.6,0,8.9,No
0508-SQWPL,Female,No,57,Yes,Yes,No,No internet service,Two year,Yes,Bank transfer (automatic),63,63603,729.3,2.1,8.8,No
2215-ZAFGX,Male,No,9,Yes,No phone service,Fiber optic,No,Month-to-month,No,Electronic check,41,97220,423.8,2.1,6.2,No
8213-TAZPM,Female,No,69,Yes,No phone service,Fiber optic,Yes,One year,No,Bank transfer (automatic),56,49755,672.3,3.1,6.7,No
7142-HVGBG,Male,No,43,Yes,Yes,Fiber optic,No,Month-to-month,Yes,Electronic check,49,43258,621.5,4.7,6.6,Yes
1304-SEGFY,Female,No,,Yes,Yes,Fiber optic,No,Two year,Yes,Electronic check,76,62208,901.1,7,7.4,No
7242-EDTYC,Male,Yes,44,Yes,No phone service,No,No internet service,Two year,Yes,Bank transfer (automatic),18,83391,427.3,0,6.7,No
2904-GGUAZ,Female,Yes,72,Yes,No,Fiber optic,No,Two year,Yes,Bank transfer (automatic),51,31998,574.6,2.3,8.7,No
8267-ZNYVZ,Female,No,33,Yes,No,Fiber optic,Yes,One year,No,Electronic check,64,71873,459.8,4.6,7,Yes
5136-GFPMB,Male,No,54,Yes,No,Fiber optic,No,Month-to-month,No,Credit card (automatic),51,41331,283.7,2,7.7,No
2595-KIWPV,Male,No,27,Yes,No,No,No internet service,Two year,No,Credit card (automatic),30,60007,756.6,0.6,6.2,No
5243-SAOTC,Male,Yes,54,Yes,No,Fiber optic,No,Month-to-month,No,Bank transfer (automatic),39,56146,374.3,4.2,7.2,No
9398-MMQTO,Male,No,3,Yes,Yes,Fiber optic,No,Month-to-month,No,Credit card (automatic),65,121391,211.6,0.2,5.1,No
7619-PLRLP,Female,No,53,Yes,No,DSL,No,One year,No,Bank transfer (automatic),52,129005,540.1,0.4,,No
6457-GIRWB,Male,No,1,Yes,Yes,Fiber optic,No,Month-to-month,No,Electronic check,56,23099,288.5,11.1,6.4,Yes
6508-NJYRO,Male,No,15,Yes,No,No,No internet service,One year,Yes,Mailed check,71,69069,339.7,0,8.5,No
1450-SKCVI,Female,No,56,Yes,Yes,Fiber optic,No,Month-to-month,No,Electronic check,38,85270,821.1,2.8,4,Yes
4710-NKCAW,Male,No,5,Yes,No,DSL,Yes,Month-to-month,No,Credit card (automatic),49,95229,557.6,1.5,6.1,No
5306-BVTKJ,Male,No,48,Yes,No phone service,DSL,No,One year,No,Credit card (automatic),64,34545,542.5,0,6.4,No
0357-NVCRI,Female,Yes,25,Yes,Yes,No,No internet service,Month-to-month,No,Credit card (automatic),63,45328,530.9,4.9,5.7,No
5570-PTWEH,Female,No,,Yes,Yes,Fiber optic,No,Month-to-month,Yes,Credit card (automatic),64,66776,874.3,3.5,3.6,Yes
2371-KFUOG,Male,Yes,58,Yes,No,Fiber optic,No,One year,No,Bank transfer (automatic),18,34496,536.4,1.7,7,No
0463-ZSDNT,Male,No,10,Yes,No,DSL,No,Month-to-month,No,Bank transfer (automatic),40,68075,662.4,2,7.3,No
6502-MJQAE,Male,No,1,Yes,No phone service,Fiber optic,No,Month-to-month,No,Electronic check,47,30137,262,7,6.4,Yes
6257-DTAYD,Male,Yes,71,Yes,No,Fiber optic,Yes,Two year,No,Credit card (automatic),47,71188,598.9,0.9,8.5,No
4616-ULAOA,Female,No,65,Yes,No phone service,Fiber optic,Yes,Two year,No,Credit card (automatic),29,107592,402.6,1.1,8.4,No
7693-LCKZL,Male,No,5,Yes,No,Fiber optic,No,Month-to-month,Yes,Electronic check,43,51677,756.4,2.1,4.4,Yes
7746-AWNQW,Female,Yes,28,No,No,DSL,Yes,Month-to-month,Yes,Mailed check,47,25130,0,4.3,6.7,No
5996-EBTKM,Female,No,67,Yes,No,DSL,Yes,Two year,Yes,Bank transfer (automatic),65,23603,477.3,4,5.7,No
2758-RNWXS,Male,No,35,Yes,Yes,Fiber optic,Yes,One year,Yes,Electronic check,53,26502,486.7,4.4,8.5,No
2314-TNDJQ,Female,No,72,No,No,DSL,Yes,Two year,Yes,Credit card (automatic),43,100985,0,0,6.8,No
2405-LBMUW,Female,No,61,No,No phone service,DSL,Yes,One year,Yes,Bank transfer (automatic),46,109196,0,0.2,8.5,No
3454-JFUBC,Male,No,68,Yes,No,No,No internet service,Two year,Yes,Credit card (automatic),62,23414,609.5,2.7,7.5,No
0032-PGELS,Female,No,1,No,Yes,DSL,No,Month-to-month,No,Bank transfer (automatic),71,50383,0,3.3,6.3,Yes
9039-ZVJDC,Male,No,3,Yes,No,No,No internet service,Month-to-month,Yes,Mailed check,42,43509,458.3,5.8,6.4,No
6797-LNAQX,Male,No,70,Yes,No,Fiber optic,No,Two year,No,Bank transfer (automatic),41,33136,802.1,6.4,4.9,Yes
9013-AQORL,Female,No,48,No,No,DSL,No,Month-to-month,No,Credit card (automatic),47,71427,0,3.7,6.8,No
2898-MRKPI,Male,Yes,68,Yes,Yes,Fiber optic,No,One year,Yes,Credit card (automatic),40,59167,533.8,0.3,6.6,No
2750-BJLSB,Female,No,47,Yes,Yes,Fiber optic,Yes,One year,No,Electronic check,64,46110,452.2,0,7.4,No
3648-GZPHF,Male,No,32,No,No,DSL,Yes,One year,No,Mailed check,36,61441,0,0.6,9.6,No
2075-RMJIK,Female,No,5,Yes,Yes,DSL,No,Month-to-month,Yes,Mailed check,84,55481,572.9,6.9,5.3,No
9588-YRFHY,Male,No,49,Yes,Yes,No,No internet service,Two year,Yes,Credit card (automatic),18,49797,654.5,1.5,7.4,No
6394-MFYNG,Female,No,48,Yes,Yes,Fiber optic,No,Month-to-month,No,Bank transfer (automatic),39,45885,553.2,2.8,4.3,Yes
1564-NTYXF,Female,No,13,Yes,Yes,Fiber optic,No,Month-to-month,Yes,Electronic check,60,113113,674.2,2,6.1,Yes
9364-YKUVW,Male,No,15,Yes,No,No,No internet service,Month-to-month,Yes,Mailed check,72,23097,786.1,0.7,4.2,No
5392-AKEMH,Female,No,12,Yes,Yes,DSL,No,Month-to-month,Yes,Electronic check,51,51254,607.9,7.9,7.8,No
2451-YMUXS,Male,No,67,Yes,No,DSL,Yes,Two year,Yes,Bank transfer (automatic),64,64517,418.4,1.7,9.3,No
3914-FDRHP,Male,No,9,Yes,No phone service,Fiber optic,Yes,Month-to-month,Yes,Electronic check,80,38312,347.2,2.9,6.2,No
3078-ZKNTS,Female,Yes,13,Yes,No,No,No internet service,Two year,Yes,Bank transfer (automatic),80,40862,738.9,0.5,7.9,No
1024-KPRBB,Female,No,38,Yes,Yes,Fiber optic,No,One year,Yes,Mailed check,44,42858,484.7,3,5,No
4690-PKDQG,Female,No,42,Yes,No,Fiber optic,No,Month-to-month,No,Electronic check,42,76201,614.1,1.9,6.9,No
8155-IBNHG,Female,No,24,Yes,No,Fiber optic,No,Month-to-month,Yes,Credit card (automatic),80,54881,670.6,3.8,4,Yes
0886-QGENL,Female,No,27,Yes,No,Fiber optic,No,Month-to-month,Yes,Electronic check,29,36971,520.8,2.6,6.1,Yes
9547-ITEFG,Male,Yes,9,Yes,Yes,Fiber optic,No,Month-to-month,Yes,Credit card (automatic),35,49532,681.2,1.5,4.6,No
1264-FUHCX,Female,No,49,No,Yes,DSL,Yes,One year,No,Credit card (automatic),71,61055,0,,5.1,No
7789-CRUVC,Female,No,61,Yes,No,Fiber optic,Yes,Month-to-month,Yes,Credit card (automatic),39,101459,691.9,1.5,8.8,No
6598-KELSS,Male,No,,No,Yes,DSL,No,One year,Yes,Bank transfer (automatic),46,58564,0,1.1,7.5,No
8739-WWKDU,Male,No,25,Yes,No phone service,Fiber optic,No,Month-to-month,No,Electronic check,41,38898,272.8,11.8,4.5,Yes
8685-WHQPW,Female,No,22,Yes,Yes,Fiber optic,No,Month-to-month,No,Bank transfer (automatic),45,28100,517.9,4.6,6.7,Yes
4745-LSPLO,Male,No,1,Yes,No phone service,No,No internet service,Month-to-month,Yes,Mailed check,32,46899,296.7,3.3,4.4,Yes
8083-YTZES,Male,Yes,4,Yes,Yes,Fiber optic,No,Month-to-month,Yes,Electronic check,42,156189,476.9,3,6.3,Yes
7240-FQLHE,Female,Yes,18,Yes,No,Fiber optic,Yes,Month-to-month,No,Bank transfer (automatic),67,29530,613,4.7,7.8,Yes
6664-FPDAC,Female,No,56,Yes,Yes,Fiber optic,Yes,One year,Yes,Electronic check,31,37222,623.5,2.5,8.4,Yes
9972-VAFJJ,Female,No,53,Yes,Yes,Fiber optic,Yes,One year,No,Electronic check,63,84381,356.8,2.9,,No
0422-UXFAP,Female,No,51,Yes,No,Fiber optic,No,One year,Yes,Electronic check,57,57709,544.4,0.4,7.2,No
1904-WAJAA,Female,No,24,Yes,Yes,DSL,No,Two year,No,Electronic check,66,32535,734.8,3.7,8.7,No
5130-YPIRV,Female,No,62,Yes,Yes,DSL,No,Two year,No,Credit card (automatic),33,43652,367,0.9,8.4,No
2843-CQMEG,Male,Yes,24,Yes,No,DSL,No,Month-to-month,Yes,Mailed check,30,92039,315.6,1.5,6.1,No
6439-PKTRR,Female,No,70,Yes,No,DSL,Yes,Two year,Yes,Electronic check,26,39947,939.1,0.3,8.3,No
5351-QESIO,Male,No,,No,No phone service,DSL,No,Month-to-month,No,Mailed check,34,27024,0,2.8,8.2,No
0786-VSSUD,Male,No,16,No,No,DSL,No,Month-to-month,No,Mailed check,31,65596,0,1.8,6.5,Yes
5568-DMXZS,Female,No,8,Yes,No,DSL,Yes,Month-to-month,Yes,Electronic check,53,28565,434.1,1.2,6.7,No
8468-FZTOE,Female,No,72,Yes,Yes,DSL,Yes,Two year,No,Electronic check,35,76954,369,1.5,7.5,No
6633-SYEUS,Female,No,23,Yes,No,Fiber optic,Yes,Month-to-month,Yes,Bank transfer (automatic),44,112030,674.5,3.5,7.5,No
6447-GORXK,Male,No,31,No,No,DSL,No,Month-to-month,Yes,Credit card (automatic),49,46104,0,0,7.2,No
6967-PEJLL,Male,No,37,No,Yes,DSL,Yes,One year,Yes,Electronic check,43,29477,0,6.3,9.5,No
3976-BWUCK,Female,No,30,Yes,No,Fiber optic,Yes,Month-to-month,No,Credit card (automatic),52,86084,140.9,3,6.8,Yes
5981-ZVXOT,Female,No,35,Yes,Yes,Fiber optic,No,One year,No,Electronic check,36,45731,684.1,5.2,7.3,No
1684-FLBGS,Female,No,23,Yes,Yes,DSL,Yes,Month-to-month,No,Credit card (automatic),64,65523,674.9,2.2,8.2,No
1389-WNUIB,Female,No,20,Yes,Yes,DSL,No,One year,Yes,Bank transfer (automatic),65,42756,697.4,0.5,7.6,No
0376-OIWME,Male,No,36,Yes,Yes,Fiber optic,No,Month-to-month,Yes,Electronic check,54,51068,573.4,8,7.7,No
3585-ISXZP,Female,No,,Yes,No,Fiber optic,No,Month-to-month,Yes,Bank transfer (automatic),30,68428,441.9,4,3,Yes
0218-QNVAS,Male,No,71,Yes,No,Fiber optic,No,One year,Yes,Bank transfer (automatic),43,52473,599.7,0,6.9,No
6583-QGCSI,Female,No,,Yes,No,Fiber optic,No,Month-to-month,No,Electronic check,30,54802,669.4,4.4,,Yes
0804-YGEQV,Female,No,43,Yes,Yes,No,No internet service,One year,Yes,Bank transfer (automatic),55,92733,526.3,0.5,7.6,No
7164-BPTUT,Male,No,57,Yes,Yes,DSL,Yes,Two year,Yes,,18,63716,574.4,2.4,6.7,No
4174-LPGTI,Female,No,41,Yes,No phone service,DSL,Yes,One year,Yes,Bank transfer (automatic),33,38419,643.3,1.1,6.7,Yes
2523-EWWZL,Female,No,27,Yes,No,Fiber optic,No,Month-to-month,Yes,Electronic check,33,31385,333.7,1.4,7,No
0928-XUTSN,Female,No,13,Yes,Yes,Fiber optic,No,Month-to-month,No,Electronic check,28,51918,273,8.1,6.4,No
2108-XWMPY,Male,No,3,No,No,DSL,No,Month-to-month,Yes,,62,47775,0,8.9,7.7,Yes
0052-YNYOT,Female,No,67,Yes,Yes,No,No internet service,One year,Yes,Electronic check,41,58949,558.4,0.7,5.9,No
6304-IJFSQ,Male,No,3,Yes,No,DSL,No,Month-to-month,No,Mailed check,38,53129,386.8,5.8,4.8,Yes
9586-JGQKH,Female,No,64,Yes,No,Fiber optic,Yes,Two year,Yes,Bank transfer (automatic),28,44899,675,0.8,8.3,No
4501-VCPFK,Male,Yes,26,No,No,DSL,Yes,Month-to-month,No,Electronic check,56,36027,0,7.8,7.6,No
6075-SLNIL,Male,Yes,38,Yes,No,Fiber optic,No,Month-to-month,Yes,Credit card (automatic),18,46117,640.2,3.5,6.2,No
9347-AERRL,Male,No,23,Yes,No phone service,No,No internet service,One year,Yes,Credit card (automatic),31,65815,422.9,2.1,5.2,No
0093-XWZFY,Male,No,40,Yes,No,Fiber optic,No,Month-to-month,No,Credit card (automatic),28,88991,796.7,4.8,4.3,Yes
2274-XUATA,Male,No,72,No,No,DSL,Yes,Two year,Yes,Bank transfer (automatic),40,46164,0,2.4,9.3,No
1980-KXVPM,Female,No,3,Yes,No,Fiber optic,No,Month-to-month,Yes,Credit card (automatic),33,86456,,3.1,5.7,Yes
7703-ZEKEF,Male,No,23,Yes,Yes,Fiber optic,No,Month-to-month,Yes,Electronic check,57,40462,460.4,5.1,4.8,Yes
0723-DRCLG,Female,No,1,Yes,No,Fiber optic,No,Month-to-month,Yes,Electronic check,44,86229,481.9,2.4,7.6,Yes
5482-NUPNA,Female,No,4,Yes,No,DSL,Yes,Month-to-month,Yes,Mailed check,21,79137,241.1,5,6.6,Yes
6691-CCIHA,Female,No,62,Yes,No,DSL,Yes,Two year,No,Electronic check,23,52650,729.3,0.4,10,No
1685-BQULA,Female,No,40,Yes,No,Fiber optic,No,Month-to-month,No,Bank transfer (automatic),42,105270,672.1,0.6,5.8,No
9053-EJUNL,Male,No,41,Yes,Yes,Fiber optic,No,Month-to-month,No,Electronic check,48,81081,314.5,5.9,6.5,No
0666-UXTJO,Male,No,34,Yes,Yes,Fiber optic,No,Month-to-month,Yes,Credit card (automatic),48,39490,507.7,2.2,5.2,No
1471-GIQKQ,Female,No,1,Yes,No,DSL,No,Month-to-month,Yes,Electronic check,36,35596,303.2,4.3,6.1,No
4807-IZYOZ,Female,No,51,Yes,Yes,No,No internet service,Two year,Yes,Bank transfer (automatic),61,69244,308.5,0.6,5,No
1122-JWTJW,Male,No,1,Yes,Yes,Fiber optic,No,Month-to-month,No,Mailed check,65,62271,676.7,3,5.4,Yes
9710-NJERN,Female,No,39,Yes,No,No,No internet service,Two year,Yes,Mailed check,53,54022,301.9,0.5,8.6,No
9837-FWLCH,Male,Yes,12,Yes,No,No,No internet service,Month-to-month,Yes,Electronic check,48,54751,669.7,2.4,6.3,No
1699-HPSBG,Male,No,,Yes,No,DSL,Yes,One year,Yes,Electronic check,25,47029,158,3.4,7.4,Yes
7203-OYKCT,Male,No,72,Yes,No,Fiber optic,No,One year,No,Electronic check,39,33994,565.1,0.9,6.2,No
1035-IPQPU,Female,No,63,Yes,No,Fiber optic,No,Month-to-month,Yes,Electronic check,61,48196,1017.3,5,7.4,No
7398-LXGYX,Male,No,44,Yes,Yes,Fiber optic,No,Month-to-month,Yes,Credit card (automatic),36,48157,628.8,2,6.6,No
2823-LKABH,Female,No,18,Yes,No,Fiber optic,Yes,Month-to-month,Yes,Bank transfer (automatic),52,63233,699.2,1.5,6.4,No
8775-CEBBJ,Female,No,9,Yes,No,DSL,No,Month-to-month,No,Bank transfer (automatic),64,67150,356.6,4.1,5.9,Yes
0550-DCXLH,Male,No,13,Yes,No phone service,DSL,Yes,Month-to-month,Yes,Mailed check,41,30822,540.9,1.1,7,No
9281-CEDRU,Female,No,68,Yes,No,DSL,Yes,Two year,No,,75,67391,590.3,1.3,8.1,No
2235-DWLJU,Female,No,6,No,No,DSL,No,Month-to-month,No,Electronic check,56,46649,0,8.9,7.8,No
0871-OPBXW,Female,No,2,Yes,Yes,No,No internet service,Month-to-month,Yes,Mailed check,64,36164,425.9,3,8.8,No
3605-JISKB,Male,No,55,Yes,No,DSL,No,One year,Yes,Credit card (automatic),45,25802,457.6,1.5,5.9,No
6894-LFHLY,Male,Yes,1,Yes,Yes,Fiber optic,No,Month-to-month,Yes,Electronic check,35,156234,534.4,3.9,5.6,Yes
9767-FFLEM,Male,No,38,Yes,No,Fiber optic,No,Month-to-month,No,Credit card (automatic),58,54877,300.8,1.2,8,No
0639-TSIQW,Female,No,67,Yes,No,Fiber optic,No,Month-to-month,No,Credit card (automatic),53,52558,416.9,5.4,8.7,Yes
8456-QDAVC,Male,No,19,Yes,No,Fiber optic,No,Month-to-month,Yes,Bank transfer (automatic),78,39648,452.8,2.5,6.9,No
7750-EYXWZ,Female,No,12,No,No,DSL,Yes,One year,Yes,Electronic check,48,37195,0,13.1,8.3,No
2569-WGERO,Female,Yes,72,Yes,No,No,No internet service,Two year,No,Bank transfer (automatic),59,47901,452.9,0.2,7.5,No
6840-RESVB,Male,No,24,Yes,No,DSL,Yes,One year,No,Mailed check,72,33447,332.9,0.1,9.1,No
2234-XADUH,Female,No,72,Yes,No,Fiber optic,No,One year,Yes,Credit card (automatic),46,58274,688.3,1.6,7,No
4801-JZAZL,Female,No,11,No,Yes,DSL,No,Month-to-month,Yes,Electronic check,46,47462,0,4.6,6.4,No
8361-LTMKD,Male,Yes,4,Yes,Yes,Fiber optic,No,Month-to-month,Yes,Mailed check,40,71378,550.2,6.7,5.7,Yes
3186-AJIEK,Male,No,66,Yes,Yes,Fiber optic,Yes,Two year,Yes,Bank transfer (automatic),58,34922,455.3,2,6.5,No
